-- =====================================================
-- 墨韵·智库 - 读书空间 & 面试空间 测试数据
-- 版本: v1.0
-- 日期: 2026-06-22
-- 说明: 可重复执行，先清理旧测试数据再插入
-- =====================================================

-- 安全关闭外键检查
SET @OLD_FOREIGN_KEY_CHECKS=@@FOREIGN_KEY_CHECKS;
SET FOREIGN_KEY_CHECKS=0;

-- =====================================================
-- 一、读书空间 - 清理旧数据
-- =====================================================
DELETE FROM `portal_book_list_item`      WHERE `book_list_id` IN (SELECT `id` FROM `portal_book_list` WHERE `id` BETWEEN 1 AND 100);
DELETE FROM `portal_book_quote`          WHERE `id` BETWEEN 1 AND 100;
DELETE FROM `portal_book_list`           WHERE `id` BETWEEN 1 AND 100;
DELETE FROM `portal_book`                 WHERE `id` BETWEEN 1 AND 100;
DELETE FROM `portal_reading_progress`    WHERE `id` BETWEEN 1 AND 100;

-- 重置自增ID
ALTER TABLE `portal_book`               AUTO_INCREMENT = 1;
ALTER TABLE `portal_book_list`          AUTO_INCREMENT = 1;
ALTER TABLE `portal_book_list_item`     AUTO_INCREMENT = 1;
ALTER TABLE `portal_book_quote`         AUTO_INCREMENT = 1;
ALTER TABLE `portal_reading_progress`  AUTO_INCREMENT = 1;

-- =====================================================
-- 二、读书空间 - 书籍数据（15本）
-- =====================================================
INSERT INTO `portal_book` (`id`, `title`, `author`, `cover`, `description`, `isbn`, `publisher`, `publish_date`, `page_count`, `category_id`, `tags`, `rating`, `reading_count`, `status`, `access_level`, `is_featured`, `is_recommended`, `summary`, `author_bio`) VALUES
(1, '代码整洁之道', 'Robert C. Martin',
 'https://images.unsplash.com/photo-1461749280684-dccba630e2f6?w=400&h=600&fit=crop',
 '本书是软件工程领域的经典著作，阐述如何编写整洁、可维护的代码。作者从命名、函数、注释、格式等多个维度，给出了一系列实用的编码规范和最佳实践。',
 '9787115216872', '人民邮电出版社', '2010-01-01', 350, 1, '编程,代码质量,软件工程', 4.80, 1520, 'active', 'free', 1, 1,
 '软件工程经典著作，讲解如何写出整洁、可维护的代码。',
 'Robert C. Martin（鲍勃大叔），Object Mentor 公司创始人，软件工程领域知名顾问，敏捷宣言起草人之一。'),

(2, '深入理解计算机系统', 'Randal E. Bryant',
 'https://images.unsplash.com/photo-1517694712202-14dd9538aa97?w=400&h=600&fit=crop',
 '本书从程序员视角深入解析计算机系统工作原理，涵盖数据表示、程序结构、存储器层次、链接、异常控制流、虚拟内存、系统级 I/O、网络与并发编程等核心主题。',
 '9787111544937', '机械工业出版社', '2016-11-01', 719, 1, '计算机系统,操作系统,编程基础', 4.90, 2340, 'active', 'free', 1, 1,
 '从程序员视角解析计算机系统，是程序员的"内功心法"。',
 'Randal E. Bryant，卡内基梅隆大学计算机科学学院院长，IEEE Fellow，ACM Fellow。'),

(3, '活着', '余华',
 'https://images.unsplash.com/photo-1495446815901-a7297e633e8d?w=400&h=600&fit=crop',
 '讲述了福贵一生的悲欢故事，从地主少爷到贫农，历经家国变迁与亲人离散，却始终坚韧地活着。作品以平实笔触揭示生命的本质与意义。',
 '9787506365437', '作家出版社', '2012-08-01', 191, 3, '文学,小说,经典', 4.70, 5680, 'active', 'free', 1, 1,
 '余华代表作，讲述福贵一生的悲欢离合，深刻反映人生苦难与希望。',
 '余华，中国当代著名作家，代表作有《活着》《许三观卖血记》《兄弟》等，曾获意大利格林扎纳·卡佛文学奖。'),

(4, '人类简史', '尤瓦尔·赫拉利',
 'https://images.unsplash.com/photo-1481627834876-b7833e8f5570?w=400&h=600&fit=crop',
 '从认知革命到科学革命，讲述人类从一种普通动物成为地球主宰的宏大历史。作者以全新视角审视人类文明，引发对未来的深刻思考。',
 '9787508647357', '中信出版社', '2014-11-01', 414, 4, '历史,人文,社科', 4.60, 4230, 'active', 'free', 1, 1,
 '从认知革命到科学革命，讲述人类演化与文明发展的宏大历史。',
 '尤瓦尔·赫拉利，以色列历史学家，耶路撒冷希伯来大学历史系教授，全球知名公共知识分子。'),

(5, '设计模式：可复用面向对象软件的基础', 'Erich Gamma',
 'https://images.unsplash.com/photo-1498050108023-c5249f4df085?w=400&h=600&fit=crop',
 '经典设计模式著作，收录 23 种设计模式，是面向对象软件设计的圣经级参考书，由 GoF（四人帮）合著。',
 '9787111075752', '机械工业出版社', '2000-09-01', 395, 1, '设计模式,软件工程,面向对象', 4.50, 2890, 'active', 'free', 0, 1,
 'GoF 经典之作，收录 23 种设计模式，面向对象设计的必读参考。',
 'Erich Gamma，瑞士苏黎世联邦理工学院博士，Eclipse 项目核心开发者，JUnit 作者之一。'),

(6, 'Java 编程思想', 'Bruce Eckel',
 'https://images.unsplash.com/photo-1526374965328-7f61d4dc18c5?w=400&h=600&fit=crop',
 'Java 编程经典著作，全面介绍 Java 语言特性、面向对象编程思想、并发编程、设计模式等内容，适合有一定基础的程序员深入阅读。',
 '9787111558422', '机械工业出版社', '2019-01-01', 880, 1, 'Java,编程,面向对象', 4.60, 3120, 'active', 'free', 1, 1,
 'Java 程序员的必读经典，全面讲解 Java 语言与面向对象思想。',
 'Bruce Eckel，MindView 公司创始人，著有《Java 编程思想》《C++ 编程思想》等经典技术书籍。'),

(7, '深入浅出 MySQL', '翟振兴',
 'https://images.unsplash.com/photo-1544383835-254be186d4b1?w=400&h=600&fit=crop',
 '全面介绍 MySQL 数据库的基础知识、开发技巧、优化方法和运维管理，是 MySQL 开发者和管理员的实用参考书。',
 '9787115419390', '人民邮电出版社', '2017-09-01', 620, 1, 'MySQL,数据库,运维', 4.40, 1560, 'active', 'free', 0, 0,
 'MySQL 开发与运维实用指南，涵盖基础、优化、管理全流程。',
 '翟振兴，资深数据库专家，长期从事 MySQL 数据库的开发与运维工作。'),

(8, 'Redis 设计与实现', '黄健宏',
 'https://images.unsplash.com/photo-1633356122544-f134324a6cee?w=400&h=600&fit=crop',
 '深入剖析 Redis 底层数据结构与实现原理，涵盖字符串、列表、哈希、集合、有序集合等核心数据结构，以及持久化、事务、发布订阅等功能。',
 '9787111464747', '机械工业出版社', '2014-06-01', 410, 1, 'Redis,缓存,数据库', 4.70, 2340, 'active', 'free', 1, 1,
 '深入剖析 Redis 底层数据结构与实现原理，Redis 进阶必读。',
 '黄健宏，Redis 深度研究者，翻译了 Redis 官方文档，对 Redis 源码有深入研究。'),

(9, 'Spring 实战', 'Craig Walls',
 'https://images.unsplash.com/photo-1517842645767-c639042777db?w=400&h=600&fit=crop',
 '系统介绍 Spring 框架的核心概念和实战应用，涵盖依赖注入、AOP、数据访问、Web 开发、消息、安全等主题，是 Spring 入门与进阶的经典读物。',
 '9787115574670', '人民邮电出版社', '2022-03-01', 420, 1, 'Spring,Java,框架', 4.50, 1890, 'active', 'free', 0, 1,
 'Spring 框架入门与进阶经典，系统讲解 Spring 核心特性与实战应用。',
 'Craig Walls，Spring 资深开发者，Pivotal 公司工程师，知名技术作者。'),

(10, '算法导论', 'Thomas H. Cormen',
 'https://images.unsplash.com/photo-1551288049-bebda4e38f71?w=400&h=600&fit=crop',
 '算法领域权威教材，全面介绍算法设计与分析，涵盖排序、数据结构、图算法、动态规划、贪心算法、字符串匹配等核心主题，是计算机科学必备参考书。',
 '9787111407010', '机械工业出版社', '2013-01-01', 1292, 1, '算法,数据结构,计算机科学', 4.80, 4560, 'active', 'vip', 1, 1,
 '算法领域权威教材，全面介绍算法设计与分析，计算机科学必备。',
 'Thomas H. Cormen，达特茅斯学院计算机科学系教授，曾任达特茅斯学院计算机科学系主任。'),

(11, '百年孤独', '加西亚·马尔克斯',
 'https://images.unsplash.com/photo-1481627834876-b7833e8f5570?w=400&h=600&fit=crop',
 '魔幻现实主义文学经典，讲述布恩迪亚家族七代人的传奇故事，展现拉丁美洲百年兴衰史。作品融合现实与魔幻，是 20 世纪最重要的小说之一。',
 '9787544253994', '南海出版公司', '2011-06-01', 360, 3, '文学,小说,魔幻现实主义', 4.80, 6780, 'active', 'free', 1, 1,
 '魔幻现实主义文学经典，布恩迪亚家族七代人的传奇故事。',
 '加西亚·马尔克斯，哥伦比亚作家、记者，1982 年诺贝尔文学奖得主，魔幻现实主义文学代表人物。'),

(12, '深入理解 Java 虚拟机', '周志明',
 'https://images.unsplash.com/photo-1555066931-4365d14bab2c?w=400&h=600&fit=crop',
 '全面深入讲解 JVM 原理，涵盖内存管理、垃圾收集、类加载、字节码、并发、性能调优等核心主题，是 Java 工程师进阶必读经典。',
 '9787111649870', '机械工业出版社', '2019-12-01', 580, 1, 'JVM,Java,虚拟机', 4.90, 3890, 'active', 'vip', 1, 1,
 'JVM 原理深度解析，Java 工程师进阶必读经典。',
 '周志明，资深 Java 技术专家，著有《深入理解 Java 虚拟机》《凤凰架构》等技术畅销书。'),

(13, '围城', '钱钟书',
 'https://images.unsplash.com/photo-1495446815901-a7297e633e8d?w=400&h=600&fit=crop',
 '中国现代文学经典，以幽默讽刺的笔调描写知识分子方鸿渐的人生际遇，深刻揭示人性的弱点与时代的困境，被誉为"新儒林外史"。',
 '9787020024759', '人民文学出版社', '1991-02-01', 359, 3, '文学,小说,经典', 4.70, 4120, 'active', 'free', 0, 1,
 '钱钟书代表作，幽默讽刺的现代文学经典，揭示人性弱点与时代困境。',
 '钱钟书，中国现代著名作家、文学研究家，著有《围城》《管锥编》《谈艺录》等。'),

(14, '重构：改善既有代码的设计', 'Martin Fowler',
 'https://images.unsplash.com/photo-1542831371-29b0f74f9713?w=400&h=600&fit=crop',
 '软件工程经典著作，系统介绍代码重构的方法与实践，涵盖各种重构手法、代码坏味道识别、测试驱动等内容，是提升代码质量的必读参考。',
 '9787115511955', '人民邮电出版社', '2019-04-01', 432, 1, '重构,代码质量,软件工程', 4.70, 2340, 'active', 'free', 1, 1,
 '代码重构经典著作，系统介绍重构方法与实践，提升代码质量必读。',
 'Martin Fowler，ThoughtWorks 首席科学家，软件工程领域知名作者，著有《重构》《企业应用架构模式》等。'),

(15, '三体', '刘慈欣',
 'https://images.unsplash.com/photo-1532012197267-da84d127e7c5?w=400&h=600&fit=crop',
 '中国科幻文学里程碑之作，讲述地球文明与三体文明的接触与对抗，涵盖"地球往事"三部曲，展现宏大的宇宙观与深刻的哲学思考。',
 '9787536692930', '重庆出版社', '2008-01-01', 302, 3, '科幻,小说,宇宙', 4.80, 8900, 'active', 'free', 1, 1,
 '中国科幻文学里程碑之作，地球文明与三体文明的宏大叙事。',
 '刘慈欣，中国著名科幻作家，代表作"地球往事"三部曲（《三体》《黑暗森林》《死神永生》），2015 年雨果奖得主。');

-- =====================================================
-- 三、读书空间 - 书单数据（5个）
-- =====================================================
INSERT INTO `portal_book_list` (`id`, `title`, `description`, `cover`, `user_id`, `category_id`, `is_public`, `book_count`, `view_count`, `like_count`, `status`, `is_featured`, `access_level`, `tags`) VALUES
(1, '程序员必读书单', '精选编程领域的经典著作，从代码质量到系统设计，助你构建扎实的技术功底。',
 'https://images.unsplash.com/photo-1512820790803-83ca734da794?w=400&h=300&fit=crop', 1, 1, 1, 5, 1250, 234, 'active', 1, 'free', '编程,技术,经典'),
(2, '经典文学作品', '经典文学著作合集，感受文字的力量与思想的深度。',
 'https://images.unsplash.com/photo-1476275466078-4007374efbbe?w=400&h=300&fit=crop', 1, 3, 1, 4, 890, 156, 'active', 1, 'free', '文学,小说,经典'),
(3, 'Java 工程师进阶书单', '从基础到进阶，全面覆盖 Java 工程师成长路径，包含语言、JVM、框架、数据库等核心技能。',
 'https://images.unsplash.com/photo-1517694712202-14dd9538aa97?w=400&h=300&fit=crop', 1, 1, 1, 4, 680, 198, 'active', 1, 'free', 'Java,进阶,后端'),
(4, '科幻小说精选', '探索宇宙与未来的想象之旅，感受科幻文学的魅力。',
 'https://images.unsplash.com/photo-1532012197267-da84d127e7c5?w=400&h=300&fit=crop', 1, 3, 1, 2, 560, 178, 'active', 0, 'free', '科幻,小说,想象'),
(5, '数据库与缓存实战', '数据库与缓存技术实战书单，涵盖 MySQL、Redis 等核心存储技术。',
 'https://images.unsplash.com/photo-1544383835-254be186d4b1?w=400&h=300&fit=crop', 1, 1, 1, 2, 420, 134, 'active', 0, 'vip', '数据库,Redis,MySQL');

-- 书单-书籍关联
INSERT INTO `portal_book_list_item` (`book_list_id`, `book_id`, `sort`, `note`) VALUES
-- 书单1：程序员必读
(1, 1, 1, '代码质量的基石，必读经典'),
(1, 2, 2, '深入理解计算机底层'),
(1, 5, 3, '设计模式必备'),
(1, 14, 4, '重构改善代码设计'),
(1, 10, 5, '算法是程序员的内功'),
-- 书单2：经典文学
(2, 3, 1, '余华代表作，生命的重量'),
(2, 11, 2, '魔幻现实主义巅峰'),
(2, 13, 3, '钱钟书的讽刺艺术'),
(2, 4, 4, '人类文明的宏大叙事'),
-- 书单3：Java 进阶
(3, 6, 1, 'Java 编程思想，打牢基础'),
(3, 12, 2, 'JVM 原理深度解析'),
(3, 9, 3, 'Spring 框架实战'),
(3, 7, 4, 'MySQL 深入浅出'),
-- 书单4：科幻精选
(4, 15, 1, '中国科幻里程碑'),
(4, 11, 2, '魔幻现实主义经典'),
-- 书单5：数据库与缓存
(5, 7, 1, 'MySQL 实战指南'),
(5, 8, 2, 'Redis 底层原理');

-- =====================================================
-- 四、读书空间 - 金句数据（10条）
-- =====================================================
INSERT INTO `portal_book_quote` (`id`, `user_id`, `book_id`, `content`, `page`, `chapter`, `like_count`, `is_public`, `is_featured`, `location`) VALUES
(1,  1, 1,  '代码是写给人看的，顺便给机器执行。', '第15页', '第一章 有意义的命名', 156, 1, 1, '第一章'),
(2,  1, 3,  '人是为活着本身而活着的，而不是为了活着之外的任何事物所活着。', '第50页', '第一章', 423, 1, 1, '第一章'),
(3,  1, 4,  '我们之所以研究历史，不是为了知道未来，而是为了拓展自己的视野。', '第30页', '认知革命', 289, 1, 1, '第一章 认知革命'),
(4,  1, 11, '多年以后，奥雷里亚诺·布恩迪亚上校面对行刑队，将会回想起父亲带他去见识冰块的那个遥远的下午。', '第1页', '开篇', 567, 1, 1, '开篇'),
(5,  1, 10, '算法是计算机科学的核心，它告诉我们如何高效地解决问题。', '第5页', '前言', 234, 1, 0, '前言'),
(6,  1, 14, '任何傻瓜都能写出计算机能理解的代码，但优秀的程序员能写出人类能理解的代码。', '第20页', '第一章', 345, 1, 1, '第一章'),
(7,  1, 13, '城外的人想冲进去，城里的人想逃出来。', '第80页', '第三章', 678, 1, 1, '第三章'),
(8,  1, 2,  '信息就是位加上上下文。', '第25页', '第一章', 198, 1, 0, '第一章'),
(9,  1, 15, '弱小和无知不是生存的障碍，傲慢才是。', '第120页', '黑暗森林', 892, 1, 1, '第二部 黑暗森林'),
(10, 1, 8,  '简单是可靠的先决条件。', '第45页', '第一章', 167, 1, 0, '第一章');

-- =====================================================
-- 五、读书空间 - 阅读进度数据（模拟用户1的阅读记录）
-- =====================================================
INSERT INTO `portal_reading_progress` (`user_id`, `book_id`, `status`, `progress`, `pages_read`, `start_date`, `finish_date`, `note`) VALUES
(1, 1,  'finished',  100, 350, '2026-05-01', '2026-05-15', '经典之作，受益匪浅。命名、函数、注释这些看似细节的东西，其实决定了代码的可维护性。'),
(1, 2,  'reading',    45, 324, '2026-06-01', NULL,         '正在啃，内容很硬核，需要反复理解。'),
(1, 3,  'finished',  100, 191, '2026-04-10', '2026-04-15', '读完久久不能平静，福贵的一生让人唏嘘。活着本身就是意义。'),
(1, 4,  'finished',  100, 414, '2026-03-20', '2026-04-05', '视角宏大，重新审视了人类文明的发展。'),
(1, 8,  'want_to_read', 0,  0,   NULL,         NULL,         NULL),
(1, 11, 'reading',    30, 108, '2026-06-10', NULL,         '魔幻现实主义，人名太多有点绕，但文笔迷人。'),
(1, 12, 'want_to_read', 0,  0,   NULL,         NULL,         NULL),
(1, 15, 'finished',  100, 302, '2026-02-15', '2026-02-25', '震撼！黑暗森林法则和降维打击的想象力令人叹为观止。');

-- =====================================================
-- 六、面试空间 - 清理旧数据
-- =====================================================
DELETE FROM `portal_interview_question`     WHERE `id` BETWEEN 1 AND 100;
DELETE FROM `portal_interview_experience`    WHERE `id` BETWEEN 1 AND 100;
DELETE FROM `portal_interview_resume_template` WHERE `id` BETWEEN 1 AND 100;
DELETE FROM `portal_interview_submission`    WHERE `id` BETWEEN 1 AND 100;
DELETE FROM `portal_interview_bookmark`     WHERE `id` BETWEEN 1 AND 100;
DELETE FROM `portal_interview_attempt`      WHERE `id` BETWEEN 1 AND 100;
DELETE FROM `portal_interview_comment`       WHERE `id` BETWEEN 1 AND 100;

-- 重置自增ID
ALTER TABLE `portal_interview_question`         AUTO_INCREMENT = 1;
ALTER TABLE `portal_interview_experience`      AUTO_INCREMENT = 1;
ALTER TABLE `portal_interview_resume_template` AUTO_INCREMENT = 1;
ALTER TABLE `portal_interview_submission`      AUTO_INCREMENT = 1;
ALTER TABLE `portal_interview_bookmark`        AUTO_INCREMENT = 1;
ALTER TABLE `portal_interview_attempt`         AUTO_INCREMENT = 1;
ALTER TABLE `portal_interview_comment`         AUTO_INCREMENT = 1;

-- =====================================================
-- 七、面试空间 - 题目数据（20道，覆盖各分类各难度）
-- 分类：1=Java后端 2=Go 3=前端 4=数据库 5=系统设计 6=网络 7=算法 8=安全
-- =====================================================
INSERT INTO `portal_interview_question` (`id`, `title`, `description`, `difficulty`, `category_id`, `tags`, `companies`, `acceptance_rate`, `submission_count`, `like_count`, `hint`, `solution`, `sort`, `status`) VALUES
-- 算法题
(1, '两数之和',
 '给定一个整数数组 nums 和一个整数目标值 target，请你在该数组中找出和为目标值的那两个整数，并返回它们的数组下标。你可以假设每种输入只会对应一个答案。示例：输入 nums = [2,7,11,15], target = 9，输出 [0,1]。',
 'easy', 7, '数组,哈希表,高频题', '字节跳动,阿里巴巴,腾讯,美团', 65.50, 12500, 2580,
 '可以使用哈希表降低时间复杂度至 O(n)',
 '使用哈希表存储已访问数字及其索引，遍历时查找 target - nums[i] 是否在哈希表中。时间复杂度 O(n)，空间复杂度 O(n)。',
 1, 'active'),

(2, '最长无重复字符子串',
 '给定一个字符串 s，请你找出其中不含有重复字符的最长子串的长度。示例：输入 s = "abcabcbb"，输出 3（"abc"）。',
 'medium', 7, '字符串,滑动窗口,经典题', '字节跳动,阿里巴巴', 48.20, 8900, 1680,
 '使用滑动窗口维护当前无重复子串',
 '使用滑动窗口，用哈希表记录字符最后出现位置。右指针扩展窗口，遇到重复字符时左指针跳到重复字符下一位。时间复杂度 O(n)。',
 2, 'active'),

(3, 'LRU 缓存机制',
 '请你设计并实现一个满足 LRU（最近最少使用）缓存约束的数据结构。实现 LRUCache 类：LRUCache(int capacity) 初始化；int get(int key) 获取值；void put(int key, int value) 更新或插入。',
 'medium', 7, '设计,哈希表,双向链表', '字节跳动,腾讯,美团', 35.80, 6500, 1250,
 '需要 O(1) 时间复杂度的 get 和 put 操作',
 '使用哈希表 + 双向链表。哈希表存储 key 到节点的映射，双向链表维护访问顺序。访问时移到链表头部，淘汰时删除尾部。时间复杂度 O(1)。',
 3, 'active'),

(4, '二叉树的前序遍历',
 '给你二叉树的根节点 root，返回它节点值的前序遍历。',
 'easy', 7, '二叉树,树,递归,迭代', '阿里巴巴,腾讯', 72.30, 4500, 890,
 '可以使用递归或迭代方式',
 '递归法：根-左-右。迭代法：使用栈，先压右子节点再压左子节点。时间复杂度 O(n)。',
 4, 'active'),

-- Java 后端题
(5, 'HashMap 的底层实现原理',
 '请详细描述 Java 中 HashMap 的底层实现原理，包括数据结构、扩容机制、哈希冲突处理等。',
 'medium', 1, 'Java,集合,HashMap,八股文', '阿里巴巴,字节跳动,腾讯,美团', 55.30, 8200, 1890,
 '从 JDK 1.7 和 JDK 1.8 的区别入手',
 'JDK 1.8 中 HashMap 采用数组 + 链表/红黑树。数组长度为 2 的幂次，通过 hash & (n-1) 定位桶。链表长度 >= 8 且数组长度 >= 64 时转红黑树。扩容因子 0.75，扩容为 2 倍。',
 5, 'active'),

(6, 'synchronized 和 ReentrantLock 的区别',
 '请比较 synchronized 关键字与 ReentrantLock 的异同，并说明各自的使用场景。',
 'medium', 1, 'Java,并发,锁,高频题', '阿里巴巴,字节跳动,腾讯', 62.10, 6800, 1450,
 '从锁的实现、特性、性能三个维度比较',
 'synchronized 是 JVM 层面的关键字，自动释放锁；ReentrantLock 是 API 层面的类，需手动 unlock。ReentrantLock 支持公平锁、可中断、多条件变量、超时获取。性能上 JDK 1.6 后 synchronized 优化后差距不大。',
 6, 'active'),

(7, 'JVM 垃圾回收机制',
 '请描述 JVM 的垃圾回收机制，包括如何判断对象存活、GC 算法、常见垃圾收集器等。',
 'hard', 1, 'JVM,GC,垃圾回收,八股文', '阿里巴巴,字节跳动,美团,百度', 42.50, 5600, 1230,
 '从"判断存活-回收算法-收集器"三个层次回答',
 '判断存活：可达性分析（GC Roots）。回收算法：标记-清除、标记-复制、标记-整理。收集器：CMS（老年代并发）、G1（分区回收）、ZGC（低延迟）。G1 将堆分为 Region，优先回收垃圾最多的 Region。',
 7, 'active'),

(8, 'Spring Bean 的生命周期',
 '请描述 Spring 中 Bean 的完整生命周期。',
 'medium', 1, 'Spring,Bean,生命周期', '阿里巴巴,腾讯,字节跳动', 58.40, 4200, 980,
 '从实例化到销毁的完整流程',
 '实例化 → 属性赋值 → BeanNameAware/BeanFactoryAware → BeanPostProcessor.before → InitializingBean.afterPropertiesSet/init-method → BeanPostProcessor.after → 使用 → DisposableBean.destroy/destroy-method。',
 8, 'active'),

-- 数据库题
(9, 'MySQL 索引底层原理',
 '请描述 MySQL InnoDB 引擎的索引底层实现，并解释为什么用 B+ 树而不是 B 树或红黑树。',
 'medium', 4, 'MySQL,索引,B+树,八股文', '阿里巴巴,腾讯,字节跳动,美团', 51.20, 7100, 1560,
 '从 B+ 树的结构特点出发',
 'InnoDB 采用 B+ 树索引。B+ 树非叶子节点不存数据，扇出更大，树更矮，IO 次数少。叶子节点用双向链表连接，范围查询高效。相比 B 树，B+ 树查询稳定；相比红黑树，B+ 树高度更低，磁盘 IO 更少。',
 9, 'active'),

(10, 'MySQL 事务隔离级别与 MVCC',
 '请说明 MySQL 的四种事务隔离级别，以及 InnoDB 的 MVCC 机制是如何实现的。',
 'hard', 4, 'MySQL,事务,MVCC,隔离级别', '阿里巴巴,字节跳动,腾讯', 38.60, 5400, 1180,
 '从隔离级别的问题（脏读/不可重复读/幻读）入手',
 '四种隔离级别：读未提交、读已提交、可重复读（默认）、串行化。MVCC 通过隐藏列（trx_id/roll_pointer）+ undo log 版本链 + ReadView 实现。RC 每次查询生成新 ReadView，RR 在事务开始时生成一次。',
 10, 'active'),

(11, 'Redis 持久化机制',
 '请描述 Redis 的两种持久化机制 RDB 和 AOF 的原理与区别。',
 'medium', 4, 'Redis,持久化,RDB,AOF', '阿里巴巴,腾讯,字节跳动', 60.30, 4800, 1020,
 '从触发时机、文件格式、恢复速度比较',
 'RDB：二进制快照，bgsave 触发，恢复快但可能丢数据。AOF：追加命令，可配置 always/everysec/no，数据安全但文件大。Redis 4.0+ 支持混合持久化（RDB + AOF 增量）。',
 11, 'active'),

-- 前端题
(12, 'JavaScript 事件循环机制',
 '请描述 JavaScript 的事件循环（Event Loop）机制，包括宏任务和微任务的执行顺序。',
 'medium', 3, 'JavaScript,事件循环,异步,高频题', '字节跳动,腾讯,阿里巴巴', 54.60, 5600, 1340,
 '从同步任务、微任务、宏任务的执行顺序理解',
 'JS 是单线程。执行栈清空后，先执行所有微任务（Promise.then、MutationObserver），再执行一个宏任务（setTimeout、setInterval、I/O）。每轮循环：同步代码 → 微任务队列清空 → 一个宏任务。',
 12, 'active'),

(13, 'Vue 响应式原理',
 '请描述 Vue 3 的响应式系统原理，与 Vue 2 有何区别？',
 'medium', 3, 'Vue,响应式,Proxy,高频题', '字节跳动,腾讯,阿里巴巴', 49.80, 4200, 980,
 '从 Object.defineProperty 和 Proxy 的区别入手',
 'Vue 2 用 Object.defineProperty 劫持属性，无法监听新增属性和数组下标修改。Vue 3 用 Proxy 代理整个对象，支持新增/删除属性监听，性能更好。配合 effect/track/trigger 实现依赖收集与派发更新。',
 13, 'active'),

-- 系统设计题
(14, '设计一个短链系统',
 '请设计一个短链服务，要求：给定长 URL 生成短链，访问短链时跳转到原 URL。支持 QPS 10万。',
 'hard', 5, '系统设计,分布式,高频题', '字节跳动,阿里巴巴,腾讯', 32.10, 3800, 890,
 '从发号器、存储、缓存、跳转四个模块设计',
 '发号器：可雪花算法或 Redis 自增。存储：MySQL 存长短链映射，短链字段加唯一索引。缓存：Redis 缓存热点短链。跳转：查询缓存 → DB → 302 重定向。可考虑布隆过滤器防穿透。',
 14, 'active'),

(15, '设计一个秒杀系统',
 '请设计一个电商秒杀系统，要求：支持 10 万并发，防止超卖，保证公平。',
 'hard', 5, '系统设计,高并发,秒杀,真题', '阿里巴巴,京东,美团,拼多多', 28.50, 4500, 1230,
 '从限流、缓存、异步、库存四个维度设计',
 '前端：静态化 + 按钮防抖。网关：限流 + 黑名单。服务层：Redis 预扣库存（Lua 保证原子），MQ 异步下单。数据库：乐观锁或分布式锁最终扣减。库存预热到 Redis，用 Lua 脚本判断库存并扣减。',
 15, 'active'),

-- 网络题
(16, 'TCP 三次握手与四次挥手',
 '请描述 TCP 的三次握手和四次挥手过程，为什么握手是三次而挥手是四次？',
 'easy', 6, 'TCP,网络,握手,八股文', '阿里巴巴,腾讯,字节跳动,百度', 68.90, 9200, 2100,
 '从全双工通信和状态转换理解',
 '三次握手：SYN → SYN+ACK → ACK，建立双向连接。四次挥手：FIN → ACK → FIN → ACK，因为 TCP 全双工，关闭需双向确认。挥手多一次是因为收到 FIN 时可能还有数据未发完，需先 ACK 再等数据发完后发 FIN。',
 16, 'active'),

(17, 'HTTP 与 HTTPS 的区别',
 '请说明 HTTP 和 HTTPS 的区别，HTTPS 的握手过程是怎样的？',
 'medium', 6, 'HTTP,HTTPS,加密,高频题', '阿里巴巴,腾讯,字节跳动', 61.20, 6800, 1560,
 '从端口、加密、证书、性能四个维度比较',
 'HTTP 明文传输端口 80；HTTPS = HTTP + SSL/TLS，端口 443。HTTPS 握手：客户端发送支持的加密套件 → 服务端返回证书和选定套件 → 客户端验证证书并生成对称密钥用公钥加密发送 → 双方用对称密钥通信。',
 17, 'active'),

-- Go 语言题
(18, 'Go 的 goroutine 调度原理',
 '请描述 Go 的 GMP 调度模型。',
 'hard', 2, 'Go,goroutine,GMP,并发', '字节跳动,腾讯,哔哩哔哩', 40.20, 3200, 890,
 '从 G、M、P 三个角色理解',
 'G = goroutine，M = 操作系统线程，P = 处理器（调度上下文，持有本地运行队列）。P 的数量等于 GOMAXPROCS。M 必须绑定 P 才能执行 G。当本地队列空时，P 会从其他 P 偷取一半 G（work stealing）。',
 18, 'active'),

-- 安全题
(19, 'SQL 注入原理与防御',
 '请说明 SQL 注入的攻击原理，以及如何防御。',
 'easy', 8, '安全,SQL注入,防御', '阿里巴巴,腾讯,百度', 70.50, 4100, 920,
 '从拼接 SQL 的危害和参数化查询入手',
 '原理：用户输入被拼接到 SQL 中，导致执行恶意 SQL。防御：1. 使用参数化查询（预编译）；2. 使用 ORM 框架；3. 输入校验与转义；4. 最小权限原则；5. WAF 防火墙。',
 19, 'active'),

(20, 'JWT 原理与使用场景',
 '请描述 JWT（JSON Web Token）的结构、原理与使用场景。',
 'medium', 8, 'JWT,认证,Token,高频题', '阿里巴巴,腾讯,字节跳动', 57.80, 5200, 1240,
 '从 Header.Payload.Signature 三部分理解',
 'JWT 由 Header（算法类型）、Payload（声明数据）、Signature（签名）三部分 Base64URL 编码后用 . 连接。服务端用密钥签名，客户端携带 Token，服务端验签。适合无状态认证、单点登录、API 鉴权。缺点是无法主动失效（需配合 Redis 黑名单）。',
 20, 'active');

-- =====================================================
-- 八、面试空间 - 面经数据（5篇）
-- =====================================================
INSERT INTO `portal_interview_experience` (`id`, `user_id`, `title`, `company`, `position`, `year`, `month`, `content`, `tags`, `view_count`, `like_count`, `comment_count`, `status`) VALUES
(1, 1, '字节跳动后端开发面试经验分享（已拿 offer）',
 '字节跳动', '后端开发工程师', 2026, 5,
 '## 面试背景\n\n双非本科，3 年 Java 后端经验，投递字节跳动后端开发岗。\n\n## 一面（技术面，60分钟）\n\n1. 自我介绍\n2. 项目深挖：问了简历上的分布式锁项目，如何实现、Redisson 原理\n3. 基础八股：\n   - HashMap 底层原理，为什么用红黑树\n   - synchronized 锁升级过程\n   - JVM GC 算法，G1 和 CMS 区别\n4. 算法题：LRU 缓存（手撕）\n5. 反问环节\n\n## 二面（技术面，75分钟）\n\n1. 项目架构：画系统架构图，问缓存一致性方案\n2. MySQL：索引失效场景、explain 执行计划\n3. 场景题：设计一个秒杀系统，如何防超卖\n4. 算法题：最长递增子序列\n\n## 三面（技术面，50分钟）\n\n1. 职业规划\n2. 技术深度：分布式事务、消息队列幂等\n3. 场景题：线上 OOM 如何排查\n4. HR 面：薪资、到岗时间\n\n## 总结\n\n字节面试重基础和算法，八股要背熟，算法要手撕。建议刷 LeetCode 200+ 题。',
 '后端,Java,字节跳动,面经', 5600, 234, 45, 'published'),

(2, 1, '腾讯前端开发面试总结（含真题）',
 '腾讯', '前端开发工程师', 2026, 4,
 '## 个人背景\n\n985 硕士，前端方向，投递腾讯 PCG 前端岗。\n\n## 一面\n\n1. 自我介绍 + 项目介绍\n2. JS 基础：\n   - 事件循环机制，宏任务微任务\n   - 闭包、原型链\n   - Promise 实现\n3. CSS：BFC、Flex 布局、居中方案\n4. 框架：Vue 响应式原理、Diff 算法\n5. 算法：反转链表\n\n## 二面\n\n1. HTTP：缓存策略、跨域方案\n2. 性能优化：首屏加载、白屏\n3. 场景题：实现一个无限滚动列表\n4. 算法：二叉树层序遍历\n\n## 三面\n\n1. 项目难点\n2. 团队协作\n3. 反问\n\n## 体验\n\n腾讯前端面试重基础，JS/CSS/HTTP 八股要扎实，算法中等难度。',
 '前端,Vue,腾讯,面经', 3800, 189, 32, 'published'),

(3, 1, '阿里巴巴 Java 后端校招面经',
 '阿里巴巴', 'Java 后端工程师', 2026, 3,
 '## 背景\n\n211 本科校招，投递阿里中间件团队。\n\n## 一面（电话面）\n\n1. 自我介绍\n2. 项目：秒杀系统如何设计\n3. Java 基础：\n   - ConcurrentHashMap 原理\n   - ThreadLocal 内存泄漏\n   - 线程池参数配置\n4. 数据库：MySQL 索引、MVCC\n5. 场景：如何设计一个分布式 ID 生成器\n\n## 二面（视频面）\n\n1. 项目深挖\n2. JVM：内存模型、GC 调优经验\n3. Spring：AOP 原理、循环依赖\n4. 中间件：RocketMQ 消息丢失、重复消费\n5. 算法：合并 K 个有序链表\n\n## 三面（交叉面）\n\n1. 技术视野：对云原生的理解\n2. 开放题：如何设计一个微博 feed 流\n3. HR 面\n\n## 总结\n\n阿里面试重深度和广度，会追问到底层原理。建议把 JVM、并发、中间件吃透。',
 '后端,Java,阿里巴巴,校招', 4200, 198, 28, 'published'),

(4, 1, '美团后端实习面试经验',
 '美团', '后端开发实习生', 2026, 2,
 '## 背景\n\n大三实习，投递美团到店事业群。\n\n## 一面\n\n1. 自我介绍\n2. 项目：简单的 CRUD 项目\n3. 基础：\n   - Java 集合：ArrayList vs LinkedList\n   - HashMap put 流程\n   - 多线程：synchronized 和 Lock 区别\n4. MySQL：索引、事务隔离级别\n5. 算法：两数之和\n\n## 二面\n\n1. 项目优化点\n2. Spring：IOC、AOP\n3. Redis：数据类型、持久化\n4. 场景：如何防止重复下单\n5. 算法：最长回文子串\n\n## 体验\n\n美团面试相对友好，基础为主，算法简单。适合作为练手。',
 '后端,Java,美团,实习', 2800, 156, 18, 'published'),

(5, 1, '拼多多后端社招面经（3年经验）',
 '拼多多', '后端开发工程师', 2026, 1,
 '## 背景\n\n3 年 Java 后端经验，跳槽拼多多。\n\n## 一面\n\n1. 项目：高并发场景设计\n2. Java：\n   - JMM 内存模型\n   - volatile 原理\n   - AQS 原理\n3. MySQL：\n   - 索引优化\n   - 分库分表方案\n4. Redis：集群模式、分布式锁\n5. 算法：合并两个有序数组\n\n## 二面\n\n1. 分布式：CAP、BASE 理论\n2. 消息队列：Kafka 架构、消息顺序\n3. 场景：设计一个抢红包系统\n4. 算法：二叉树最近公共祖先\n\n## 三面\n\n1. 架构设计：微服务拆分\n2. 技术选型：为什么选 Spring Cloud\n3. HR：薪资期望\n\n## 总结\n\n拼多多面试节奏快，问题密集，重实战。薪资有竞争力但工作强度大。',
 '后端,Java,拼多多,社招', 3500, 178, 22, 'published');

-- =====================================================
-- 九、面试空间 - 简历模板数据（4个）
-- =====================================================
INSERT INTO `portal_interview_resume_template` (`id`, `title`, `description`, `cover`, `download_url`, `category`, `file_type`, `file_size`, `is_premium`, `usage_guide`, `like_count`, `download_count`, `sort`, `status`) VALUES
(1, '技术岗通用简历模板',
 '适用于后端、前端、算法等技术岗位的通用简历模板，简洁大方，突出技术栈与项目经验。包含教育背景、工作经历、项目经验、技能清单等模块。',
 'https://images.unsplash.com/photo-1586281380349-632531db7ed4?w=400&h=300&fit=crop',
 '/download/resume/tech-general.docx', '技术岗', 'docx', 245760, 0,
 '1. 下载后用 Word 打开；2. 替换个人信息；3. 突出量化成果；4. 控制在 1-2 页。',
 456, 1234, 1, '0'),

(2, '应届生简洁简历模板',
 '适合应届生求职使用的简洁风格简历模板，重点突出实习经历、校园活动与学术成果。',
 'https://images.unsplash.com/photo-1553877522-43269d4ea984?w=400&h=300&fit=crop',
 '/download/resume/student-simple.docx', '应届生', 'docx', 198400, 0,
 '1. 教育背景放最前；2. 实习经历详写；3. 校园活动简写；4. 技能匹配岗位。',
 389, 856, 2, '0'),

(3, '高级工程师简历模板（VIP）',
 '面向 5 年以上经验的高级工程师，突出架构设计、技术领导力与复杂项目经验。VIP 专享。',
 'https://images.unsplash.com/photo-1517245386807-bb43f82fee33?w=400&h=300&fit=crop',
 '/download/resume/senior-engineer.docx', '社招', 'docx', 312400, 1,
 '1. 突出架构能力；2. 量化业务影响；3. 展示团队管理；4. 技术深度与广度并重。',
 234, 432, 3, '0'),

(4, '产品经理简历模板',
 '适用于产品经理岗位，突出产品规划、数据分析与项目落地能力。',
 'https://images.unsplash.com/photo-1454165804606-c3d57bc86b40?w=400&h=300&fit=crop',
 '/download/resume/product-manager.docx', '产品岗', 'docx', 267800, 0,
 '1. 突出产品方法论；2. 数据驱动决策；3. 项目成果量化；4. 跨团队协作能力。',
 178, 345, 4, '0');

-- =====================================================
-- 十、面试空间 - 题目收藏数据（模拟用户1收藏）
-- =====================================================
INSERT INTO `portal_interview_bookmark` (`question_id`, `user_id`, `note`, `create_time`) VALUES
(5, 1, 'HashMap 必考题，要背熟底层原理', NOW()),
(7, 1, 'JVM GC 重点，G1 和 ZGC 的区别要搞清楚', NOW()),
(9, 1, 'MySQL 索引原理，B+ 树是核心', NOW()),
(14, 1, '系统设计题，短链系统是经典案例', NOW()),
(15, 1, '秒杀系统设计，高并发必考', NOW());

-- =====================================================
-- 十一、面试空间 - 做题记录数据（模拟用户1答题）
-- =====================================================
INSERT INTO `portal_interview_attempt` (`question_id`, `user_id`, `attempt_count`, `last_attempt_at`, `status`, `first_solved_at`, `last_solved_at`) VALUES
(1, 1, 3, NOW(), 'solved', '2026-06-01 10:00:00', '2026-06-15 14:00:00'),
(2, 1, 2, NOW(), 'solved', '2026-06-05 11:00:00', '2026-06-10 16:00:00'),
(3, 1, 5, NOW(), 'solved', '2026-06-08 09:00:00', '2026-06-20 15:00:00'),
(4, 1, 1, NOW(), 'solved', '2026-06-12 10:00:00', '2026-06-12 10:00:00'),
(5, 1, 2, NOW(), 'attempted', NULL, NULL),
(9, 1, 1, NOW(), 'solved', '2026-06-18 14:00:00', '2026-06-18 14:00:00');

-- =====================================================
-- 十二、面试空间 - 面经评论数据
-- =====================================================
INSERT INTO `portal_interview_comment` (`experience_id`, `user_id`, `parent_id`, `reply_to_user_id`, `content`, `like_count`, `sort`, `status`, `create_time`) VALUES
(1, 2, 0, 0, '感谢分享！请问字节二面的分布式锁项目，用的是 Redisson 还是手写的？', 12, 0, '0', NOW()),
(1, 1, 0, 2, '用的 Redisson，但面试官会追问手写 Redis 分布式锁的坑（如锁续期、可重入）', 8, 0, '0', NOW()),
(1, 3, 0, 0, '同拿到字节 offer，确实重算法，建议刷到 300 题', 5, 0, '0', NOW()),
(2, 2, 0, 0, '前端八股确实多，事件循环和 Promise 几乎必考', 8, 0, '0', NOW()),
(3, 4, 0, 0, '校招阿里竞争激烈，楼主能拿到很厉害了', 3, 0, '0', NOW());

-- =====================================================
-- 恢复外键检查
-- =====================================================
SET FOREIGN_KEY_CHECKS=@OLD_FOREIGN_KEY_CHECKS;

-- =====================================================
-- 测试数据插入完成
-- 统计：
--   读书空间：15 本书 + 5 个书单 + 17 条关联 + 10 条金句 + 8 条阅读进度
--   面试空间：20 道题目 + 5 篇面经 + 4 个简历模板 + 5 条收藏 + 6 条做题记录 + 5 条评论
-- =====================================================
