-- MySQL dump 10.13  Distrib 8.0.37, for Win64 (x86_64)
--
-- Host: localhost    Database: ecom_publish
-- ------------------------------------------------------
-- Server version	8.0.37

/*!40101 SET @OLD_CHARACTER_SET_CLIENT=@@CHARACTER_SET_CLIENT */;
/*!40101 SET @OLD_CHARACTER_SET_RESULTS=@@CHARACTER_SET_RESULTS */;
/*!40101 SET @OLD_COLLATION_CONNECTION=@@COLLATION_CONNECTION */;
/*!50503 SET NAMES utf8mb4 */;
/*!40103 SET @OLD_TIME_ZONE=@@TIME_ZONE */;
/*!40103 SET TIME_ZONE='+00:00' */;
/*!40014 SET @OLD_UNIQUE_CHECKS=@@UNIQUE_CHECKS, UNIQUE_CHECKS=0 */;
/*!40014 SET @OLD_FOREIGN_KEY_CHECKS=@@FOREIGN_KEY_CHECKS, FOREIGN_KEY_CHECKS=0 */;
/*!40101 SET @OLD_SQL_MODE=@@SQL_MODE, SQL_MODE='NO_AUTO_VALUE_ON_ZERO' */;
/*!40111 SET @OLD_SQL_NOTES=@@SQL_NOTES, SQL_NOTES=0 */;

--
-- Table structure for table `sys_role`
--

DROP TABLE IF EXISTS `sys_role`;
/*!40101 SET @saved_cs_client     = @@character_set_client */;
/*!50503 SET character_set_client = utf8mb4 */;
CREATE TABLE `sys_role` (
  `role_id` bigint NOT NULL AUTO_INCREMENT COMMENT 'шзТшЙ▓ID',
  `role_name` varchar(30) COLLATE utf8mb4_unicode_ci NOT NULL COMMENT 'шзТшЙ▓хРНчз░',
  `role_key` varchar(100) COLLATE utf8mb4_unicode_ci NOT NULL COMMENT 'шзТшЙ▓цЭГщЩРхнЧчмжф╕▓',
  `role_sort` int NOT NULL COMMENT 'цШ╛чд║щб║х║П',
  `data_scope` char(1) COLLATE utf8mb4_unicode_ci DEFAULT '1' COMMENT 'цХ░цНошМГхЫ┤я╝И1я╝ЪхЕищГицХ░цНоцЭГщЩР 2я╝ЪшЗкхоЪцХ░цНоцЭГщЩР 3я╝ЪцЬмщГищЧицХ░цНоцЭГщЩР 4я╝ЪцЬмщГищЧихПКф╗еф╕ЛцХ░цНоцЭГщЩРя╝Й',
  `menu_check_strictly` tinyint(1) DEFAULT '1' COMMENT 'шПЬхНХцаСщАЙцЛйщб╣цШпхРжхЕ│шБФцШ╛чд║',
  `dept_check_strictly` tinyint(1) DEFAULT '1' COMMENT 'щГищЧицаСщАЙцЛйщб╣цШпхРжхЕ│шБФцШ╛чд║',
  `status` char(1) COLLATE utf8mb4_unicode_ci NOT NULL COMMENT 'шзТшЙ▓чК╢цАБя╝И0цнгх╕╕ 1хБЬчФия╝Й',
  `del_flag` char(1) COLLATE utf8mb4_unicode_ci DEFAULT '0' COMMENT 'хИащЩдцаЗх┐Чя╝И0ф╗гшбихнШхЬи 2ф╗гшбихИащЩдя╝Й',
  `create_by` varchar(64) COLLATE utf8mb4_unicode_ci DEFAULT '' COMMENT 'хИЫх╗║шАЕ',
  `create_time` datetime DEFAULT NULL COMMENT 'хИЫх╗║цЧ╢щЧ┤',
  `update_by` varchar(64) COLLATE utf8mb4_unicode_ci DEFAULT '' COMMENT 'цЫ┤цЦ░шАЕ',
  `update_time` datetime DEFAULT NULL COMMENT 'цЫ┤цЦ░цЧ╢щЧ┤',
  `remark` varchar(500) COLLATE utf8mb4_unicode_ci DEFAULT NULL COMMENT 'хдЗц│и',
  PRIMARY KEY (`role_id`),
  UNIQUE KEY `uk_sys_role_key` (`role_key`)
) ENGINE=InnoDB AUTO_INCREMENT=100 DEFAULT CHARSET=utf8mb4 COLLATE=utf8mb4_unicode_ci COMMENT='шзТшЙ▓ф┐бцБпшби';
/*!40101 SET character_set_client = @saved_cs_client */;

--
-- Dumping data for table `sys_role`
--

LOCK TABLES `sys_role` WRITE;
/*!40000 ALTER TABLE `sys_role` DISABLE KEYS */;
INSERT INTO `sys_role` VALUES (1,'ш╢Еч║зчобчРЖхСШ','admin',1,'1',1,1,'0','0','admin','2026-04-22 01:46:28','',NULL,'ш╢Еч║зчобчРЖхСШ'),(2,'цЩощАЪшзТшЙ▓','common',2,'2',1,1,'0','0','admin','2026-04-22 01:46:28','',NULL,'цЩощАЪшзТшЙ▓');
/*!40000 ALTER TABLE `sys_role` ENABLE KEYS */;
UNLOCK TABLES;

--
-- Table structure for table `act_dmn_deployment`
--

DROP TABLE IF EXISTS `act_dmn_deployment`;
/*!40101 SET @saved_cs_client     = @@character_set_client */;
/*!50503 SET character_set_client = utf8mb4 */;
CREATE TABLE `act_dmn_deployment` (
  `ID_` varchar(255) COLLATE utf8mb4_unicode_ci NOT NULL,
  `NAME_` varchar(255) COLLATE utf8mb4_unicode_ci DEFAULT NULL,
  `CATEGORY_` varchar(255) COLLATE utf8mb4_unicode_ci DEFAULT NULL,
  `DEPLOY_TIME_` datetime(3) DEFAULT NULL,
  `TENANT_ID_` varchar(255) COLLATE utf8mb4_unicode_ci DEFAULT NULL,
  `PARENT_DEPLOYMENT_ID_` varchar(255) COLLATE utf8mb4_unicode_ci DEFAULT NULL,
  PRIMARY KEY (`ID_`)
) ENGINE=InnoDB DEFAULT CHARSET=utf8mb4 COLLATE=utf8mb4_unicode_ci;
/*!40101 SET character_set_client = @saved_cs_client */;

--
-- Dumping data for table `act_dmn_deployment`
--

LOCK TABLES `act_dmn_deployment` WRITE;
/*!40000 ALTER TABLE `act_dmn_deployment` DISABLE KEYS */;
/*!40000 ALTER TABLE `act_dmn_deployment` ENABLE KEYS */;
UNLOCK TABLES;

--
-- Table structure for table `sys_user_post`
--

DROP TABLE IF EXISTS `sys_user_post`;
/*!40101 SET @saved_cs_client     = @@character_set_client */;
/*!50503 SET character_set_client = utf8mb4 */;
CREATE TABLE `sys_user_post` (
  `user_id` bigint NOT NULL COMMENT 'чФицИ╖ID',
  `post_id` bigint NOT NULL COMMENT 'х▓Чф╜НID',
  PRIMARY KEY (`user_id`,`post_id`),
  KEY `idx_sys_user_post_user` (`user_id`),
  KEY `idx_sys_user_post_post` (`post_id`)
) ENGINE=InnoDB DEFAULT CHARSET=utf8mb4 COLLATE=utf8mb4_unicode_ci COMMENT='чФицИ╖ф╕Ох▓Чф╜НхЕ│шБФшби';
/*!40101 SET character_set_client = @saved_cs_client */;

--
-- Dumping data for table `sys_user_post`
--

LOCK TABLES `sys_user_post` WRITE;
/*!40000 ALTER TABLE `sys_user_post` DISABLE KEYS */;
INSERT INTO `sys_user_post` VALUES (1,1),(2,2);
/*!40000 ALTER TABLE `sys_user_post` ENABLE KEYS */;
UNLOCK TABLES;

--
-- Table structure for table `act_re_deployment`
--

DROP TABLE IF EXISTS `act_re_deployment`;
/*!40101 SET @saved_cs_client     = @@character_set_client */;
/*!50503 SET character_set_client = utf8mb4 */;
CREATE TABLE `act_re_deployment` (
  `ID_` varchar(64) COLLATE utf8mb3_bin NOT NULL,
  `NAME_` varchar(255) COLLATE utf8mb3_bin DEFAULT NULL,
  `CATEGORY_` varchar(255) COLLATE utf8mb3_bin DEFAULT NULL,
  `KEY_` varchar(255) COLLATE utf8mb3_bin DEFAULT NULL,
  `TENANT_ID_` varchar(255) COLLATE utf8mb3_bin DEFAULT '',
  `DEPLOY_TIME_` timestamp(3) NULL DEFAULT NULL,
  `DERIVED_FROM_` varchar(64) COLLATE utf8mb3_bin DEFAULT NULL,
  `DERIVED_FROM_ROOT_` varchar(64) COLLATE utf8mb3_bin DEFAULT NULL,
  `PARENT_DEPLOYMENT_ID_` varchar(255) COLLATE utf8mb3_bin DEFAULT NULL,
  `ENGINE_VERSION_` varchar(255) COLLATE utf8mb3_bin DEFAULT NULL,
  PRIMARY KEY (`ID_`)
) ENGINE=InnoDB DEFAULT CHARSET=utf8mb3 COLLATE=utf8mb3_bin;
/*!40101 SET character_set_client = @saved_cs_client */;

--
-- Dumping data for table `act_re_deployment`
--

LOCK TABLES `act_re_deployment` WRITE;
/*!40000 ALTER TABLE `act_re_deployment` DISABLE KEYS */;
INSERT INTO `act_re_deployment` VALUES ('891a4294-305c-11f1-82b6-8c1645e938b5','flow_1hxp265d','leave',NULL,'','2026-04-04 19:29:02.052',NULL,NULL,'891a4294-305c-11f1-82b6-8c1645e938b5',NULL);
/*!40000 ALTER TABLE `act_re_deployment` ENABLE KEYS */;
UNLOCK TABLES;

--
-- Table structure for table `sys_role_dept`
--

DROP TABLE IF EXISTS `sys_role_dept`;
/*!40101 SET @saved_cs_client     = @@character_set_client */;
/*!50503 SET character_set_client = utf8mb4 */;
CREATE TABLE `sys_role_dept` (
  `role_id` bigint NOT NULL COMMENT 'шзТшЙ▓ID',
  `dept_id` bigint NOT NULL COMMENT 'щГищЧиID',
  PRIMARY KEY (`role_id`,`dept_id`),
  KEY `idx_sys_role_dept_role` (`role_id`),
  KEY `idx_sys_role_dept_dept` (`dept_id`)
) ENGINE=InnoDB DEFAULT CHARSET=utf8mb4 COLLATE=utf8mb4_unicode_ci COMMENT='шзТшЙ▓хТМщГищЧихЕ│шБФшби';
/*!40101 SET character_set_client = @saved_cs_client */;

--
-- Dumping data for table `sys_role_dept`
--

LOCK TABLES `sys_role_dept` WRITE;
/*!40000 ALTER TABLE `sys_role_dept` DISABLE KEYS */;
INSERT INTO `sys_role_dept` VALUES (2,100),(2,101),(2,105);
/*!40000 ALTER TABLE `sys_role_dept` ENABLE KEYS */;
UNLOCK TABLES;

--
-- Table structure for table `operation_logs`
--

DROP TABLE IF EXISTS `operation_logs`;
/*!40101 SET @saved_cs_client     = @@character_set_client */;
/*!50503 SET character_set_client = utf8mb4 */;
CREATE TABLE `operation_logs` (
  `id` varchar(32) COLLATE utf8mb4_unicode_ci NOT NULL COMMENT 'цЧех┐ЧID',
  `admin_id` varchar(32) COLLATE utf8mb4_unicode_ci DEFAULT NULL COMMENT 'цУНф╜ЬчобчРЖхСШID',
  `user_id` varchar(32) COLLATE utf8mb4_unicode_ci DEFAULT NULL COMMENT 'цУНф╜ЬчФицИ╖ID',
  `module` varchar(50) COLLATE utf8mb4_unicode_ci NOT NULL COMMENT 'цибхЭЧ',
  `action` varchar(50) COLLATE utf8mb4_unicode_ci NOT NULL COMMENT 'цУНф╜Ь',
  `request_method` varchar(10) COLLATE utf8mb4_unicode_ci DEFAULT NULL COMMENT 'шп╖ц▒ВцЦ╣ц│Х',
  `request_url` varchar(500) COLLATE utf8mb4_unicode_ci DEFAULT NULL COMMENT 'шп╖ц▒ВURL',
  `request_params` json DEFAULT NULL COMMENT 'шп╖ц▒ВхПВцХ░',
  `response_status` int DEFAULT NULL COMMENT 'хУНх║ФчК╢цАБ',
  `response_data` json DEFAULT NULL COMMENT 'хУНх║ФцХ░цНо',
  `ip_address` varchar(50) COLLATE utf8mb4_unicode_ci DEFAULT NULL COMMENT 'IPхЬ░хЭА',
  `user_agent` varchar(500) COLLATE utf8mb4_unicode_ci DEFAULT NULL COMMENT 'чФицИ╖ф╗гчРЖ',
  `duration` int DEFAULT NULL COMMENT 'шАЧцЧ╢(цплчзТ)',
  `created_at` datetime DEFAULT CURRENT_TIMESTAMP COMMENT 'хИЫх╗║цЧ╢щЧ┤',
  PRIMARY KEY (`id`),
  KEY `idx_admin_id` (`admin_id`),
  KEY `idx_module` (`module`),
  KEY `idx_action` (`action`),
  KEY `idx_created_at` (`created_at`)
) ENGINE=InnoDB DEFAULT CHARSET=utf8mb4 COLLATE=utf8mb4_unicode_ci COMMENT='цУНф╜ЬцЧех┐Чшби';
/*!40101 SET character_set_client = @saved_cs_client */;

--
-- Dumping data for table `operation_logs`
--

LOCK TABLES `operation_logs` WRITE;
/*!40000 ALTER TABLE `operation_logs` DISABLE KEYS */;
/*!40000 ALTER TABLE `operation_logs` ENABLE KEYS */;
UNLOCK TABLES;

--
-- Table structure for table `act_ru_history_job`
--

DROP TABLE IF EXISTS `act_ru_history_job`;
/*!40101 SET @saved_cs_client     = @@character_set_client */;
/*!50503 SET character_set_client = utf8mb4 */;
CREATE TABLE `act_ru_history_job` (
  `ID_` varchar(64) COLLATE utf8mb3_bin NOT NULL,
  `REV_` int DEFAULT NULL,
  `LOCK_EXP_TIME_` timestamp(3) NULL DEFAULT NULL,
  `LOCK_OWNER_` varchar(255) COLLATE utf8mb3_bin DEFAULT NULL,
  `RETRIES_` int DEFAULT NULL,
  `EXCEPTION_STACK_ID_` varchar(64) COLLATE utf8mb3_bin DEFAULT NULL,
  `EXCEPTION_MSG_` varchar(4000) COLLATE utf8mb3_bin DEFAULT NULL,
  `HANDLER_TYPE_` varchar(255) COLLATE utf8mb3_bin DEFAULT NULL,
  `HANDLER_CFG_` varchar(4000) COLLATE utf8mb3_bin DEFAULT NULL,
  `CUSTOM_VALUES_ID_` varchar(64) COLLATE utf8mb3_bin DEFAULT NULL,
  `ADV_HANDLER_CFG_ID_` varchar(64) COLLATE utf8mb3_bin DEFAULT NULL,
  `CREATE_TIME_` timestamp(3) NULL DEFAULT NULL,
  `SCOPE_TYPE_` varchar(255) COLLATE utf8mb3_bin DEFAULT NULL,
  `TENANT_ID_` varchar(255) COLLATE utf8mb3_bin DEFAULT '',
  PRIMARY KEY (`ID_`)
) ENGINE=InnoDB DEFAULT CHARSET=utf8mb3 COLLATE=utf8mb3_bin;
/*!40101 SET character_set_client = @saved_cs_client */;

--
-- Dumping data for table `act_ru_history_job`
--

LOCK TABLES `act_ru_history_job` WRITE;
/*!40000 ALTER TABLE `act_ru_history_job` DISABLE KEYS */;
/*!40000 ALTER TABLE `act_ru_history_job` ENABLE KEYS */;
UNLOCK TABLES;

--
-- Table structure for table `act_cmmn_hi_mil_inst`
--

DROP TABLE IF EXISTS `act_cmmn_hi_mil_inst`;
/*!40101 SET @saved_cs_client     = @@character_set_client */;
/*!50503 SET character_set_client = utf8mb4 */;
CREATE TABLE `act_cmmn_hi_mil_inst` (
  `ID_` varchar(255) COLLATE utf8mb4_unicode_ci NOT NULL,
  `REV_` int NOT NULL,
  `NAME_` varchar(255) COLLATE utf8mb4_unicode_ci NOT NULL,
  `TIME_STAMP_` datetime(3) NOT NULL,
  `CASE_INST_ID_` varchar(255) COLLATE utf8mb4_unicode_ci NOT NULL,
  `CASE_DEF_ID_` varchar(255) COLLATE utf8mb4_unicode_ci NOT NULL,
  `ELEMENT_ID_` varchar(255) COLLATE utf8mb4_unicode_ci NOT NULL,
  `TENANT_ID_` varchar(255) COLLATE utf8mb4_unicode_ci DEFAULT '',
  PRIMARY KEY (`ID_`)
) ENGINE=InnoDB DEFAULT CHARSET=utf8mb4 COLLATE=utf8mb4_unicode_ci;
/*!40101 SET character_set_client = @saved_cs_client */;

--
-- Dumping data for table `act_cmmn_hi_mil_inst`
--

LOCK TABLES `act_cmmn_hi_mil_inst` WRITE;
/*!40000 ALTER TABLE `act_cmmn_hi_mil_inst` DISABLE KEYS */;
/*!40000 ALTER TABLE `act_cmmn_hi_mil_inst` ENABLE KEYS */;
UNLOCK TABLES;

--
-- Table structure for table `act_dmn_decision`
--

DROP TABLE IF EXISTS `act_dmn_decision`;
/*!40101 SET @saved_cs_client     = @@character_set_client */;
/*!50503 SET character_set_client = utf8mb4 */;
CREATE TABLE `act_dmn_decision` (
  `ID_` varchar(255) COLLATE utf8mb4_unicode_ci NOT NULL,
  `NAME_` varchar(255) COLLATE utf8mb4_unicode_ci DEFAULT NULL,
  `VERSION_` int DEFAULT NULL,
  `KEY_` varchar(255) COLLATE utf8mb4_unicode_ci DEFAULT NULL,
  `CATEGORY_` varchar(255) COLLATE utf8mb4_unicode_ci DEFAULT NULL,
  `DEPLOYMENT_ID_` varchar(255) COLLATE utf8mb4_unicode_ci DEFAULT NULL,
  `TENANT_ID_` varchar(255) COLLATE utf8mb4_unicode_ci DEFAULT NULL,
  `RESOURCE_NAME_` varchar(255) COLLATE utf8mb4_unicode_ci DEFAULT NULL,
  `DESCRIPTION_` varchar(255) COLLATE utf8mb4_unicode_ci DEFAULT NULL,
  `DECISION_TYPE_` varchar(255) COLLATE utf8mb4_unicode_ci DEFAULT NULL,
  PRIMARY KEY (`ID_`),
  UNIQUE KEY `ACT_IDX_DMN_DEC_UNIQ` (`KEY_`,`VERSION_`,`TENANT_ID_`)
) ENGINE=InnoDB DEFAULT CHARSET=utf8mb4 COLLATE=utf8mb4_unicode_ci;
/*!40101 SET character_set_client = @saved_cs_client */;

--
-- Dumping data for table `act_dmn_decision`
--

LOCK TABLES `act_dmn_decision` WRITE;
/*!40000 ALTER TABLE `act_dmn_decision` DISABLE KEYS */;
/*!40000 ALTER TABLE `act_dmn_decision` ENABLE KEYS */;
UNLOCK TABLES;

--
-- Table structure for table `act_hi_comment`
--

DROP TABLE IF EXISTS `act_hi_comment`;
/*!40101 SET @saved_cs_client     = @@character_set_client */;
/*!50503 SET character_set_client = utf8mb4 */;
CREATE TABLE `act_hi_comment` (
  `ID_` varchar(64) COLLATE utf8mb3_bin NOT NULL,
  `TYPE_` varchar(255) COLLATE utf8mb3_bin DEFAULT NULL,
  `TIME_` datetime(3) NOT NULL,
  `USER_ID_` varchar(255) COLLATE utf8mb3_bin DEFAULT NULL,
  `TASK_ID_` varchar(64) COLLATE utf8mb3_bin DEFAULT NULL,
  `PROC_INST_ID_` varchar(64) COLLATE utf8mb3_bin DEFAULT NULL,
  `ACTION_` varchar(255) COLLATE utf8mb3_bin DEFAULT NULL,
  `MESSAGE_` varchar(4000) COLLATE utf8mb3_bin DEFAULT NULL,
  `FULL_MSG_` longblob,
  PRIMARY KEY (`ID_`)
) ENGINE=InnoDB DEFAULT CHARSET=utf8mb3 COLLATE=utf8mb3_bin;
/*!40101 SET character_set_client = @saved_cs_client */;

--
-- Dumping data for table `act_hi_comment`
--

LOCK TABLES `act_hi_comment` WRITE;
/*!40000 ALTER TABLE `act_hi_comment` DISABLE KEYS */;
INSERT INTO `act_hi_comment` VALUES ('8cad9e9d-3063-11f1-8e5a-8c1645e938b5','1','2026-04-05 04:19:14.527','1','8c9b00fc-3063-11f1-8e5a-8c1645e938b5','8c95d0c7-3063-11f1-8e5a-8c1645e938b5','AddComment','шЛеф╛ЭхПСш╡╖ц╡БчиЛчФ│шп╖',_binary 'шЛеф╛ЭхПСш╡╖ц╡БчиЛчФ│шп╖'),('8ce7254f-3063-11f1-8e5a-8c1645e938b5','1','2026-04-05 04:19:14.905','1','8ce21c3e-3063-11f1-8e5a-8c1645e938b5','8ce1f519-3063-11f1-8e5a-8c1645e938b5','AddComment','шЛеф╛ЭхПСш╡╖ц╡БчиЛчФ│шп╖',_binary 'шЛеф╛ЭхПСш╡╖ц╡БчиЛчФ│шп╖');
/*!40000 ALTER TABLE `act_hi_comment` ENABLE KEYS */;
UNLOCK TABLES;

--
-- Table structure for table `act_id_info`
--

DROP TABLE IF EXISTS `act_id_info`;
/*!40101 SET @saved_cs_client     = @@character_set_client */;
/*!50503 SET character_set_client = utf8mb4 */;
CREATE TABLE `act_id_info` (
  `ID_` varchar(64) COLLATE utf8mb3_bin NOT NULL,
  `REV_` int DEFAULT NULL,
  `USER_ID_` varchar(64) COLLATE utf8mb3_bin DEFAULT NULL,
  `TYPE_` varchar(64) COLLATE utf8mb3_bin DEFAULT NULL,
  `KEY_` varchar(255) COLLATE utf8mb3_bin DEFAULT NULL,
  `VALUE_` varchar(255) COLLATE utf8mb3_bin DEFAULT NULL,
  `PASSWORD_` longblob,
  `PARENT_ID_` varchar(255) COLLATE utf8mb3_bin DEFAULT NULL,
  PRIMARY KEY (`ID_`)
) ENGINE=InnoDB DEFAULT CHARSET=utf8mb3 COLLATE=utf8mb3_bin;
/*!40101 SET character_set_client = @saved_cs_client */;

--
-- Dumping data for table `act_id_info`
--

LOCK TABLES `act_id_info` WRITE;
/*!40000 ALTER TABLE `act_id_info` DISABLE KEYS */;
/*!40000 ALTER TABLE `act_id_info` ENABLE KEYS */;
UNLOCK TABLES;

--
-- Table structure for table `act_app_appdef`
--

DROP TABLE IF EXISTS `act_app_appdef`;
/*!40101 SET @saved_cs_client     = @@character_set_client */;
/*!50503 SET character_set_client = utf8mb4 */;
CREATE TABLE `act_app_appdef` (
  `ID_` varchar(255) COLLATE utf8mb4_unicode_ci NOT NULL,
  `REV_` int NOT NULL,
  `NAME_` varchar(255) COLLATE utf8mb4_unicode_ci DEFAULT NULL,
  `KEY_` varchar(255) COLLATE utf8mb4_unicode_ci NOT NULL,
  `VERSION_` int NOT NULL,
  `CATEGORY_` varchar(255) COLLATE utf8mb4_unicode_ci DEFAULT NULL,
  `DEPLOYMENT_ID_` varchar(255) COLLATE utf8mb4_unicode_ci DEFAULT NULL,
  `RESOURCE_NAME_` varchar(4000) COLLATE utf8mb4_unicode_ci DEFAULT NULL,
  `DESCRIPTION_` varchar(4000) COLLATE utf8mb4_unicode_ci DEFAULT NULL,
  `TENANT_ID_` varchar(255) COLLATE utf8mb4_unicode_ci DEFAULT '',
  PRIMARY KEY (`ID_`),
  UNIQUE KEY `ACT_IDX_APP_DEF_UNIQ` (`KEY_`,`VERSION_`,`TENANT_ID_`),
  KEY `ACT_IDX_APP_DEF_DPLY` (`DEPLOYMENT_ID_`),
  CONSTRAINT `ACT_FK_APP_DEF_DPLY` FOREIGN KEY (`DEPLOYMENT_ID_`) REFERENCES `act_app_deployment` (`ID_`)
) ENGINE=InnoDB DEFAULT CHARSET=utf8mb4 COLLATE=utf8mb4_unicode_ci;
/*!40101 SET character_set_client = @saved_cs_client */;

--
-- Dumping data for table `act_app_appdef`
--

LOCK TABLES `act_app_appdef` WRITE;
/*!40000 ALTER TABLE `act_app_appdef` DISABLE KEYS */;
/*!40000 ALTER TABLE `act_app_appdef` ENABLE KEYS */;
UNLOCK TABLES;

--
-- Table structure for table `sys_notice`
--

DROP TABLE IF EXISTS `sys_notice`;
/*!40101 SET @saved_cs_client     = @@character_set_client */;
/*!50503 SET character_set_client = utf8mb4 */;
CREATE TABLE `sys_notice` (
  `notice_id` int NOT NULL AUTO_INCREMENT COMMENT 'хЕмхСКID',
  `notice_title` varchar(50) COLLATE utf8mb4_unicode_ci NOT NULL COMMENT 'хЕмхСКцаЗщвШ',
  `notice_type` char(1) COLLATE utf8mb4_unicode_ci NOT NULL COMMENT 'хЕмхСКч▒╗хЮЛя╝И1щАЪчЯе 2хЕмхСКя╝Й',
  `notice_content` longblob COMMENT 'хЕмхСКхЖЕхо╣',
  `status` char(1) COLLATE utf8mb4_unicode_ci DEFAULT '0' COMMENT 'хЕмхСКчК╢цАБя╝И0цнгх╕╕ 1хЕ│щЧня╝Й',
  `create_by` varchar(64) COLLATE utf8mb4_unicode_ci DEFAULT '' COMMENT 'хИЫх╗║шАЕ',
  `create_time` datetime DEFAULT NULL COMMENT 'хИЫх╗║цЧ╢щЧ┤',
  `update_by` varchar(64) COLLATE utf8mb4_unicode_ci DEFAULT '' COMMENT 'цЫ┤цЦ░шАЕ',
  `update_time` datetime DEFAULT NULL COMMENT 'цЫ┤цЦ░цЧ╢щЧ┤',
  `remark` varchar(255) COLLATE utf8mb4_unicode_ci DEFAULT NULL COMMENT 'хдЗц│и',
  PRIMARY KEY (`notice_id`)
) ENGINE=InnoDB AUTO_INCREMENT=10 DEFAULT CHARSET=utf8mb4 COLLATE=utf8mb4_unicode_ci COMMENT='щАЪчЯехЕмхСКшби';
/*!40101 SET character_set_client = @saved_cs_client */;

--
-- Dumping data for table `sys_notice`
--

LOCK TABLES `sys_notice` WRITE;
/*!40000 ALTER TABLE `sys_notice` DISABLE KEYS */;
INSERT INTO `sys_notice` VALUES (1,'ц╕йщжицПРщЖТя╝Ъ2018-07-01 хвищЯ╡цЦ░чЙИцЬмхПСх╕ГхХж','2',_binary 'цЦ░чЙИцЬмхЖЕхо╣','0','admin','2026-04-22 01:46:30','',NULL,'чобчРЖхСШ'),(2,'ч╗┤цКдщАЪчЯея╝Ъ2018-07-01 хвищЯ╡ч│╗ч╗ЯхЗМцЩич╗┤цКд','1',_binary 'ч╗┤цКдхЖЕхо╣','0','admin','2026-04-22 01:46:30','',NULL,'чобчРЖхСШ');
/*!40000 ALTER TABLE `sys_notice` ENABLE KEYS */;
UNLOCK TABLES;

--
-- Table structure for table `qrtz_job_details`
--

DROP TABLE IF EXISTS `qrtz_job_details`;
/*!40101 SET @saved_cs_client     = @@character_set_client */;
/*!50503 SET character_set_client = utf8mb4 */;
CREATE TABLE `qrtz_job_details` (
  `sched_name` varchar(120) COLLATE utf8mb4_unicode_ci NOT NULL COMMENT 'ш░Гх║жхРНчз░',
  `job_name` varchar(200) COLLATE utf8mb4_unicode_ci NOT NULL COMMENT 'ф╗╗хКбхРНчз░',
  `job_group` varchar(200) COLLATE utf8mb4_unicode_ci NOT NULL COMMENT 'ф╗╗хКбч╗ДхРН',
  `description` varchar(250) COLLATE utf8mb4_unicode_ci DEFAULT NULL COMMENT 'чЫ╕хЕ│ф╗Лч╗Н',
  `job_class_name` varchar(250) COLLATE utf8mb4_unicode_ci NOT NULL COMMENT 'цЙзшбМф╗╗хКбч▒╗хРНчз░',
  `is_durable` varchar(1) COLLATE utf8mb4_unicode_ci NOT NULL COMMENT 'цШпхРжцМБф╣ЕхМЦ',
  `is_nonconcurrent` varchar(1) COLLATE utf8mb4_unicode_ci NOT NULL COMMENT 'цШпхРжх╣╢хПС',
  `is_update_data` varchar(1) COLLATE utf8mb4_unicode_ci NOT NULL COMMENT 'цШпхРжцЫ┤цЦ░цХ░цНо',
  `requests_recovery` varchar(1) COLLATE utf8mb4_unicode_ci NOT NULL COMMENT 'цШпхРжцОехПЧцБвхдНцЙзшбМ',
  `job_data` blob COMMENT 'хнШцФ╛цМБф╣ЕхМЦjobхп╣ш▒б',
  PRIMARY KEY (`sched_name`,`job_name`,`job_group`)
) ENGINE=InnoDB DEFAULT CHARSET=utf8mb4 COLLATE=utf8mb4_unicode_ci COMMENT='ф╗╗хКбшпжч╗Жф┐бцБпшби';
/*!40101 SET character_set_client = @saved_cs_client */;

--
-- Dumping data for table `qrtz_job_details`
--

LOCK TABLES `qrtz_job_details` WRITE;
/*!40000 ALTER TABLE `qrtz_job_details` DISABLE KEYS */;
/*!40000 ALTER TABLE `qrtz_job_details` ENABLE KEYS */;
UNLOCK TABLES;

--
-- Table structure for table `sys_post`
--

DROP TABLE IF EXISTS `sys_post`;
/*!40101 SET @saved_cs_client     = @@character_set_client */;
/*!50503 SET character_set_client = utf8mb4 */;
CREATE TABLE `sys_post` (
  `post_id` bigint NOT NULL AUTO_INCREMENT COMMENT 'х▓Чф╜НID',
  `post_code` varchar(64) COLLATE utf8mb4_unicode_ci NOT NULL COMMENT 'х▓Чф╜Нч╝ЦчаБ',
  `post_name` varchar(50) COLLATE utf8mb4_unicode_ci NOT NULL COMMENT 'х▓Чф╜НхРНчз░',
  `post_sort` int NOT NULL COMMENT 'цШ╛чд║щб║х║П',
  `status` char(1) COLLATE utf8mb4_unicode_ci NOT NULL COMMENT 'чК╢цАБя╝И0цнгх╕╕ 1хБЬчФия╝Й',
  `create_by` varchar(64) COLLATE utf8mb4_unicode_ci DEFAULT '' COMMENT 'хИЫх╗║шАЕ',
  `create_time` datetime DEFAULT NULL COMMENT 'хИЫх╗║цЧ╢щЧ┤',
  `update_by` varchar(64) COLLATE utf8mb4_unicode_ci DEFAULT '' COMMENT 'цЫ┤цЦ░шАЕ',
  `update_time` datetime DEFAULT NULL COMMENT 'цЫ┤цЦ░цЧ╢щЧ┤',
  `remark` varchar(500) COLLATE utf8mb4_unicode_ci DEFAULT NULL COMMENT 'хдЗц│и',
  PRIMARY KEY (`post_id`),
  UNIQUE KEY `uk_sys_post_code` (`post_code`)
) ENGINE=InnoDB AUTO_INCREMENT=5 DEFAULT CHARSET=utf8mb4 COLLATE=utf8mb4_unicode_ci COMMENT='х▓Чф╜Нф┐бцБпшби';
/*!40101 SET character_set_client = @saved_cs_client */;

--
-- Dumping data for table `sys_post`
--

LOCK TABLES `sys_post` WRITE;
/*!40000 ALTER TABLE `sys_post` DISABLE KEYS */;
INSERT INTO `sys_post` VALUES (1,'ceo','шСгф║ЛщХ┐',1,'0','admin','2026-04-22 01:46:27','',NULL,''),(2,'se','щб╣чЫоч╗ПчРЖ',2,'0','admin','2026-04-22 01:46:27','',NULL,''),(3,'hr','ф║║хКЫш╡Дц║Р',3,'0','admin','2026-04-22 01:46:27','',NULL,''),(4,'user','цЩощАЪхСШх╖е',4,'0','admin','2026-04-22 01:46:27','',NULL,'');
/*!40000 ALTER TABLE `sys_post` ENABLE KEYS */;
UNLOCK TABLES;

--
-- Table structure for table `act_cmmn_hi_case_inst`
--

DROP TABLE IF EXISTS `act_cmmn_hi_case_inst`;
/*!40101 SET @saved_cs_client     = @@character_set_client */;
/*!50503 SET character_set_client = utf8mb4 */;
CREATE TABLE `act_cmmn_hi_case_inst` (
  `ID_` varchar(255) COLLATE utf8mb4_unicode_ci NOT NULL,
  `REV_` int NOT NULL,
  `BUSINESS_KEY_` varchar(255) COLLATE utf8mb4_unicode_ci DEFAULT NULL,
  `NAME_` varchar(255) COLLATE utf8mb4_unicode_ci DEFAULT NULL,
  `PARENT_ID_` varchar(255) COLLATE utf8mb4_unicode_ci DEFAULT NULL,
  `CASE_DEF_ID_` varchar(255) COLLATE utf8mb4_unicode_ci DEFAULT NULL,
  `STATE_` varchar(255) COLLATE utf8mb4_unicode_ci DEFAULT NULL,
  `START_TIME_` datetime(3) DEFAULT NULL,
  `END_TIME_` datetime(3) DEFAULT NULL,
  `START_USER_ID_` varchar(255) COLLATE utf8mb4_unicode_ci DEFAULT NULL,
  `CALLBACK_ID_` varchar(255) COLLATE utf8mb4_unicode_ci DEFAULT NULL,
  `CALLBACK_TYPE_` varchar(255) COLLATE utf8mb4_unicode_ci DEFAULT NULL,
  `REFERENCE_ID_` varchar(255) COLLATE utf8mb4_unicode_ci DEFAULT NULL,
  `REFERENCE_TYPE_` varchar(255) COLLATE utf8mb4_unicode_ci DEFAULT NULL,
  `LAST_REACTIVATION_TIME_` datetime(3) DEFAULT NULL,
  `LAST_REACTIVATION_USER_ID_` varchar(255) COLLATE utf8mb4_unicode_ci DEFAULT NULL,
  `BUSINESS_STATUS_` varchar(255) COLLATE utf8mb4_unicode_ci DEFAULT NULL,
  `TENANT_ID_` varchar(255) COLLATE utf8mb4_unicode_ci DEFAULT '',
  PRIMARY KEY (`ID_`),
  KEY `ACT_IDX_HI_CASE_INST_END` (`END_TIME_`)
) ENGINE=InnoDB DEFAULT CHARSET=utf8mb4 COLLATE=utf8mb4_unicode_ci;
/*!40101 SET character_set_client = @saved_cs_client */;

--
-- Dumping data for table `act_cmmn_hi_case_inst`
--

LOCK TABLES `act_cmmn_hi_case_inst` WRITE;
/*!40000 ALTER TABLE `act_cmmn_hi_case_inst` DISABLE KEYS */;
/*!40000 ALTER TABLE `act_cmmn_hi_case_inst` ENABLE KEYS */;
UNLOCK TABLES;

--
-- Table structure for table `act_dmn_hi_decision_execution`
--

DROP TABLE IF EXISTS `act_dmn_hi_decision_execution`;
/*!40101 SET @saved_cs_client     = @@character_set_client */;
/*!50503 SET character_set_client = utf8mb4 */;
CREATE TABLE `act_dmn_hi_decision_execution` (
  `ID_` varchar(255) COLLATE utf8mb4_unicode_ci NOT NULL,
  `DECISION_DEFINITION_ID_` varchar(255) COLLATE utf8mb4_unicode_ci DEFAULT NULL,
  `DEPLOYMENT_ID_` varchar(255) COLLATE utf8mb4_unicode_ci DEFAULT NULL,
  `START_TIME_` datetime(3) DEFAULT NULL,
  `END_TIME_` datetime(3) DEFAULT NULL,
  `INSTANCE_ID_` varchar(255) COLLATE utf8mb4_unicode_ci DEFAULT NULL,
  `EXECUTION_ID_` varchar(255) COLLATE utf8mb4_unicode_ci DEFAULT NULL,
  `ACTIVITY_ID_` varchar(255) COLLATE utf8mb4_unicode_ci DEFAULT NULL,
  `FAILED_` tinyint DEFAULT '0',
  `TENANT_ID_` varchar(255) COLLATE utf8mb4_unicode_ci DEFAULT NULL,
  `EXECUTION_JSON_` longtext COLLATE utf8mb4_unicode_ci,
  `SCOPE_TYPE_` varchar(255) COLLATE utf8mb4_unicode_ci DEFAULT NULL,
  PRIMARY KEY (`ID_`),
  KEY `ACT_IDX_DMN_INSTANCE_ID` (`INSTANCE_ID_`)
) ENGINE=InnoDB DEFAULT CHARSET=utf8mb4 COLLATE=utf8mb4_unicode_ci;
/*!40101 SET character_set_client = @saved_cs_client */;

--
-- Dumping data for table `act_dmn_hi_decision_execution`
--

LOCK TABLES `act_dmn_hi_decision_execution` WRITE;
/*!40000 ALTER TABLE `act_dmn_hi_decision_execution` DISABLE KEYS */;
/*!40000 ALTER TABLE `act_dmn_hi_decision_execution` ENABLE KEYS */;
UNLOCK TABLES;

--
-- Table structure for table `flw_event_resource`
--

DROP TABLE IF EXISTS `flw_event_resource`;
/*!40101 SET @saved_cs_client     = @@character_set_client */;
/*!50503 SET character_set_client = utf8mb4 */;
CREATE TABLE `flw_event_resource` (
  `ID_` varchar(255) COLLATE utf8mb4_unicode_ci NOT NULL,
  `NAME_` varchar(255) COLLATE utf8mb4_unicode_ci DEFAULT NULL,
  `DEPLOYMENT_ID_` varchar(255) COLLATE utf8mb4_unicode_ci DEFAULT NULL,
  `RESOURCE_BYTES_` longblob,
  PRIMARY KEY (`ID_`)
) ENGINE=InnoDB DEFAULT CHARSET=utf8mb4 COLLATE=utf8mb4_unicode_ci;
/*!40101 SET character_set_client = @saved_cs_client */;

--
-- Dumping data for table `flw_event_resource`
--

LOCK TABLES `flw_event_resource` WRITE;
/*!40000 ALTER TABLE `flw_event_resource` DISABLE KEYS */;
/*!40000 ALTER TABLE `flw_event_resource` ENABLE KEYS */;
UNLOCK TABLES;

--
-- Table structure for table `act_cmmn_ru_case_inst`
--

DROP TABLE IF EXISTS `act_cmmn_ru_case_inst`;
/*!40101 SET @saved_cs_client     = @@character_set_client */;
/*!50503 SET character_set_client = utf8mb4 */;
CREATE TABLE `act_cmmn_ru_case_inst` (
  `ID_` varchar(255) COLLATE utf8mb4_unicode_ci NOT NULL,
  `REV_` int NOT NULL,
  `BUSINESS_KEY_` varchar(255) COLLATE utf8mb4_unicode_ci DEFAULT NULL,
  `NAME_` varchar(255) COLLATE utf8mb4_unicode_ci DEFAULT NULL,
  `PARENT_ID_` varchar(255) COLLATE utf8mb4_unicode_ci DEFAULT NULL,
  `CASE_DEF_ID_` varchar(255) COLLATE utf8mb4_unicode_ci DEFAULT NULL,
  `STATE_` varchar(255) COLLATE utf8mb4_unicode_ci DEFAULT NULL,
  `START_TIME_` datetime(3) DEFAULT NULL,
  `START_USER_ID_` varchar(255) COLLATE utf8mb4_unicode_ci DEFAULT NULL,
  `CALLBACK_ID_` varchar(255) COLLATE utf8mb4_unicode_ci DEFAULT NULL,
  `CALLBACK_TYPE_` varchar(255) COLLATE utf8mb4_unicode_ci DEFAULT NULL,
  `LOCK_TIME_` datetime(3) DEFAULT NULL,
  `LOCK_OWNER_` varchar(255) COLLATE utf8mb4_unicode_ci DEFAULT NULL,
  `IS_COMPLETEABLE_` tinyint DEFAULT NULL,
  `REFERENCE_ID_` varchar(255) COLLATE utf8mb4_unicode_ci DEFAULT NULL,
  `REFERENCE_TYPE_` varchar(255) COLLATE utf8mb4_unicode_ci DEFAULT NULL,
  `LAST_REACTIVATION_TIME_` datetime(3) DEFAULT NULL,
  `LAST_REACTIVATION_USER_ID_` varchar(255) COLLATE utf8mb4_unicode_ci DEFAULT NULL,
  `BUSINESS_STATUS_` varchar(255) COLLATE utf8mb4_unicode_ci DEFAULT NULL,
  `TENANT_ID_` varchar(255) COLLATE utf8mb4_unicode_ci DEFAULT '',
  PRIMARY KEY (`ID_`),
  KEY `ACT_IDX_CASE_INST_CASE_DEF` (`CASE_DEF_ID_`),
  KEY `ACT_IDX_CASE_INST_PARENT` (`PARENT_ID_`),
  KEY `ACT_IDX_CASE_INST_REF_ID_` (`REFERENCE_ID_`),
  CONSTRAINT `ACT_FK_CASE_INST_CASE_DEF` FOREIGN KEY (`CASE_DEF_ID_`) REFERENCES `act_cmmn_casedef` (`ID_`)
) ENGINE=InnoDB DEFAULT CHARSET=utf8mb4 COLLATE=utf8mb4_unicode_ci;
/*!40101 SET character_set_client = @saved_cs_client */;

--
-- Dumping data for table `act_cmmn_ru_case_inst`
--

LOCK TABLES `act_cmmn_ru_case_inst` WRITE;
/*!40000 ALTER TABLE `act_cmmn_ru_case_inst` DISABLE KEYS */;
/*!40000 ALTER TABLE `act_cmmn_ru_case_inst` ENABLE KEYS */;
UNLOCK TABLES;

--
-- Table structure for table `act_hi_detail`
--

DROP TABLE IF EXISTS `act_hi_detail`;
/*!40101 SET @saved_cs_client     = @@character_set_client */;
/*!50503 SET character_set_client = utf8mb4 */;
CREATE TABLE `act_hi_detail` (
  `ID_` varchar(64) COLLATE utf8mb3_bin NOT NULL,
  `TYPE_` varchar(255) COLLATE utf8mb3_bin NOT NULL,
  `PROC_INST_ID_` varchar(64) COLLATE utf8mb3_bin DEFAULT NULL,
  `EXECUTION_ID_` varchar(64) COLLATE utf8mb3_bin DEFAULT NULL,
  `TASK_ID_` varchar(64) COLLATE utf8mb3_bin DEFAULT NULL,
  `ACT_INST_ID_` varchar(64) COLLATE utf8mb3_bin DEFAULT NULL,
  `NAME_` varchar(255) COLLATE utf8mb3_bin NOT NULL,
  `VAR_TYPE_` varchar(255) COLLATE utf8mb3_bin DEFAULT NULL,
  `REV_` int DEFAULT NULL,
  `TIME_` datetime(3) NOT NULL,
  `BYTEARRAY_ID_` varchar(64) COLLATE utf8mb3_bin DEFAULT NULL,
  `DOUBLE_` double DEFAULT NULL,
  `LONG_` bigint DEFAULT NULL,
  `TEXT_` varchar(4000) COLLATE utf8mb3_bin DEFAULT NULL,
  `TEXT2_` varchar(4000) COLLATE utf8mb3_bin DEFAULT NULL,
  PRIMARY KEY (`ID_`),
  KEY `ACT_IDX_HI_DETAIL_PROC_INST` (`PROC_INST_ID_`),
  KEY `ACT_IDX_HI_DETAIL_ACT_INST` (`ACT_INST_ID_`),
  KEY `ACT_IDX_HI_DETAIL_TIME` (`TIME_`),
  KEY `ACT_IDX_HI_DETAIL_NAME` (`NAME_`),
  KEY `ACT_IDX_HI_DETAIL_TASK_ID` (`TASK_ID_`)
) ENGINE=InnoDB DEFAULT CHARSET=utf8mb3 COLLATE=utf8mb3_bin;
/*!40101 SET character_set_client = @saved_cs_client */;

--
-- Dumping data for table `act_hi_detail`
--

LOCK TABLES `act_hi_detail` WRITE;
/*!40000 ALTER TABLE `act_hi_detail` DISABLE KEYS */;
INSERT INTO `act_hi_detail` VALUES ('8c97576d-3063-11f1-8e5a-8c1645e938b5','VariableUpdate','8c95d0c7-3063-11f1-8e5a-8c1645e938b5','8c95d0c7-3063-11f1-8e5a-8c1645e938b5',NULL,NULL,'formJson','serializable',0,'2026-04-05 04:19:14.382','8c97576c-3063-11f1-8e5a-8c1645e938b5',NULL,NULL,NULL,NULL),('8c97576f-3063-11f1-8e5a-8c1645e938b5','VariableUpdate','8c95d0c7-3063-11f1-8e5a-8c1645e938b5','8c95d0c7-3063-11f1-8e5a-8c1645e938b5',NULL,NULL,'input20238','string',0,'2026-04-05 04:19:14.382',NULL,NULL,NULL,'хЬ░цЦ╣ ',NULL),('8c977e81-3063-11f1-8e5a-8c1645e938b5','VariableUpdate','8c95d0c7-3063-11f1-8e5a-8c1645e938b5','8c95d0c7-3063-11f1-8e5a-8c1645e938b5',NULL,NULL,'textarea77059','string',0,'2026-04-05 04:19:14.383',NULL,NULL,NULL,'хЬ░цЦ╣цШп   ',NULL),('8c977e83-3063-11f1-8e5a-8c1645e938b5','VariableUpdate','8c95d0c7-3063-11f1-8e5a-8c1645e938b5','8c95d0c7-3063-11f1-8e5a-8c1645e938b5',NULL,NULL,'input18200','string',0,'2026-04-05 04:19:14.383',NULL,NULL,NULL,'a хПСчЪДfa',NULL),('8c977e85-3063-11f1-8e5a-8c1645e938b5','VariableUpdate','8c95d0c7-3063-11f1-8e5a-8c1645e938b5','8c95d0c7-3063-11f1-8e5a-8c1645e938b5',NULL,NULL,'input86112','string',0,'2026-04-05 04:19:14.383',NULL,NULL,NULL,'aчЪДхПСчЪДa\'d',NULL),('8c977e87-3063-11f1-8e5a-8c1645e938b5','VariableUpdate','8c95d0c7-3063-11f1-8e5a-8c1645e938b5','8c95d0c7-3063-11f1-8e5a-8c1645e938b5',NULL,NULL,'INITIATOR','long',0,'2026-04-05 04:19:14.383',NULL,NULL,1,'1',NULL),('8cb4555f-3063-11f1-8e5a-8c1645e938b5','VariableUpdate','8c95d0c7-3063-11f1-8e5a-8c1645e938b5','8c95d0c7-3063-11f1-8e5a-8c1645e938b5',NULL,'8c9841db-3063-11f1-8e5a-8c1645e938b5','formJson','serializable',1,'2026-04-05 04:19:14.572','8cb4555e-3063-11f1-8e5a-8c1645e938b5',NULL,NULL,NULL,NULL),('8cb4a380-3063-11f1-8e5a-8c1645e938b5','VariableUpdate','8c95d0c7-3063-11f1-8e5a-8c1645e938b5','8c95d0c7-3063-11f1-8e5a-8c1645e938b5',NULL,'8c9841db-3063-11f1-8e5a-8c1645e938b5','input20238','string',1,'2026-04-05 04:19:14.574',NULL,NULL,NULL,'хЬ░цЦ╣ ',NULL),('8cb4a381-3063-11f1-8e5a-8c1645e938b5','VariableUpdate','8c95d0c7-3063-11f1-8e5a-8c1645e938b5','8c95d0c7-3063-11f1-8e5a-8c1645e938b5',NULL,'8c9841db-3063-11f1-8e5a-8c1645e938b5','textarea77059','string',1,'2026-04-05 04:19:14.574',NULL,NULL,NULL,'хЬ░цЦ╣цШп   ',NULL),('8cb4ca92-3063-11f1-8e5a-8c1645e938b5','VariableUpdate','8c95d0c7-3063-11f1-8e5a-8c1645e938b5','8c95d0c7-3063-11f1-8e5a-8c1645e938b5',NULL,'8c9841db-3063-11f1-8e5a-8c1645e938b5','input18200','string',1,'2026-04-05 04:19:14.575',NULL,NULL,NULL,'a хПСчЪДfa',NULL),('8cb4f1a3-3063-11f1-8e5a-8c1645e938b5','VariableUpdate','8c95d0c7-3063-11f1-8e5a-8c1645e938b5','8c95d0c7-3063-11f1-8e5a-8c1645e938b5',NULL,'8c9841db-3063-11f1-8e5a-8c1645e938b5','input86112','string',1,'2026-04-05 04:19:14.576',NULL,NULL,NULL,'aчЪДхПСчЪДa\'d',NULL),('8cb518b4-3063-11f1-8e5a-8c1645e938b5','VariableUpdate','8c95d0c7-3063-11f1-8e5a-8c1645e938b5','8c95d0c7-3063-11f1-8e5a-8c1645e938b5',NULL,'8c9841db-3063-11f1-8e5a-8c1645e938b5','INITIATOR','long',1,'2026-04-05 04:19:14.577',NULL,NULL,1,'1',NULL),('8ce1f51f-3063-11f1-8e5a-8c1645e938b5','VariableUpdate','8ce1f519-3063-11f1-8e5a-8c1645e938b5','8ce1f519-3063-11f1-8e5a-8c1645e938b5',NULL,NULL,'formJson','serializable',0,'2026-04-05 04:19:14.871','8ce1f51e-3063-11f1-8e5a-8c1645e938b5',NULL,NULL,NULL,NULL),('8ce1f521-3063-11f1-8e5a-8c1645e938b5','VariableUpdate','8ce1f519-3063-11f1-8e5a-8c1645e938b5','8ce1f519-3063-11f1-8e5a-8c1645e938b5',NULL,NULL,'input20238','string',0,'2026-04-05 04:19:14.871',NULL,NULL,NULL,'хЬ░цЦ╣ ',NULL),('8ce1f523-3063-11f1-8e5a-8c1645e938b5','VariableUpdate','8ce1f519-3063-11f1-8e5a-8c1645e938b5','8ce1f519-3063-11f1-8e5a-8c1645e938b5',NULL,NULL,'textarea77059','string',0,'2026-04-05 04:19:14.871',NULL,NULL,NULL,'хЬ░цЦ╣цШп   ',NULL),('8ce1f525-3063-11f1-8e5a-8c1645e938b5','VariableUpdate','8ce1f519-3063-11f1-8e5a-8c1645e938b5','8ce1f519-3063-11f1-8e5a-8c1645e938b5',NULL,NULL,'input18200','string',0,'2026-04-05 04:19:14.871',NULL,NULL,NULL,'a хПСчЪДfa',NULL),('8ce1f527-3063-11f1-8e5a-8c1645e938b5','VariableUpdate','8ce1f519-3063-11f1-8e5a-8c1645e938b5','8ce1f519-3063-11f1-8e5a-8c1645e938b5',NULL,NULL,'input86112','string',0,'2026-04-05 04:19:14.871',NULL,NULL,NULL,'aчЪДхПСчЪДa\'d',NULL),('8ce21c39-3063-11f1-8e5a-8c1645e938b5','VariableUpdate','8ce1f519-3063-11f1-8e5a-8c1645e938b5','8ce1f519-3063-11f1-8e5a-8c1645e938b5',NULL,NULL,'INITIATOR','long',0,'2026-04-05 04:19:14.872',NULL,NULL,1,'1',NULL),('8ce8d301-3063-11f1-8e5a-8c1645e938b5','VariableUpdate','8ce1f519-3063-11f1-8e5a-8c1645e938b5','8ce1f519-3063-11f1-8e5a-8c1645e938b5',NULL,'8ce21c3d-3063-11f1-8e5a-8c1645e938b5','formJson','serializable',1,'2026-04-05 04:19:14.916','8ce8d300-3063-11f1-8e5a-8c1645e938b5',NULL,NULL,NULL,NULL),('8ce8fa12-3063-11f1-8e5a-8c1645e938b5','VariableUpdate','8ce1f519-3063-11f1-8e5a-8c1645e938b5','8ce1f519-3063-11f1-8e5a-8c1645e938b5',NULL,'8ce21c3d-3063-11f1-8e5a-8c1645e938b5','input20238','string',1,'2026-04-05 04:19:14.917',NULL,NULL,NULL,'хЬ░цЦ╣ ',NULL),('8ce94833-3063-11f1-8e5a-8c1645e938b5','VariableUpdate','8ce1f519-3063-11f1-8e5a-8c1645e938b5','8ce1f519-3063-11f1-8e5a-8c1645e938b5',NULL,'8ce21c3d-3063-11f1-8e5a-8c1645e938b5','textarea77059','string',1,'2026-04-05 04:19:14.919',NULL,NULL,NULL,'хЬ░цЦ╣цШп   ',NULL),('8ce96f44-3063-11f1-8e5a-8c1645e938b5','VariableUpdate','8ce1f519-3063-11f1-8e5a-8c1645e938b5','8ce1f519-3063-11f1-8e5a-8c1645e938b5',NULL,'8ce21c3d-3063-11f1-8e5a-8c1645e938b5','input18200','string',1,'2026-04-05 04:19:14.920',NULL,NULL,NULL,'a хПСчЪДfa',NULL),('8ce96f45-3063-11f1-8e5a-8c1645e938b5','VariableUpdate','8ce1f519-3063-11f1-8e5a-8c1645e938b5','8ce1f519-3063-11f1-8e5a-8c1645e938b5',NULL,'8ce21c3d-3063-11f1-8e5a-8c1645e938b5','input86112','string',1,'2026-04-05 04:19:14.920',NULL,NULL,NULL,'aчЪДхПСчЪДa\'d',NULL),('8ce99656-3063-11f1-8e5a-8c1645e938b5','VariableUpdate','8ce1f519-3063-11f1-8e5a-8c1645e938b5','8ce1f519-3063-11f1-8e5a-8c1645e938b5',NULL,'8ce21c3d-3063-11f1-8e5a-8c1645e938b5','INITIATOR','long',1,'2026-04-05 04:19:14.921',NULL,NULL,1,'1',NULL);
/*!40000 ALTER TABLE `act_hi_detail` ENABLE KEYS */;
UNLOCK TABLES;

--
-- Table structure for table `flw_event_deployment`
--

DROP TABLE IF EXISTS `flw_event_deployment`;
/*!40101 SET @saved_cs_client     = @@character_set_client */;
/*!50503 SET character_set_client = utf8mb4 */;
CREATE TABLE `flw_event_deployment` (
  `ID_` varchar(255) COLLATE utf8mb4_unicode_ci NOT NULL,
  `NAME_` varchar(255) COLLATE utf8mb4_unicode_ci DEFAULT NULL,
  `CATEGORY_` varchar(255) COLLATE utf8mb4_unicode_ci DEFAULT NULL,
  `DEPLOY_TIME_` datetime(3) DEFAULT NULL,
  `TENANT_ID_` varchar(255) COLLATE utf8mb4_unicode_ci DEFAULT NULL,
  `PARENT_DEPLOYMENT_ID_` varchar(255) COLLATE utf8mb4_unicode_ci DEFAULT NULL,
  PRIMARY KEY (`ID_`)
) ENGINE=InnoDB DEFAULT CHARSET=utf8mb4 COLLATE=utf8mb4_unicode_ci;
/*!40101 SET character_set_client = @saved_cs_client */;

--
-- Dumping data for table `flw_event_deployment`
--

LOCK TABLES `flw_event_deployment` WRITE;
/*!40000 ALTER TABLE `flw_event_deployment` DISABLE KEYS */;
/*!40000 ALTER TABLE `flw_event_deployment` ENABLE KEYS */;
UNLOCK TABLES;

--
-- Table structure for table `sys_menu`
--

DROP TABLE IF EXISTS `sys_menu`;
/*!40101 SET @saved_cs_client     = @@character_set_client */;
/*!50503 SET character_set_client = utf8mb4 */;
CREATE TABLE `sys_menu` (
  `menu_id` bigint NOT NULL AUTO_INCREMENT COMMENT 'шПЬхНХID',
  `menu_name` varchar(50) COLLATE utf8mb4_unicode_ci NOT NULL COMMENT 'шПЬхНХхРНчз░',
  `parent_id` bigint DEFAULT '0' COMMENT 'чИ╢шПЬхНХID',
  `order_num` int DEFAULT '0' COMMENT 'цШ╛чд║щб║х║П',
  `path` varchar(200) COLLATE utf8mb4_unicode_ci DEFAULT '' COMMENT 'ш╖пчФ▒хЬ░хЭА',
  `component` varchar(255) COLLATE utf8mb4_unicode_ci DEFAULT NULL COMMENT 'ч╗Дф╗╢ш╖пх╛Д',
  `query` varchar(255) COLLATE utf8mb4_unicode_ci DEFAULT NULL COMMENT 'ш╖пчФ▒хПВцХ░',
  `route_name` varchar(50) COLLATE utf8mb4_unicode_ci DEFAULT '' COMMENT 'ш╖пчФ▒хРНчз░',
  `is_frame` int DEFAULT '1' COMMENT 'цШпхРжф╕║хдЦщУ╛я╝И0цШп 1хРжя╝Й',
  `is_cache` int DEFAULT '0' COMMENT 'цШпхРжч╝УхнШя╝И0ч╝УхнШ 1ф╕Нч╝УхнШя╝Й',
  `menu_type` char(1) COLLATE utf8mb4_unicode_ci DEFAULT '' COMMENT 'шПЬхНХч▒╗хЮЛя╝ИMчЫох╜Х CшПЬхНХ FцМЙщТоя╝Й',
  `visible` char(1) COLLATE utf8mb4_unicode_ci DEFAULT '0' COMMENT 'шПЬхНХчК╢цАБя╝И0цШ╛чд║ 1щЪРшЧПя╝Й',
  `status` char(1) COLLATE utf8mb4_unicode_ci DEFAULT '0' COMMENT 'шПЬхНХчК╢цАБя╝И0цнгх╕╕ 1хБЬчФия╝Й',
  `perms` varchar(100) COLLATE utf8mb4_unicode_ci DEFAULT NULL COMMENT 'цЭГщЩРцаЗшпЖ',
  `icon` varchar(100) COLLATE utf8mb4_unicode_ci DEFAULT '#' COMMENT 'шПЬхНХхЫ╛цаЗ',
  `create_by` varchar(64) COLLATE utf8mb4_unicode_ci DEFAULT '' COMMENT 'хИЫх╗║шАЕ',
  `create_time` datetime DEFAULT NULL COMMENT 'хИЫх╗║цЧ╢щЧ┤',
  `update_by` varchar(64) COLLATE utf8mb4_unicode_ci DEFAULT '' COMMENT 'цЫ┤цЦ░шАЕ',
  `update_time` datetime DEFAULT NULL COMMENT 'цЫ┤цЦ░цЧ╢щЧ┤',
  `remark` varchar(500) COLLATE utf8mb4_unicode_ci DEFAULT '' COMMENT 'хдЗц│и',
  PRIMARY KEY (`menu_id`),
  KEY `idx_sys_menu_parent` (`parent_id`)
) ENGINE=InnoDB AUTO_INCREMENT=200703 DEFAULT CHARSET=utf8mb4 COLLATE=utf8mb4_unicode_ci COMMENT='шПЬхНХцЭГщЩРшби';
/*!40101 SET character_set_client = @saved_cs_client */;

--
-- Dumping data for table `sys_menu`
--

LOCK TABLES `sys_menu` WRITE;
/*!40000 ALTER TABLE `sys_menu` DISABLE KEYS */;
INSERT INTO `sys_menu` VALUES (1,'ч│╗ч╗ЯчобчРЖ',0,1,'system',NULL,'','',1,0,'M','0','0','','system','admin','2026-04-22 01:46:28','',NULL,'ч│╗ч╗ЯчобчРЖчЫох╜Х'),(2,'ч│╗ч╗ЯчЫСцОз',0,2,'monitor',NULL,'','',1,0,'M','0','0','','monitor','admin','2026-04-22 01:46:28','',NULL,'ч│╗ч╗ЯчЫСцОзчЫох╜Х'),(3,'ч│╗ч╗Ях╖ехЕ╖',0,3,'tool',NULL,'','',1,0,'M','0','0','','tool','admin','2026-04-22 01:46:28','',NULL,'ч│╗ч╗Ях╖ехЕ╖чЫох╜Х'),(4,'хвищЯ╡хоШч╜С',0,4,'http://localhost:3000/',NULL,'','',0,0,'M','0','0','','guide','admin','2026-04-22 01:46:28','admin','2026-05-27 02:35:53','хвищЯ╡хоШч╜СхЬ░хЭА'),(10,'ц╡БчиЛчобчРЖ',0,10,'flowable',NULL,'','',1,0,'M','0','0','','tree','admin','2026-04-22 01:46:52','',NULL,'ц╡БчиЛчобчРЖчЫох╜Х'),(100,'чФицИ╖чобчРЖ',1,1,'user','system/user/index','','',1,0,'C','0','0','system:user:list','user','admin','2026-04-22 01:46:28','',NULL,'чФицИ╖чобчРЖшПЬхНХ'),(101,'шзТшЙ▓чобчРЖ',1,2,'role','system/role/index','','',1,0,'C','0','0','system:role:list','peoples','admin','2026-04-22 01:46:28','',NULL,'шзТшЙ▓чобчРЖшПЬхНХ'),(102,'шПЬхНХчобчРЖ',1,3,'menu','system/menu/index','','',1,0,'C','0','0','system:menu:list','tree-table','admin','2026-04-22 01:46:28','',NULL,'шПЬхНХчобчРЖшПЬхНХ'),(103,'щГищЧичобчРЖ',1,4,'dept','system/dept/index','','',1,0,'C','0','0','system:dept:list','tree','admin','2026-04-22 01:46:28','',NULL,'щГищЧичобчРЖшПЬхНХ'),(104,'х▓Чф╜НчобчРЖ',1,5,'post','system/post/index','','',1,0,'C','0','0','system:post:list','post','admin','2026-04-22 01:46:28','',NULL,'х▓Чф╜НчобчРЖшПЬхНХ'),(105,'хнЧхЕ╕чобчРЖ',1,6,'dict','system/dict/index','','',1,0,'C','0','0','system:dict:list','dict','admin','2026-04-22 01:46:28','',NULL,'хнЧхЕ╕чобчРЖшПЬхНХ'),(106,'хПВцХ░шо╛ч╜о',1,7,'config','system/config/index','','',1,0,'C','0','0','system:config:list','edit','admin','2026-04-22 01:46:28','',NULL,'хПВцХ░шо╛ч╜ошПЬхНХ'),(107,'щАЪчЯехЕмхСК',1,8,'notice','system/notice/index','','',1,0,'C','0','0','system:notice:list','message','admin','2026-04-22 01:46:28','',NULL,'щАЪчЯехЕмхСКшПЬхНХ'),(108,'цЧех┐ЧчобчРЖ',1,9,'log','','','',1,0,'M','0','0','','log','admin','2026-04-22 01:46:28','',NULL,'цЧех┐ЧчобчРЖшПЬхНХ'),(109,'хЬич║┐чФицИ╖',2,1,'online','monitor/online/index','','',1,0,'C','0','0','monitor:online:list','online','admin','2026-04-22 01:46:28','',NULL,'хЬич║┐чФицИ╖шПЬхНХ'),(110,'хоЪцЧ╢ф╗╗хКб',2,2,'job','monitor/job/index','','',1,0,'C','0','0','monitor:job:list','job','admin','2026-04-22 01:46:28','',NULL,'хоЪцЧ╢ф╗╗хКбшПЬхНХ'),(111,'цХ░цНочЫСцОз',2,3,'druid','monitor/druid/index','','',1,0,'C','0','0','monitor:druid:list','druid','admin','2026-04-22 01:46:28','',NULL,'цХ░цНочЫСцОзшПЬхНХ'),(112,'цЬНхКбчЫСцОз',2,4,'server','monitor/server/index','','',1,0,'C','0','0','monitor:server:list','server','admin','2026-04-22 01:46:28','',NULL,'цЬНхКбчЫСцОзшПЬхНХ'),(113,'ч╝УхнШчЫСцОз',2,5,'cache','monitor/cache/index','','',1,0,'C','0','0','monitor:cache:list','redis','admin','2026-04-22 01:46:28','',NULL,'ч╝УхнШчЫСцОзшПЬхНХ'),(114,'ч╝УхнШхИЧшби',2,6,'cacheList','monitor/cache/list','','',1,0,'C','0','0','monitor:cache:list','redis-list','admin','2026-04-22 01:46:28','',NULL,'ч╝УхнШхИЧшбишПЬхНХ'),(115,'шбихНХцЮДх╗║',3,1,'build','tool/build/index','','',1,0,'C','0','0','tool:build:list','build','admin','2026-04-22 01:46:28','',NULL,'шбихНХцЮДх╗║шПЬхНХ'),(116,'ф╗гчаБчФЯцИР',3,2,'gen','tool/gen/index','','',1,0,'C','0','0','tool:gen:list','code','admin','2026-04-22 01:46:28','',NULL,'ф╗гчаБчФЯцИРшПЬхНХ'),(117,'ч│╗ч╗ЯцОехПг',3,3,'swagger','tool/swagger/index','','',1,0,'C','0','0','tool:swagger:list','swagger','admin','2026-04-22 01:46:28','',NULL,'ч│╗ч╗ЯцОехПгшПЬхНХ'),(118,'ц╡БчиЛхоЪф╣Й',10,1,'definition','flowable/definition/index','','',1,0,'C','0','0','flowable:definition:list','tree-table','admin','2026-04-22 01:46:52','',NULL,'ц╡БчиЛхоЪф╣ЙшПЬхНХ'),(119,'ц╡БчиЛф╗╗хКб',10,2,'task','flowable/task/index','','',1,0,'C','0','0','flowable:task:list','peoples','admin','2026-04-22 01:46:52','',NULL,'ц╡БчиЛф╗╗хКбшПЬхНХ'),(500,'цУНф╜ЬцЧех┐Ч',108,1,'operlog','monitor/operlog/index','','',1,0,'C','0','0','monitor:operlog:list','form','admin','2026-04-22 01:46:28','',NULL,'цУНф╜ЬцЧех┐ЧшПЬхНХ'),(501,'чЩ╗х╜ХцЧех┐Ч',108,2,'logininfor','monitor/logininfor/index','','',1,0,'C','0','0','monitor:logininfor:list','logininfor','admin','2026-04-22 01:46:28','',NULL,'чЩ╗х╜ХцЧех┐ЧшПЬхНХ'),(1000,'чФицИ╖цЯешпв',100,1,'','','','',1,0,'F','0','0','system:user:query','#','admin','2026-04-22 01:46:28','',NULL,''),(1001,'чФицИ╖цЦ░хвЮ',100,2,'','','','',1,0,'F','0','0','system:user:add','#','admin','2026-04-22 01:46:28','',NULL,''),(1002,'чФицИ╖ф┐оцФ╣',100,3,'','','','',1,0,'F','0','0','system:user:edit','#','admin','2026-04-22 01:46:28','',NULL,''),(1003,'чФицИ╖хИащЩд',100,4,'','','','',1,0,'F','0','0','system:user:remove','#','admin','2026-04-22 01:46:28','',NULL,''),(1004,'чФицИ╖хп╝хЗ║',100,5,'','','','',1,0,'F','0','0','system:user:export','#','admin','2026-04-22 01:46:28','',NULL,''),(1005,'чФицИ╖хп╝хЕе',100,6,'','','','',1,0,'F','0','0','system:user:import','#','admin','2026-04-22 01:46:28','',NULL,''),(1006,'щЗНч╜охпЖчаБ',100,7,'','','','',1,0,'F','0','0','system:user:resetPwd','#','admin','2026-04-22 01:46:28','',NULL,'');
/*!40000 ALTER TABLE `sys_menu` ENABLE KEYS */;
UNLOCK TABLES;

--
-- Table structure for table `act_cmmn_ru_mil_inst`
--

DROP TABLE IF EXISTS `act_cmmn_ru_mil_inst`;
/*!40101 SET @saved_cs_client     = @@character_set_client */;
/*!50503 SET character_set_client = utf8mb4 */;
CREATE TABLE `act_cmmn_ru_mil_inst` (
  `ID_` varchar(255) COLLATE utf8mb4_unicode_ci NOT NULL,
  `NAME_` varchar(255) COLLATE utf8mb4_unicode_ci NOT NULL,
  `TIME_STAMP_` datetime(3) NOT NULL,
  `CASE_INST_ID_` varchar(255) COLLATE utf8mb4_unicode_ci NOT NULL,
  `CASE_DEF_ID_` varchar(255) COLLATE utf8mb4_unicode_ci NOT NULL,
  `ELEMENT_ID_` varchar(255) COLLATE utf8mb4_unicode_ci NOT NULL,
  `TENANT_ID_` varchar(255) COLLATE utf8mb4_unicode_ci DEFAULT '',
  PRIMARY KEY (`ID_`),
  KEY `ACT_IDX_MIL_CASE_DEF` (`CASE_DEF_ID_`),
  KEY `ACT_IDX_MIL_CASE_INST` (`CASE_INST_ID_`),
  CONSTRAINT `ACT_FK_MIL_CASE_DEF` FOREIGN KEY (`CASE_DEF_ID_`) REFERENCES `act_cmmn_casedef` (`ID_`),
  CONSTRAINT `ACT_FK_MIL_CASE_INST` FOREIGN KEY (`CASE_INST_ID_`) REFERENCES `act_cmmn_ru_case_inst` (`ID_`)
) ENGINE=InnoDB DEFAULT CHARSET=utf8mb4 COLLATE=utf8mb4_unicode_ci;
/*!40101 SET character_set_client = @saved_cs_client */;

--
-- Dumping data for table `act_cmmn_ru_mil_inst`
--

LOCK TABLES `act_cmmn_ru_mil_inst` WRITE;
/*!40000 ALTER TABLE `act_cmmn_ru_mil_inst` DISABLE KEYS */;
/*!40000 ALTER TABLE `act_cmmn_ru_mil_inst` ENABLE KEYS */;
UNLOCK TABLES;

--
-- Table structure for table `flw_event_definition`
--

DROP TABLE IF EXISTS `flw_event_definition`;
/*!40101 SET @saved_cs_client     = @@character_set_client */;
/*!50503 SET character_set_client = utf8mb4 */;
CREATE TABLE `flw_event_definition` (
  `ID_` varchar(255) COLLATE utf8mb4_unicode_ci NOT NULL,
  `NAME_` varchar(255) COLLATE utf8mb4_unicode_ci DEFAULT NULL,
  `VERSION_` int DEFAULT NULL,
  `KEY_` varchar(255) COLLATE utf8mb4_unicode_ci DEFAULT NULL,
  `CATEGORY_` varchar(255) COLLATE utf8mb4_unicode_ci DEFAULT NULL,
  `DEPLOYMENT_ID_` varchar(255) COLLATE utf8mb4_unicode_ci DEFAULT NULL,
  `TENANT_ID_` varchar(255) COLLATE utf8mb4_unicode_ci DEFAULT NULL,
  `RESOURCE_NAME_` varchar(255) COLLATE utf8mb4_unicode_ci DEFAULT NULL,
  `DESCRIPTION_` varchar(255) COLLATE utf8mb4_unicode_ci DEFAULT NULL,
  PRIMARY KEY (`ID_`),
  UNIQUE KEY `ACT_IDX_EVENT_DEF_UNIQ` (`KEY_`,`VERSION_`,`TENANT_ID_`)
) ENGINE=InnoDB DEFAULT CHARSET=utf8mb4 COLLATE=utf8mb4_unicode_ci;
/*!40101 SET character_set_client = @saved_cs_client */;

--
-- Dumping data for table `flw_event_definition`
--

LOCK TABLES `flw_event_definition` WRITE;
/*!40000 ALTER TABLE `flw_event_definition` DISABLE KEYS */;
/*!40000 ALTER TABLE `flw_event_definition` ENABLE KEYS */;
UNLOCK TABLES;

--
-- Table structure for table `sys_logininfor`
--

DROP TABLE IF EXISTS `sys_logininfor`;
/*!40101 SET @saved_cs_client     = @@character_set_client */;
/*!50503 SET character_set_client = utf8mb4 */;
CREATE TABLE `sys_logininfor` (
  `info_id` bigint NOT NULL AUTO_INCREMENT COMMENT 'шо┐щЧоID',
  `user_name` varchar(50) COLLATE utf8mb4_unicode_ci DEFAULT '' COMMENT 'чФицИ╖ш┤жхП╖',
  `ipaddr` varchar(128) COLLATE utf8mb4_unicode_ci DEFAULT '' COMMENT 'чЩ╗х╜ХIPхЬ░хЭА',
  `login_location` varchar(255) COLLATE utf8mb4_unicode_ci DEFAULT '' COMMENT 'чЩ╗х╜ХхЬ░чВ╣',
  `browser` varchar(50) COLLATE utf8mb4_unicode_ci DEFAULT '' COMMENT 'ц╡ПшзИхЩич▒╗хЮЛ',
  `os` varchar(50) COLLATE utf8mb4_unicode_ci DEFAULT '' COMMENT 'цУНф╜Ьч│╗ч╗Я',
  `status` char(1) COLLATE utf8mb4_unicode_ci DEFAULT '0' COMMENT 'чЩ╗х╜ХчК╢цАБя╝И0цИРхКЯ 1хд▒ш┤ея╝Й',
  `msg` varchar(255) COLLATE utf8mb4_unicode_ci DEFAULT '' COMMENT 'цПРчд║ц╢ИцБп',
  `login_time` datetime DEFAULT NULL COMMENT 'шо┐щЧоцЧ╢щЧ┤',
  PRIMARY KEY (`info_id`),
  KEY `idx_sys_logininfor_s` (`status`),
  KEY `idx_sys_logininfor_lt` (`login_time`)
) ENGINE=InnoDB AUTO_INCREMENT=100 DEFAULT CHARSET=utf8mb4 COLLATE=utf8mb4_unicode_ci COMMENT='ч│╗ч╗Яшо┐щЧошо░х╜Х';
/*!40101 SET character_set_client = @saved_cs_client */;

--
-- Dumping data for table `sys_logininfor`
--

LOCK TABLES `sys_logininfor` WRITE;
/*!40000 ALTER TABLE `sys_logininfor` DISABLE KEYS */;
/*!40000 ALTER TABLE `sys_logininfor` ENABLE KEYS */;
UNLOCK TABLES;

--
-- Table structure for table `act_ru_variable`
--

DROP TABLE IF EXISTS `act_ru_variable`;
/*!40101 SET @saved_cs_client     = @@character_set_client */;
/*!50503 SET character_set_client = utf8mb4 */;
CREATE TABLE `act_ru_variable` (
  `ID_` varchar(64) COLLATE utf8mb3_bin NOT NULL,
  `REV_` int DEFAULT NULL,
  `TYPE_` varchar(255) COLLATE utf8mb3_bin NOT NULL,
  `NAME_` varchar(255) COLLATE utf8mb3_bin NOT NULL,
  `EXECUTION_ID_` varchar(64) COLLATE utf8mb3_bin DEFAULT NULL,
  `PROC_INST_ID_` varchar(64) COLLATE utf8mb3_bin DEFAULT NULL,
  `TASK_ID_` varchar(64) COLLATE utf8mb3_bin DEFAULT NULL,
  `SCOPE_ID_` varchar(255) COLLATE utf8mb3_bin DEFAULT NULL,
  `SUB_SCOPE_ID_` varchar(255) COLLATE utf8mb3_bin DEFAULT NULL,
  `SCOPE_TYPE_` varchar(255) COLLATE utf8mb3_bin DEFAULT NULL,
  `BYTEARRAY_ID_` varchar(64) COLLATE utf8mb3_bin DEFAULT NULL,
  `DOUBLE_` double DEFAULT NULL,
  `LONG_` bigint DEFAULT NULL,
  `TEXT_` varchar(4000) COLLATE utf8mb3_bin DEFAULT NULL,
  `TEXT2_` varchar(4000) COLLATE utf8mb3_bin DEFAULT NULL,
  `META_INFO_` varchar(4000) COLLATE utf8mb3_bin DEFAULT NULL,
  PRIMARY KEY (`ID_`),
  KEY `ACT_IDX_RU_VAR_SCOPE_ID_TYPE` (`SCOPE_ID_`,`SCOPE_TYPE_`),
  KEY `ACT_IDX_RU_VAR_SUB_ID_TYPE` (`SUB_SCOPE_ID_`,`SCOPE_TYPE_`),
  KEY `ACT_FK_VAR_BYTEARRAY` (`BYTEARRAY_ID_`),
  KEY `ACT_IDX_VARIABLE_TASK_ID` (`TASK_ID_`),
  KEY `ACT_FK_VAR_EXE` (`EXECUTION_ID_`),
  KEY `ACT_FK_VAR_PROCINST` (`PROC_INST_ID_`),
  CONSTRAINT `ACT_FK_VAR_BYTEARRAY` FOREIGN KEY (`BYTEARRAY_ID_`) REFERENCES `act_ge_bytearray` (`ID_`),
  CONSTRAINT `ACT_FK_VAR_EXE` FOREIGN KEY (`EXECUTION_ID_`) REFERENCES `act_ru_execution` (`ID_`),
  CONSTRAINT `ACT_FK_VAR_PROCINST` FOREIGN KEY (`PROC_INST_ID_`) REFERENCES `act_ru_execution` (`ID_`)
) ENGINE=InnoDB DEFAULT CHARSET=utf8mb3 COLLATE=utf8mb3_bin;
/*!40101 SET character_set_client = @saved_cs_client */;

--
-- Dumping data for table `act_ru_variable`
--

LOCK TABLES `act_ru_variable` WRITE;
/*!40000 ALTER TABLE `act_ru_variable` DISABLE KEYS */;
INSERT INTO `act_ru_variable` VALUES ('8c97305a-3063-11f1-8e5a-8c1645e938b5',1,'serializable','formJson','8c95d0c7-3063-11f1-8e5a-8c1645e938b5','8c95d0c7-3063-11f1-8e5a-8c1645e938b5',NULL,NULL,NULL,NULL,'8c970949-3063-11f1-8e5a-8c1645e938b5',NULL,NULL,NULL,NULL,NULL),('8c97576e-3063-11f1-8e5a-8c1645e938b5',1,'string','input20238','8c95d0c7-3063-11f1-8e5a-8c1645e938b5','8c95d0c7-3063-11f1-8e5a-8c1645e938b5',NULL,NULL,NULL,NULL,NULL,NULL,NULL,'хЬ░цЦ╣ ',NULL,NULL),('8c975770-3063-11f1-8e5a-8c1645e938b5',1,'string','textarea77059','8c95d0c7-3063-11f1-8e5a-8c1645e938b5','8c95d0c7-3063-11f1-8e5a-8c1645e938b5',NULL,NULL,NULL,NULL,NULL,NULL,NULL,'хЬ░цЦ╣цШп   ',NULL,NULL),('8c977e82-3063-11f1-8e5a-8c1645e938b5',1,'string','input18200','8c95d0c7-3063-11f1-8e5a-8c1645e938b5','8c95d0c7-3063-11f1-8e5a-8c1645e938b5',NULL,NULL,NULL,NULL,NULL,NULL,NULL,'a хПСчЪДfa',NULL,NULL),('8c977e84-3063-11f1-8e5a-8c1645e938b5',1,'string','input86112','8c95d0c7-3063-11f1-8e5a-8c1645e938b5','8c95d0c7-3063-11f1-8e5a-8c1645e938b5',NULL,NULL,NULL,NULL,NULL,NULL,NULL,'aчЪДхПСчЪДa\'d',NULL,NULL),('8c977e86-3063-11f1-8e5a-8c1645e938b5',1,'long','INITIATOR','8c95d0c7-3063-11f1-8e5a-8c1645e938b5','8c95d0c7-3063-11f1-8e5a-8c1645e938b5',NULL,NULL,NULL,NULL,NULL,NULL,1,'1',NULL,NULL),('8ce1f51c-3063-11f1-8e5a-8c1645e938b5',1,'serializable','formJson','8ce1f519-3063-11f1-8e5a-8c1645e938b5','8ce1f519-3063-11f1-8e5a-8c1645e938b5',NULL,NULL,NULL,NULL,'8ce1f51b-3063-11f1-8e5a-8c1645e938b5',NULL,NULL,NULL,NULL,NULL),('8ce1f520-3063-11f1-8e5a-8c1645e938b5',1,'string','input20238','8ce1f519-3063-11f1-8e5a-8c1645e938b5','8ce1f519-3063-11f1-8e5a-8c1645e938b5',NULL,NULL,NULL,NULL,NULL,NULL,NULL,'хЬ░цЦ╣ ',NULL,NULL),('8ce1f522-3063-11f1-8e5a-8c1645e938b5',1,'string','textarea77059','8ce1f519-3063-11f1-8e5a-8c1645e938b5','8ce1f519-3063-11f1-8e5a-8c1645e938b5',NULL,NULL,NULL,NULL,NULL,NULL,NULL,'хЬ░цЦ╣цШп   ',NULL,NULL),('8ce1f524-3063-11f1-8e5a-8c1645e938b5',1,'string','input18200','8ce1f519-3063-11f1-8e5a-8c1645e938b5','8ce1f519-3063-11f1-8e5a-8c1645e938b5',NULL,NULL,NULL,NULL,NULL,NULL,NULL,'a хПСчЪДfa',NULL,NULL),('8ce1f526-3063-11f1-8e5a-8c1645e938b5',1,'string','input86112','8ce1f519-3063-11f1-8e5a-8c1645e938b5','8ce1f519-3063-11f1-8e5a-8c1645e938b5',NULL,NULL,NULL,NULL,NULL,NULL,NULL,'aчЪДхПСчЪДa\'d',NULL,NULL),('8ce1f528-3063-11f1-8e5a-8c1645e938b5',1,'long','INITIATOR','8ce1f519-3063-11f1-8e5a-8c1645e938b5','8ce1f519-3063-11f1-8e5a-8c1645e938b5',NULL,NULL,NULL,NULL,NULL,NULL,1,'1',NULL,NULL);
/*!40000 ALTER TABLE `act_ru_variable` ENABLE KEYS */;
UNLOCK TABLES;

--
-- Table structure for table `act_hi_attachment`
--

DROP TABLE IF EXISTS `act_hi_attachment`;
/*!40101 SET @saved_cs_client     = @@character_set_client */;
/*!50503 SET character_set_client = utf8mb4 */;
CREATE TABLE `act_hi_attachment` (
  `ID_` varchar(64) COLLATE utf8mb3_bin NOT NULL,
  `REV_` int DEFAULT NULL,
  `USER_ID_` varchar(255) COLLATE utf8mb3_bin DEFAULT NULL,
  `NAME_` varchar(255) COLLATE utf8mb3_bin DEFAULT NULL,
  `DESCRIPTION_` varchar(4000) COLLATE utf8mb3_bin DEFAULT NULL,
  `TYPE_` varchar(255) COLLATE utf8mb3_bin DEFAULT NULL,
  `TASK_ID_` varchar(64) COLLATE utf8mb3_bin DEFAULT NULL,
  `PROC_INST_ID_` varchar(64) COLLATE utf8mb3_bin DEFAULT NULL,
  `URL_` varchar(4000) COLLATE utf8mb3_bin DEFAULT NULL,
  `CONTENT_ID_` varchar(64) COLLATE utf8mb3_bin DEFAULT NULL,
  `TIME_` datetime(3) DEFAULT NULL,
  PRIMARY KEY (`ID_`)
) ENGINE=InnoDB DEFAULT CHARSET=utf8mb3 COLLATE=utf8mb3_bin;
/*!40101 SET character_set_client = @saved_cs_client */;

--
-- Dumping data for table `act_hi_attachment`
--

LOCK TABLES `act_hi_attachment` WRITE;
/*!40000 ALTER TABLE `act_hi_attachment` DISABLE KEYS */;
/*!40000 ALTER TABLE `act_hi_attachment` ENABLE KEYS */;
UNLOCK TABLES;

--
-- Table structure for table `act_ru_identitylink`
--

DROP TABLE IF EXISTS `act_ru_identitylink`;
/*!40101 SET @saved_cs_client     = @@character_set_client */;
/*!50503 SET character_set_client = utf8mb4 */;
CREATE TABLE `act_ru_identitylink` (
  `ID_` varchar(64) COLLATE utf8mb3_bin NOT NULL,
  `REV_` int DEFAULT NULL,
  `GROUP_ID_` varchar(255) COLLATE utf8mb3_bin DEFAULT NULL,
  `TYPE_` varchar(255) COLLATE utf8mb3_bin DEFAULT NULL,
  `USER_ID_` varchar(255) COLLATE utf8mb3_bin DEFAULT NULL,
  `TASK_ID_` varchar(64) COLLATE utf8mb3_bin DEFAULT NULL,
  `PROC_INST_ID_` varchar(64) COLLATE utf8mb3_bin DEFAULT NULL,
  `PROC_DEF_ID_` varchar(64) COLLATE utf8mb3_bin DEFAULT NULL,
  `SCOPE_ID_` varchar(255) COLLATE utf8mb3_bin DEFAULT NULL,
  `SUB_SCOPE_ID_` varchar(255) COLLATE utf8mb3_bin DEFAULT NULL,
  `SCOPE_TYPE_` varchar(255) COLLATE utf8mb3_bin DEFAULT NULL,
  `SCOPE_DEFINITION_ID_` varchar(255) COLLATE utf8mb3_bin DEFAULT NULL,
  PRIMARY KEY (`ID_`),
  KEY `ACT_IDX_IDENT_LNK_USER` (`USER_ID_`),
  KEY `ACT_IDX_IDENT_LNK_GROUP` (`GROUP_ID_`),
  KEY `ACT_IDX_IDENT_LNK_SCOPE` (`SCOPE_ID_`,`SCOPE_TYPE_`),
  KEY `ACT_IDX_IDENT_LNK_SUB_SCOPE` (`SUB_SCOPE_ID_`,`SCOPE_TYPE_`),
  KEY `ACT_IDX_IDENT_LNK_SCOPE_DEF` (`SCOPE_DEFINITION_ID_`,`SCOPE_TYPE_`),
  KEY `ACT_IDX_ATHRZ_PROCEDEF` (`PROC_DEF_ID_`),
  KEY `ACT_FK_TSKASS_TASK` (`TASK_ID_`),
  KEY `ACT_FK_IDL_PROCINST` (`PROC_INST_ID_`),
  CONSTRAINT `ACT_FK_ATHRZ_PROCEDEF` FOREIGN KEY (`PROC_DEF_ID_`) REFERENCES `act_re_procdef` (`ID_`),
  CONSTRAINT `ACT_FK_IDL_PROCINST` FOREIGN KEY (`PROC_INST_ID_`) REFERENCES `act_ru_execution` (`ID_`),
  CONSTRAINT `ACT_FK_TSKASS_TASK` FOREIGN KEY (`TASK_ID_`) REFERENCES `act_ru_task` (`ID_`)
) ENGINE=InnoDB DEFAULT CHARSET=utf8mb3 COLLATE=utf8mb3_bin;
/*!40101 SET character_set_client = @saved_cs_client */;

--
-- Dumping data for table `act_ru_identitylink`
--

LOCK TABLES `act_ru_identitylink` WRITE;
/*!40000 ALTER TABLE `act_ru_identitylink` DISABLE KEYS */;
INSERT INTO `act_ru_identitylink` VALUES ('8c95f7d8-3063-11f1-8e5a-8c1645e938b5',1,NULL,'starter','1',NULL,'8c95d0c7-3063-11f1-8e5a-8c1645e938b5',NULL,NULL,NULL,NULL,NULL),('8cb518b5-3063-11f1-8e5a-8c1645e938b5',1,NULL,'participant','1',NULL,'8c95d0c7-3063-11f1-8e5a-8c1645e938b5',NULL,NULL,NULL,NULL,NULL),('8ce1f51a-3063-11f1-8e5a-8c1645e938b5',1,NULL,'starter','1',NULL,'8ce1f519-3063-11f1-8e5a-8c1645e938b5',NULL,NULL,NULL,NULL,NULL),('8ce99657-3063-11f1-8e5a-8c1645e938b5',1,NULL,'participant','1',NULL,'8ce1f519-3063-11f1-8e5a-8c1645e938b5',NULL,NULL,NULL,NULL,NULL);
/*!40000 ALTER TABLE `act_ru_identitylink` ENABLE KEYS */;
UNLOCK TABLES;

--
-- Table structure for table `qrtz_simprop_triggers`
--

DROP TABLE IF EXISTS `qrtz_simprop_triggers`;
/*!40101 SET @saved_cs_client     = @@character_set_client */;
/*!50503 SET character_set_client = utf8mb4 */;
CREATE TABLE `qrtz_simprop_triggers` (
  `sched_name` varchar(120) COLLATE utf8mb4_unicode_ci NOT NULL COMMENT 'ш░Гх║жхРНчз░',
  `trigger_name` varchar(200) COLLATE utf8mb4_unicode_ci NOT NULL COMMENT 'qrtz_triggersшбиtrigger_nameчЪДхдЦщФо',
  `trigger_group` varchar(200) COLLATE utf8mb4_unicode_ci NOT NULL COMMENT 'qrtz_triggersшбиtrigger_groupчЪДхдЦщФо',
  `str_prop_1` varchar(512) COLLATE utf8mb4_unicode_ci DEFAULT NULL COMMENT 'Stringч▒╗хЮЛчЪДtriggerчЪДчммф╕Аф╕кхПВцХ░',
  `str_prop_2` varchar(512) COLLATE utf8mb4_unicode_ci DEFAULT NULL COMMENT 'Stringч▒╗хЮЛчЪДtriggerчЪДчммф║Мф╕кхПВцХ░',
  `str_prop_3` varchar(512) COLLATE utf8mb4_unicode_ci DEFAULT NULL COMMENT 'Stringч▒╗хЮЛчЪДtriggerчЪДчммф╕Йф╕кхПВцХ░',
  `int_prop_1` int DEFAULT NULL COMMENT 'intч▒╗хЮЛчЪДtriggerчЪДчммф╕Аф╕кхПВцХ░',
  `int_prop_2` int DEFAULT NULL COMMENT 'intч▒╗хЮЛчЪДtriggerчЪДчммф║Мф╕кхПВцХ░',
  `long_prop_1` bigint DEFAULT NULL COMMENT 'longч▒╗хЮЛчЪДtriggerчЪДчммф╕Аф╕кхПВцХ░',
  `long_prop_2` bigint DEFAULT NULL COMMENT 'longч▒╗хЮЛчЪДtriggerчЪДчммф║Мф╕кхПВцХ░',
  `dec_prop_1` decimal(13,4) DEFAULT NULL COMMENT 'decimalч▒╗хЮЛчЪДtriggerчЪДчммф╕Аф╕кхПВцХ░',
  `dec_prop_2` decimal(13,4) DEFAULT NULL COMMENT 'decimalч▒╗хЮЛчЪДtriggerчЪДчммф║Мф╕кхПВцХ░',
  `bool_prop_1` varchar(1) COLLATE utf8mb4_unicode_ci DEFAULT NULL COMMENT 'Booleanч▒╗хЮЛчЪДtriggerчЪДчммф╕Аф╕кхПВцХ░',
  `bool_prop_2` varchar(1) COLLATE utf8mb4_unicode_ci DEFAULT NULL COMMENT 'Booleanч▒╗хЮЛчЪДtriggerчЪДчммф║Мф╕кхПВцХ░',
  PRIMARY KEY (`sched_name`,`trigger_name`,`trigger_group`)
) ENGINE=InnoDB DEFAULT CHARSET=utf8mb4 COLLATE=utf8mb4_unicode_ci COMMENT='хРМцнецЬ║хИ╢чЪДшбМщФБшби';
/*!40101 SET character_set_client = @saved_cs_client */;

--
-- Dumping data for table `qrtz_simprop_triggers`
--

LOCK TABLES `qrtz_simprop_triggers` WRITE;
/*!40000 ALTER TABLE `qrtz_simprop_triggers` DISABLE KEYS */;
/*!40000 ALTER TABLE `qrtz_simprop_triggers` ENABLE KEYS */;
UNLOCK TABLES;

--
-- Table structure for table `act_cmmn_hi_plan_item_inst`
--

DROP TABLE IF EXISTS `act_cmmn_hi_plan_item_inst`;
/*!40101 SET @saved_cs_client     = @@character_set_client */;
/*!50503 SET character_set_client = utf8mb4 */;
CREATE TABLE `act_cmmn_hi_plan_item_inst` (
  `ID_` varchar(255) COLLATE utf8mb4_unicode_ci NOT NULL,
  `REV_` int NOT NULL,
  `NAME_` varchar(255) COLLATE utf8mb4_unicode_ci DEFAULT NULL,
  `STATE_` varchar(255) COLLATE utf8mb4_unicode_ci DEFAULT NULL,
  `CASE_DEF_ID_` varchar(255) COLLATE utf8mb4_unicode_ci DEFAULT NULL,
  `CASE_INST_ID_` varchar(255) COLLATE utf8mb4_unicode_ci DEFAULT NULL,
  `STAGE_INST_ID_` varchar(255) COLLATE utf8mb4_unicode_ci DEFAULT NULL,
  `IS_STAGE_` tinyint DEFAULT NULL,
  `ELEMENT_ID_` varchar(255) COLLATE utf8mb4_unicode_ci DEFAULT NULL,
  `ITEM_DEFINITION_ID_` varchar(255) COLLATE utf8mb4_unicode_ci DEFAULT NULL,
  `ITEM_DEFINITION_TYPE_` varchar(255) COLLATE utf8mb4_unicode_ci DEFAULT NULL,
  `CREATE_TIME_` datetime(3) DEFAULT NULL,
  `LAST_AVAILABLE_TIME_` datetime(3) DEFAULT NULL,
  `LAST_ENABLED_TIME_` datetime(3) DEFAULT NULL,
  `LAST_DISABLED_TIME_` datetime(3) DEFAULT NULL,
  `LAST_STARTED_TIME_` datetime(3) DEFAULT NULL,
  `LAST_SUSPENDED_TIME_` datetime(3) DEFAULT NULL,
  `COMPLETED_TIME_` datetime(3) DEFAULT NULL,
  `OCCURRED_TIME_` datetime(3) DEFAULT NULL,
  `TERMINATED_TIME_` datetime(3) DEFAULT NULL,
  `EXIT_TIME_` datetime(3) DEFAULT NULL,
  `ENDED_TIME_` datetime(3) DEFAULT NULL,
  `LAST_UPDATED_TIME_` datetime(3) DEFAULT NULL,
  `START_USER_ID_` varchar(255) COLLATE utf8mb4_unicode_ci DEFAULT NULL,
  `REFERENCE_ID_` varchar(255) COLLATE utf8mb4_unicode_ci DEFAULT NULL,
  `REFERENCE_TYPE_` varchar(255) COLLATE utf8mb4_unicode_ci DEFAULT NULL,
  `ENTRY_CRITERION_ID_` varchar(255) COLLATE utf8mb4_unicode_ci DEFAULT NULL,
  `EXIT_CRITERION_ID_` varchar(255) COLLATE utf8mb4_unicode_ci DEFAULT NULL,
  `SHOW_IN_OVERVIEW_` tinyint DEFAULT NULL,
  `EXTRA_VALUE_` varchar(255) COLLATE utf8mb4_unicode_ci DEFAULT NULL,
  `DERIVED_CASE_DEF_ID_` varchar(255) COLLATE utf8mb4_unicode_ci DEFAULT NULL,
  `LAST_UNAVAILABLE_TIME_` datetime(3) DEFAULT NULL,
  `TENANT_ID_` varchar(255) COLLATE utf8mb4_unicode_ci DEFAULT '',
  PRIMARY KEY (`ID_`),
  KEY `ACT_IDX_HI_PLAN_ITEM_INST_CASE` (`CASE_INST_ID_`)
) ENGINE=InnoDB DEFAULT CHARSET=utf8mb4 COLLATE=utf8mb4_unicode_ci;
/*!40101 SET character_set_client = @saved_cs_client */;

--
-- Dumping data for table `act_cmmn_hi_plan_item_inst`
--

LOCK TABLES `act_cmmn_hi_plan_item_inst` WRITE;
/*!40000 ALTER TABLE `act_cmmn_hi_plan_item_inst` DISABLE KEYS */;
/*!40000 ALTER TABLE `act_cmmn_hi_plan_item_inst` ENABLE KEYS */;
UNLOCK TABLES;

--
-- Table structure for table `act_id_membership`
--

DROP TABLE IF EXISTS `act_id_membership`;
/*!40101 SET @saved_cs_client     = @@character_set_client */;
/*!50503 SET character_set_client = utf8mb4 */;
CREATE TABLE `act_id_membership` (
  `USER_ID_` varchar(64) COLLATE utf8mb3_bin NOT NULL,
  `GROUP_ID_` varchar(64) COLLATE utf8mb3_bin NOT NULL,
  PRIMARY KEY (`USER_ID_`,`GROUP_ID_`),
  KEY `ACT_FK_MEMB_GROUP` (`GROUP_ID_`),
  CONSTRAINT `ACT_FK_MEMB_GROUP` FOREIGN KEY (`GROUP_ID_`) REFERENCES `act_id_group` (`ID_`),
  CONSTRAINT `ACT_FK_MEMB_USER` FOREIGN KEY (`USER_ID_`) REFERENCES `act_id_user` (`ID_`)
) ENGINE=InnoDB DEFAULT CHARSET=utf8mb3 COLLATE=utf8mb3_bin;
/*!40101 SET character_set_client = @saved_cs_client */;

--
-- Dumping data for table `act_id_membership`
--

LOCK TABLES `act_id_membership` WRITE;
/*!40000 ALTER TABLE `act_id_membership` DISABLE KEYS */;
/*!40000 ALTER TABLE `act_id_membership` ENABLE KEYS */;
UNLOCK TABLES;

--
-- Table structure for table `act_hi_varinst`
--

DROP TABLE IF EXISTS `act_hi_varinst`;
/*!40101 SET @saved_cs_client     = @@character_set_client */;
/*!50503 SET character_set_client = utf8mb4 */;
CREATE TABLE `act_hi_varinst` (
  `ID_` varchar(64) COLLATE utf8mb3_bin NOT NULL,
  `REV_` int DEFAULT '1',
  `PROC_INST_ID_` varchar(64) COLLATE utf8mb3_bin DEFAULT NULL,
  `EXECUTION_ID_` varchar(64) COLLATE utf8mb3_bin DEFAULT NULL,
  `TASK_ID_` varchar(64) COLLATE utf8mb3_bin DEFAULT NULL,
  `NAME_` varchar(255) COLLATE utf8mb3_bin NOT NULL,
  `VAR_TYPE_` varchar(100) COLLATE utf8mb3_bin DEFAULT NULL,
  `SCOPE_ID_` varchar(255) COLLATE utf8mb3_bin DEFAULT NULL,
  `SUB_SCOPE_ID_` varchar(255) COLLATE utf8mb3_bin DEFAULT NULL,
  `SCOPE_TYPE_` varchar(255) COLLATE utf8mb3_bin DEFAULT NULL,
  `BYTEARRAY_ID_` varchar(64) COLLATE utf8mb3_bin DEFAULT NULL,
  `DOUBLE_` double DEFAULT NULL,
  `LONG_` bigint DEFAULT NULL,
  `TEXT_` varchar(4000) COLLATE utf8mb3_bin DEFAULT NULL,
  `TEXT2_` varchar(4000) COLLATE utf8mb3_bin DEFAULT NULL,
  `META_INFO_` varchar(4000) COLLATE utf8mb3_bin DEFAULT NULL,
  `CREATE_TIME_` datetime(3) DEFAULT NULL,
  `LAST_UPDATED_TIME_` datetime(3) DEFAULT NULL,
  PRIMARY KEY (`ID_`),
  KEY `ACT_IDX_HI_PROCVAR_NAME_TYPE` (`NAME_`,`VAR_TYPE_`),
  KEY `ACT_IDX_HI_VAR_SCOPE_ID_TYPE` (`SCOPE_ID_`,`SCOPE_TYPE_`),
  KEY `ACT_IDX_HI_VAR_SUB_ID_TYPE` (`SUB_SCOPE_ID_`,`SCOPE_TYPE_`),
  KEY `ACT_IDX_HI_PROCVAR_PROC_INST` (`PROC_INST_ID_`),
  KEY `ACT_IDX_HI_PROCVAR_TASK_ID` (`TASK_ID_`),
  KEY `ACT_IDX_HI_PROCVAR_EXE` (`EXECUTION_ID_`)
) ENGINE=InnoDB DEFAULT CHARSET=utf8mb3 COLLATE=utf8mb3_bin;
/*!40101 SET character_set_client = @saved_cs_client */;

--
-- Dumping data for table `act_hi_varinst`
--

LOCK TABLES `act_hi_varinst` WRITE;
/*!40000 ALTER TABLE `act_hi_varinst` DISABLE KEYS */;
INSERT INTO `act_hi_varinst` VALUES ('8c97305a-3063-11f1-8e5a-8c1645e938b5',1,'8c95d0c7-3063-11f1-8e5a-8c1645e938b5','8c95d0c7-3063-11f1-8e5a-8c1645e938b5',NULL,'formJson','serializable',NULL,NULL,NULL,'8c97576b-3063-11f1-8e5a-8c1645e938b5',NULL,NULL,NULL,NULL,NULL,'2026-04-05 04:19:14.382','2026-04-05 04:19:14.572'),('8c97576e-3063-11f1-8e5a-8c1645e938b5',1,'8c95d0c7-3063-11f1-8e5a-8c1645e938b5','8c95d0c7-3063-11f1-8e5a-8c1645e938b5',NULL,'input20238','string',NULL,NULL,NULL,NULL,NULL,NULL,'хЬ░цЦ╣ ',NULL,NULL,'2026-04-05 04:19:14.382','2026-04-05 04:19:14.574'),('8c975770-3063-11f1-8e5a-8c1645e938b5',1,'8c95d0c7-3063-11f1-8e5a-8c1645e938b5','8c95d0c7-3063-11f1-8e5a-8c1645e938b5',NULL,'textarea77059','string',NULL,NULL,NULL,NULL,NULL,NULL,'хЬ░цЦ╣цШп   ',NULL,NULL,'2026-04-05 04:19:14.383','2026-04-05 04:19:14.574'),('8c977e82-3063-11f1-8e5a-8c1645e938b5',1,'8c95d0c7-3063-11f1-8e5a-8c1645e938b5','8c95d0c7-3063-11f1-8e5a-8c1645e938b5',NULL,'input18200','string',NULL,NULL,NULL,NULL,NULL,NULL,'a хПСчЪДfa',NULL,NULL,'2026-04-05 04:19:14.383','2026-04-05 04:19:14.575'),('8c977e84-3063-11f1-8e5a-8c1645e938b5',1,'8c95d0c7-3063-11f1-8e5a-8c1645e938b5','8c95d0c7-3063-11f1-8e5a-8c1645e938b5',NULL,'input86112','string',NULL,NULL,NULL,NULL,NULL,NULL,'aчЪДхПСчЪДa\'d',NULL,NULL,'2026-04-05 04:19:14.383','2026-04-05 04:19:14.576'),('8c977e86-3063-11f1-8e5a-8c1645e938b5',1,'8c95d0c7-3063-11f1-8e5a-8c1645e938b5','8c95d0c7-3063-11f1-8e5a-8c1645e938b5',NULL,'INITIATOR','long',NULL,NULL,NULL,NULL,NULL,1,'1',NULL,NULL,'2026-04-05 04:19:14.383','2026-04-05 04:19:14.577'),('8ce1f51c-3063-11f1-8e5a-8c1645e938b5',1,'8ce1f519-3063-11f1-8e5a-8c1645e938b5','8ce1f519-3063-11f1-8e5a-8c1645e938b5',NULL,'formJson','serializable',NULL,NULL,NULL,'8ce1f51d-3063-11f1-8e5a-8c1645e938b5',NULL,NULL,NULL,NULL,NULL,'2026-04-05 04:19:14.871','2026-04-05 04:19:14.916'),('8ce1f520-3063-11f1-8e5a-8c1645e938b5',1,'8ce1f519-3063-11f1-8e5a-8c1645e938b5','8ce1f519-3063-11f1-8e5a-8c1645e938b5',NULL,'input20238','string',NULL,NULL,NULL,NULL,NULL,NULL,'хЬ░цЦ╣ ',NULL,NULL,'2026-04-05 04:19:14.871','2026-04-05 04:19:14.917'),('8ce1f522-3063-11f1-8e5a-8c1645e938b5',1,'8ce1f519-3063-11f1-8e5a-8c1645e938b5','8ce1f519-3063-11f1-8e5a-8c1645e938b5',NULL,'textarea77059','string',NULL,NULL,NULL,NULL,NULL,NULL,'хЬ░цЦ╣цШп   ',NULL,NULL,'2026-04-05 04:19:14.871','2026-04-05 04:19:14.919'),('8ce1f524-3063-11f1-8e5a-8c1645e938b5',1,'8ce1f519-3063-11f1-8e5a-8c1645e938b5','8ce1f519-3063-11f1-8e5a-8c1645e938b5',NULL,'input18200','string',NULL,NULL,NULL,NULL,NULL,NULL,'a хПСчЪДfa',NULL,NULL,'2026-04-05 04:19:14.871','2026-04-05 04:19:14.920'),('8ce1f526-3063-11f1-8e5a-8c1645e938b5',1,'8ce1f519-3063-11f1-8e5a-8c1645e938b5','8ce1f519-3063-11f1-8e5a-8c1645e938b5',NULL,'input86112','string',NULL,NULL,NULL,NULL,NULL,NULL,'aчЪДхПСчЪДa\'d',NULL,NULL,'2026-04-05 04:19:14.871','2026-04-05 04:19:14.920'),('8ce1f528-3063-11f1-8e5a-8c1645e938b5',1,'8ce1f519-3063-11f1-8e5a-8c1645e938b5','8ce1f519-3063-11f1-8e5a-8c1645e938b5',NULL,'INITIATOR','long',NULL,NULL,NULL,NULL,NULL,1,'1',NULL,NULL,'2026-04-05 04:19:14.871','2026-04-05 04:19:14.921');
/*!40000 ALTER TABLE `act_hi_varinst` ENABLE KEYS */;
UNLOCK TABLES;

--
-- Table structure for table `sys_user`
--

DROP TABLE IF EXISTS `sys_user`;
/*!40101 SET @saved_cs_client     = @@character_set_client */;
/*!50503 SET character_set_client = utf8mb4 */;
CREATE TABLE `sys_user` (
  `user_id` bigint NOT NULL AUTO_INCREMENT COMMENT 'чФицИ╖ID',
  `dept_id` bigint DEFAULT NULL COMMENT 'щГищЧиID',
  `user_name` varchar(30) COLLATE utf8mb4_unicode_ci NOT NULL COMMENT 'чФицИ╖ш┤жхП╖',
  `nick_name` varchar(30) COLLATE utf8mb4_unicode_ci NOT NULL COMMENT 'чФицИ╖цШ╡чз░',
  `user_type` varchar(2) COLLATE utf8mb4_unicode_ci DEFAULT '00' COMMENT 'чФицИ╖ч▒╗хЮЛя╝И00ч│╗ч╗ЯчФицИ╖я╝Й',
  `user_source` varchar(20) COLLATE utf8mb4_unicode_ci DEFAULT 'admin' COMMENT 'чФицИ╖цЭец║Ря╝ИadminхРОхП░/systemч│╗ч╗Я/appхЙНхП░я╝Й',
  `email` varchar(50) COLLATE utf8mb4_unicode_ci DEFAULT '' COMMENT 'чФицИ╖щВочо▒',
  `phonenumber` varchar(11) COLLATE utf8mb4_unicode_ci DEFAULT '' COMMENT 'цЙЛцЬ║хП╖чаБ',
  `sex` char(1) COLLATE utf8mb4_unicode_ci DEFAULT '0' COMMENT 'чФицИ╖цАзхИля╝И0чФ╖ 1хе│ 2цЬкчЯея╝Й',
  `avatar` varchar(100) COLLATE utf8mb4_unicode_ci DEFAULT '' COMMENT 'хд┤хГПхЬ░хЭА',
  `password` varchar(100) COLLATE utf8mb4_unicode_ci DEFAULT '' COMMENT 'хпЖчаБ',
  `status` char(1) COLLATE utf8mb4_unicode_ci DEFAULT '0' COMMENT 'х╕РхП╖чК╢цАБя╝И0цнгх╕╕ 1хБЬчФия╝Й',
  `del_flag` char(1) COLLATE utf8mb4_unicode_ci DEFAULT '0' COMMENT 'хИащЩдцаЗх┐Чя╝И0ф╗гшбихнШхЬи 2ф╗гшбихИащЩдя╝Й',
  `login_ip` varchar(128) COLLATE utf8mb4_unicode_ci DEFAULT '' COMMENT 'цЬАхРОчЩ╗х╜ХIP',
  `login_date` datetime DEFAULT NULL COMMENT 'цЬАхРОчЩ╗х╜ХцЧ╢щЧ┤',
  `create_by` varchar(64) COLLATE utf8mb4_unicode_ci DEFAULT '' COMMENT 'хИЫх╗║шАЕ',
  `create_time` datetime DEFAULT NULL COMMENT 'хИЫх╗║цЧ╢щЧ┤',
  `update_by` varchar(64) COLLATE utf8mb4_unicode_ci DEFAULT '' COMMENT 'цЫ┤цЦ░шАЕ',
  `update_time` datetime DEFAULT NULL COMMENT 'цЫ┤цЦ░цЧ╢щЧ┤',
  `remark` varchar(500) COLLATE utf8mb4_unicode_ci DEFAULT NULL COMMENT 'хдЗц│и',
  PRIMARY KEY (`user_id`),
  UNIQUE KEY `uk_sys_user_name` (`user_name`),
  KEY `idx_sys_user_dept` (`dept_id`),
  KEY `idx_sys_user_status` (`status`)
) ENGINE=InnoDB AUTO_INCREMENT=100 DEFAULT CHARSET=utf8mb4 COLLATE=utf8mb4_unicode_ci COMMENT='чФицИ╖ф┐бцБпшби';
/*!40101 SET character_set_client = @saved_cs_client */;

--
-- Dumping data for table `sys_user`
--

LOCK TABLES `sys_user` WRITE;
/*!40000 ALTER TABLE `sys_user` DISABLE KEYS */;
INSERT INTO `sys_user` VALUES (1,103,'admin','хвищЯ╡','00','admin','ry@163.com','15888888888','1','','$2a$10$7JB720yubVSZvUI0rEqK/.VqGOZTH.ulu33dHOiBE8ByOhJIrdAu2','0','0','127.0.0.1','2026-05-27 02:32:48','admin','2026-04-22 01:46:27','','2026-05-27 02:32:48','чобчРЖхСШ'),(2,105,'ry','хвищЯ╡','00','admin','ry@qq.com','15666666666','1','','$2a$10$7JB720yubVSZvUI0rEqK/.VqGOZTH.ulu33dHOiBE8ByOhJIrdAu2','0','0','127.0.0.1','2026-04-22 01:46:27','admin','2026-04-22 01:46:27','admin','2026-05-27 02:37:09','ц╡ЛшпХхСШ');
/*!40000 ALTER TABLE `sys_user` ENABLE KEYS */;
UNLOCK TABLES;

--
-- Table structure for table `act_id_user`
--

DROP TABLE IF EXISTS `act_id_user`;
/*!40101 SET @saved_cs_client     = @@character_set_client */;
/*!50503 SET character_set_client = utf8mb4 */;
CREATE TABLE `act_id_user` (
  `ID_` varchar(64) COLLATE utf8mb3_bin NOT NULL,
  `REV_` int DEFAULT NULL,
  `FIRST_` varchar(255) COLLATE utf8mb3_bin DEFAULT NULL,
  `LAST_` varchar(255) COLLATE utf8mb3_bin DEFAULT NULL,
  `DISPLAY_NAME_` varchar(255) COLLATE utf8mb3_bin DEFAULT NULL,
  `EMAIL_` varchar(255) COLLATE utf8mb3_bin DEFAULT NULL,
  `PWD_` varchar(255) COLLATE utf8mb3_bin DEFAULT NULL,
  `PICTURE_ID_` varchar(64) COLLATE utf8mb3_bin DEFAULT NULL,
  `TENANT_ID_` varchar(255) COLLATE utf8mb3_bin DEFAULT '',
  PRIMARY KEY (`ID_`)
) ENGINE=InnoDB DEFAULT CHARSET=utf8mb3 COLLATE=utf8mb3_bin;
/*!40101 SET character_set_client = @saved_cs_client */;

--
-- Dumping data for table `act_id_user`
--

LOCK TABLES `act_id_user` WRITE;
/*!40000 ALTER TABLE `act_id_user` DISABLE KEYS */;
/*!40000 ALTER TABLE `act_id_user` ENABLE KEYS */;
UNLOCK TABLES;

--
-- Table structure for table `act_id_token`
--

DROP TABLE IF EXISTS `act_id_token`;
/*!40101 SET @saved_cs_client     = @@character_set_client */;
/*!50503 SET character_set_client = utf8mb4 */;
CREATE TABLE `act_id_token` (
  `ID_` varchar(64) COLLATE utf8mb3_bin NOT NULL,
  `REV_` int DEFAULT NULL,
  `TOKEN_VALUE_` varchar(255) COLLATE utf8mb3_bin DEFAULT NULL,
  `TOKEN_DATE_` timestamp(3) NULL DEFAULT NULL,
  `IP_ADDRESS_` varchar(255) COLLATE utf8mb3_bin DEFAULT NULL,
  `USER_AGENT_` varchar(255) COLLATE utf8mb3_bin DEFAULT NULL,
  `USER_ID_` varchar(255) COLLATE utf8mb3_bin DEFAULT NULL,
  `TOKEN_DATA_` varchar(2000) COLLATE utf8mb3_bin DEFAULT NULL,
  PRIMARY KEY (`ID_`)
) ENGINE=InnoDB DEFAULT CHARSET=utf8mb3 COLLATE=utf8mb3_bin;
/*!40101 SET character_set_client = @saved_cs_client */;

--
-- Dumping data for table `act_id_token`
--

LOCK TABLES `act_id_token` WRITE;
/*!40000 ALTER TABLE `act_id_token` DISABLE KEYS */;
/*!40000 ALTER TABLE `act_id_token` ENABLE KEYS */;
UNLOCK TABLES;

--
-- Table structure for table `gen_table_column`
--

DROP TABLE IF EXISTS `gen_table_column`;
/*!40101 SET @saved_cs_client     = @@character_set_client */;
/*!50503 SET character_set_client = utf8mb4 */;
CREATE TABLE `gen_table_column` (
  `column_id` bigint NOT NULL AUTO_INCREMENT COMMENT 'ч╝ЦхП╖',
  `table_id` bigint DEFAULT NULL COMMENT 'х╜Тх▒Юшбич╝ЦхП╖',
  `column_name` varchar(200) COLLATE utf8mb4_unicode_ci DEFAULT NULL COMMENT 'хИЧхРНчз░',
  `column_comment` varchar(500) COLLATE utf8mb4_unicode_ci DEFAULT NULL COMMENT 'хИЧцППш┐░',
  `column_type` varchar(100) COLLATE utf8mb4_unicode_ci DEFAULT NULL COMMENT 'хИЧч▒╗хЮЛ',
  `java_type` varchar(500) COLLATE utf8mb4_unicode_ci DEFAULT NULL COMMENT 'JAVAч▒╗хЮЛ',
  `java_field` varchar(200) COLLATE utf8mb4_unicode_ci DEFAULT NULL COMMENT 'JAVAхнЧцо╡хРН',
  `is_pk` char(1) COLLATE utf8mb4_unicode_ci DEFAULT NULL COMMENT 'цШпхРжф╕╗щФоя╝И1цШпя╝Й',
  `is_increment` char(1) COLLATE utf8mb4_unicode_ci DEFAULT NULL COMMENT 'цШпхРжшЗкхвЮя╝И1цШпя╝Й',
  `is_required` char(1) COLLATE utf8mb4_unicode_ci DEFAULT NULL COMMENT 'цШпхРжх┐Ехбля╝И1цШпя╝Й',
  `is_insert` char(1) COLLATE utf8mb4_unicode_ci DEFAULT NULL COMMENT 'цШпхРжф╕║цПТхЕехнЧцо╡я╝И1цШпя╝Й',
  `is_edit` char(1) COLLATE utf8mb4_unicode_ci DEFAULT NULL COMMENT 'цШпхРжч╝Цш╛СхнЧцо╡я╝И1цШпя╝Й',
  `is_list` char(1) COLLATE utf8mb4_unicode_ci DEFAULT NULL COMMENT 'цШпхРжхИЧшбихнЧцо╡я╝И1цШпя╝Й',
  `is_query` char(1) COLLATE utf8mb4_unicode_ci DEFAULT NULL COMMENT 'цШпхРжцЯешпвхнЧцо╡я╝И1цШпя╝Й',
  `query_type` varchar(200) COLLATE utf8mb4_unicode_ci DEFAULT 'EQ' COMMENT 'цЯешпвцЦ╣х╝Пя╝ИчнЙф║ОуАБф╕НчнЙф║ОуАБхдзф║ОуАБх░Пф║ОуАБшМГхЫ┤я╝Й',
  `html_type` varchar(200) COLLATE utf8mb4_unicode_ci DEFAULT NULL COMMENT 'цШ╛чд║ч▒╗хЮЛя╝ИцЦЗцЬмцбЖуАБцЦЗцЬмхЯЯуАБф╕ЛцЛЙцбЖуАБхдНщАЙцбЖуАБхНХщАЙцбЖуАБцЧецЬЯцОзф╗╢я╝Й',
  `dict_type` varchar(200) COLLATE utf8mb4_unicode_ci DEFAULT '' COMMENT 'хнЧхЕ╕ч▒╗хЮЛ',
  `sort` int DEFAULT NULL COMMENT 'цОТх║П',
  `create_by` varchar(64) COLLATE utf8mb4_unicode_ci DEFAULT '' COMMENT 'хИЫх╗║шАЕ',
  `create_time` datetime DEFAULT NULL COMMENT 'хИЫх╗║цЧ╢щЧ┤',
  `update_by` varchar(64) COLLATE utf8mb4_unicode_ci DEFAULT '' COMMENT 'цЫ┤цЦ░шАЕ',
  `update_time` datetime DEFAULT NULL COMMENT 'цЫ┤цЦ░цЧ╢щЧ┤',
  PRIMARY KEY (`column_id`),
  KEY `idx_gen_table_column_table` (`table_id`)
) ENGINE=InnoDB DEFAULT CHARSET=utf8mb4 COLLATE=utf8mb4_unicode_ci COMMENT='ф╗гчаБчФЯцИРф╕ЪхКбшбихнЧцо╡';
/*!40101 SET character_set_client = @saved_cs_client */;

--
-- Dumping data for table `gen_table_column`
--

LOCK TABLES `gen_table_column` WRITE;
/*!40000 ALTER TABLE `gen_table_column` DISABLE KEYS */;
/*!40000 ALTER TABLE `gen_table_column` ENABLE KEYS */;
UNLOCK TABLES;

--
-- Table structure for table `flw_channel_definition`
--

DROP TABLE IF EXISTS `flw_channel_definition`;
/*!40101 SET @saved_cs_client     = @@character_set_client */;
/*!50503 SET character_set_client = utf8mb4 */;
CREATE TABLE `flw_channel_definition` (
  `ID_` varchar(255) COLLATE utf8mb4_unicode_ci NOT NULL,
  `NAME_` varchar(255) COLLATE utf8mb4_unicode_ci DEFAULT NULL,
  `VERSION_` int DEFAULT NULL,
  `KEY_` varchar(255) COLLATE utf8mb4_unicode_ci DEFAULT NULL,
  `CATEGORY_` varchar(255) COLLATE utf8mb4_unicode_ci DEFAULT NULL,
  `DEPLOYMENT_ID_` varchar(255) COLLATE utf8mb4_unicode_ci DEFAULT NULL,
  `CREATE_TIME_` datetime(3) DEFAULT NULL,
  `TENANT_ID_` varchar(255) COLLATE utf8mb4_unicode_ci DEFAULT NULL,
  `RESOURCE_NAME_` varchar(255) COLLATE utf8mb4_unicode_ci DEFAULT NULL,
  `DESCRIPTION_` varchar(255) COLLATE utf8mb4_unicode_ci DEFAULT NULL,
  `TYPE_` varchar(255) COLLATE utf8mb4_unicode_ci DEFAULT NULL,
  `IMPLEMENTATION_` varchar(255) COLLATE utf8mb4_unicode_ci DEFAULT NULL,
  PRIMARY KEY (`ID_`),
  UNIQUE KEY `ACT_IDX_CHANNEL_DEF_UNIQ` (`KEY_`,`VERSION_`,`TENANT_ID_`)
) ENGINE=InnoDB DEFAULT CHARSET=utf8mb4 COLLATE=utf8mb4_unicode_ci;
/*!40101 SET character_set_client = @saved_cs_client */;

--
-- Dumping data for table `flw_channel_definition`
--

LOCK TABLES `flw_channel_definition` WRITE;
/*!40000 ALTER TABLE `flw_channel_definition` DISABLE KEYS */;
/*!40000 ALTER TABLE `flw_channel_definition` ENABLE KEYS */;
UNLOCK TABLES;

--
-- Table structure for table `act_ru_job`
--

DROP TABLE IF EXISTS `act_ru_job`;
/*!40101 SET @saved_cs_client     = @@character_set_client */;
/*!50503 SET character_set_client = utf8mb4 */;
CREATE TABLE `act_ru_job` (
  `ID_` varchar(64) COLLATE utf8mb3_bin NOT NULL,
  `REV_` int DEFAULT NULL,
  `CATEGORY_` varchar(255) COLLATE utf8mb3_bin DEFAULT NULL,
  `TYPE_` varchar(255) COLLATE utf8mb3_bin NOT NULL,
  `LOCK_EXP_TIME_` timestamp(3) NULL DEFAULT NULL,
  `LOCK_OWNER_` varchar(255) COLLATE utf8mb3_bin DEFAULT NULL,
  `EXCLUSIVE_` tinyint(1) DEFAULT NULL,
  `EXECUTION_ID_` varchar(64) COLLATE utf8mb3_bin DEFAULT NULL,
  `PROCESS_INSTANCE_ID_` varchar(64) COLLATE utf8mb3_bin DEFAULT NULL,
  `PROC_DEF_ID_` varchar(64) COLLATE utf8mb3_bin DEFAULT NULL,
  `ELEMENT_ID_` varchar(255) COLLATE utf8mb3_bin DEFAULT NULL,
  `ELEMENT_NAME_` varchar(255) COLLATE utf8mb3_bin DEFAULT NULL,
  `SCOPE_ID_` varchar(255) COLLATE utf8mb3_bin DEFAULT NULL,
  `SUB_SCOPE_ID_` varchar(255) COLLATE utf8mb3_bin DEFAULT NULL,
  `SCOPE_TYPE_` varchar(255) COLLATE utf8mb3_bin DEFAULT NULL,
  `SCOPE_DEFINITION_ID_` varchar(255) COLLATE utf8mb3_bin DEFAULT NULL,
  `CORRELATION_ID_` varchar(255) COLLATE utf8mb3_bin DEFAULT NULL,
  `RETRIES_` int DEFAULT NULL,
  `EXCEPTION_STACK_ID_` varchar(64) COLLATE utf8mb3_bin DEFAULT NULL,
  `EXCEPTION_MSG_` varchar(4000) COLLATE utf8mb3_bin DEFAULT NULL,
  `DUEDATE_` timestamp(3) NULL DEFAULT NULL,
  `REPEAT_` varchar(255) COLLATE utf8mb3_bin DEFAULT NULL,
  `HANDLER_TYPE_` varchar(255) COLLATE utf8mb3_bin DEFAULT NULL,
  `HANDLER_CFG_` varchar(4000) COLLATE utf8mb3_bin DEFAULT NULL,
  `CUSTOM_VALUES_ID_` varchar(64) COLLATE utf8mb3_bin DEFAULT NULL,
  `CREATE_TIME_` timestamp(3) NULL DEFAULT NULL,
  `TENANT_ID_` varchar(255) COLLATE utf8mb3_bin DEFAULT '',
  PRIMARY KEY (`ID_`),
  KEY `ACT_IDX_JOB_EXCEPTION_STACK_ID` (`EXCEPTION_STACK_ID_`),
  KEY `ACT_IDX_JOB_CUSTOM_VALUES_ID` (`CUSTOM_VALUES_ID_`),
  KEY `ACT_IDX_JOB_CORRELATION_ID` (`CORRELATION_ID_`),
  KEY `ACT_IDX_JOB_SCOPE` (`SCOPE_ID_`,`SCOPE_TYPE_`),
  KEY `ACT_IDX_JOB_SUB_SCOPE` (`SUB_SCOPE_ID_`,`SCOPE_TYPE_`),
  KEY `ACT_IDX_JOB_SCOPE_DEF` (`SCOPE_DEFINITION_ID_`,`SCOPE_TYPE_`),
  KEY `ACT_FK_JOB_EXECUTION` (`EXECUTION_ID_`),
  KEY `ACT_FK_JOB_PROCESS_INSTANCE` (`PROCESS_INSTANCE_ID_`),
  KEY `ACT_FK_JOB_PROC_DEF` (`PROC_DEF_ID_`),
  CONSTRAINT `ACT_FK_JOB_CUSTOM_VALUES` FOREIGN KEY (`CUSTOM_VALUES_ID_`) REFERENCES `act_ge_bytearray` (`ID_`),
  CONSTRAINT `ACT_FK_JOB_EXCEPTION` FOREIGN KEY (`EXCEPTION_STACK_ID_`) REFERENCES `act_ge_bytearray` (`ID_`),
  CONSTRAINT `ACT_FK_JOB_EXECUTION` FOREIGN KEY (`EXECUTION_ID_`) REFERENCES `act_ru_execution` (`ID_`),
  CONSTRAINT `ACT_FK_JOB_PROC_DEF` FOREIGN KEY (`PROC_DEF_ID_`) REFERENCES `act_re_procdef` (`ID_`),
  CONSTRAINT `ACT_FK_JOB_PROCESS_INSTANCE` FOREIGN KEY (`PROCESS_INSTANCE_ID_`) REFERENCES `act_ru_execution` (`ID_`)
) ENGINE=InnoDB DEFAULT CHARSET=utf8mb3 COLLATE=utf8mb3_bin;
/*!40101 SET character_set_client = @saved_cs_client */;

--
-- Dumping data for table `act_ru_job`
--

LOCK TABLES `act_ru_job` WRITE;
/*!40000 ALTER TABLE `act_ru_job` DISABLE KEYS */;
/*!40000 ALTER TABLE `act_ru_job` ENABLE KEYS */;
UNLOCK TABLES;

--
-- Table structure for table `qrtz_scheduler_state`
--

DROP TABLE IF EXISTS `qrtz_scheduler_state`;
/*!40101 SET @saved_cs_client     = @@character_set_client */;
/*!50503 SET character_set_client = utf8mb4 */;
CREATE TABLE `qrtz_scheduler_state` (
  `sched_name` varchar(120) COLLATE utf8mb4_unicode_ci NOT NULL COMMENT 'ш░Гх║жхРНчз░',
  `instance_name` varchar(200) COLLATE utf8mb4_unicode_ci NOT NULL COMMENT 'хоЮф╛ЛхРНчз░',
  `last_checkin_time` bigint NOT NULL COMMENT 'ф╕КцмбцгАцЯецЧ╢щЧ┤',
  `checkin_interval` bigint NOT NULL COMMENT 'цгАцЯещЧ┤щЪФцЧ╢щЧ┤',
  PRIMARY KEY (`sched_name`,`instance_name`)
) ENGINE=InnoDB DEFAULT CHARSET=utf8mb4 COLLATE=utf8mb4_unicode_ci COMMENT='ш░Гх║жхЩичК╢цАБшби';
/*!40101 SET character_set_client = @saved_cs_client */;

--
-- Dumping data for table `qrtz_scheduler_state`
--

LOCK TABLES `qrtz_scheduler_state` WRITE;
/*!40000 ALTER TABLE `qrtz_scheduler_state` DISABLE KEYS */;
/*!40000 ALTER TABLE `qrtz_scheduler_state` ENABLE KEYS */;
UNLOCK TABLES;

--
-- Table structure for table `act_ru_event_subscr`
--

DROP TABLE IF EXISTS `act_ru_event_subscr`;
/*!40101 SET @saved_cs_client     = @@character_set_client */;
/*!50503 SET character_set_client = utf8mb4 */;
CREATE TABLE `act_ru_event_subscr` (
  `ID_` varchar(64) COLLATE utf8mb3_bin NOT NULL,
  `REV_` int DEFAULT NULL,
  `EVENT_TYPE_` varchar(255) COLLATE utf8mb3_bin NOT NULL,
  `EVENT_NAME_` varchar(255) COLLATE utf8mb3_bin DEFAULT NULL,
  `EXECUTION_ID_` varchar(64) COLLATE utf8mb3_bin DEFAULT NULL,
  `PROC_INST_ID_` varchar(64) COLLATE utf8mb3_bin DEFAULT NULL,
  `ACTIVITY_ID_` varchar(64) COLLATE utf8mb3_bin DEFAULT NULL,
  `CONFIGURATION_` varchar(255) COLLATE utf8mb3_bin DEFAULT NULL,
  `CREATED_` timestamp(3) NOT NULL DEFAULT CURRENT_TIMESTAMP(3),
  `PROC_DEF_ID_` varchar(64) COLLATE utf8mb3_bin DEFAULT NULL,
  `SUB_SCOPE_ID_` varchar(64) COLLATE utf8mb3_bin DEFAULT NULL,
  `SCOPE_ID_` varchar(64) COLLATE utf8mb3_bin DEFAULT NULL,
  `SCOPE_DEFINITION_ID_` varchar(64) COLLATE utf8mb3_bin DEFAULT NULL,
  `SCOPE_DEFINITION_KEY_` varchar(255) COLLATE utf8mb3_bin DEFAULT NULL,
  `SCOPE_TYPE_` varchar(64) COLLATE utf8mb3_bin DEFAULT NULL,
  `LOCK_TIME_` timestamp(3) NULL DEFAULT NULL,
  `LOCK_OWNER_` varchar(255) COLLATE utf8mb3_bin DEFAULT NULL,
  `TENANT_ID_` varchar(255) COLLATE utf8mb3_bin DEFAULT '',
  PRIMARY KEY (`ID_`),
  KEY `ACT_IDX_EVENT_SUBSCR_CONFIG_` (`CONFIGURATION_`),
  KEY `ACT_IDX_EVENT_SUBSCR_EXEC_ID` (`EXECUTION_ID_`),
  KEY `ACT_IDX_EVENT_SUBSCR_PROC_ID` (`PROC_INST_ID_`),
  KEY `ACT_IDX_EVENT_SUBSCR_SCOPEREF_` (`SCOPE_ID_`,`SCOPE_TYPE_`),
  CONSTRAINT `ACT_FK_EVENT_EXEC` FOREIGN KEY (`EXECUTION_ID_`) REFERENCES `act_ru_execution` (`ID_`)
) ENGINE=InnoDB DEFAULT CHARSET=utf8mb3 COLLATE=utf8mb3_bin;
/*!40101 SET character_set_client = @saved_cs_client */;

--
-- Dumping data for table `act_ru_event_subscr`
--

LOCK TABLES `act_ru_event_subscr` WRITE;
/*!40000 ALTER TABLE `act_ru_event_subscr` DISABLE KEYS */;
/*!40000 ALTER TABLE `act_ru_event_subscr` ENABLE KEYS */;
UNLOCK TABLES;

--
-- Table structure for table `sys_role_menu`
--

DROP TABLE IF EXISTS `sys_role_menu`;
/*!40101 SET @saved_cs_client     = @@character_set_client */;
/*!50503 SET character_set_client = utf8mb4 */;
CREATE TABLE `sys_role_menu` (
  `role_id` bigint NOT NULL COMMENT 'шзТшЙ▓ID',
  `menu_id` bigint NOT NULL COMMENT 'шПЬхНХID',
  PRIMARY KEY (`role_id`,`menu_id`),
  KEY `idx_sys_role_menu_role` (`role_id`),
  KEY `idx_sys_role_menu_menu` (`menu_id`)
) ENGINE=InnoDB DEFAULT CHARSET=utf8mb4 COLLATE=utf8mb4_unicode_ci COMMENT='шзТшЙ▓хТМшПЬхНХхЕ│шБФшби';
/*!40101 SET character_set_client = @saved_cs_client */;

--
-- Dumping data for table `sys_role_menu`
--

LOCK TABLES `sys_role_menu` WRITE;
/*!40000 ALTER TABLE `sys_role_menu` DISABLE KEYS */;
INSERT INTO `sys_role_menu` VALUES (1,1),(1,2),(1,3),(1,4),(1,10),(1,100),(1,101),(1,102),(1,103),(1,104),(1,105),(1,106),(1,107),(1,108),(1,109),(1,110),(1,111),(1,112),(1,113),(1,114),(1,115),(1,116),(1,117),(1,118),(1,119),(1,500),(1,501),(1,1000),(1,1001),(1,1002),(1,1003),(1,1004),(1,1005),(1,1006);
/*!40000 ALTER TABLE `sys_role_menu` ENABLE KEYS */;
UNLOCK TABLES;

--
-- Table structure for table `act_ge_property`
--

DROP TABLE IF EXISTS `act_ge_property`;
/*!40101 SET @saved_cs_client     = @@character_set_client */;
/*!50503 SET character_set_client = utf8mb4 */;
CREATE TABLE `act_ge_property` (
  `NAME_` varchar(64) COLLATE utf8mb3_bin NOT NULL,
  `VALUE_` varchar(300) COLLATE utf8mb3_bin DEFAULT NULL,
  `REV_` int DEFAULT NULL,
  PRIMARY KEY (`NAME_`)
) ENGINE=InnoDB DEFAULT CHARSET=utf8mb3 COLLATE=utf8mb3_bin;
/*!40101 SET character_set_client = @saved_cs_client */;

--
-- Dumping data for table `act_ge_property`
--

LOCK TABLES `act_ge_property` WRITE;
/*!40000 ALTER TABLE `act_ge_property` DISABLE KEYS */;
INSERT INTO `act_ge_property` VALUES ('app.schema.version','7.1.0.2',1),('cfg.execution-related-entities-count','true',1),('cfg.task-related-entities-count','true',1),('cmmn.schema.version','7.1.0.2',1),('common.schema.version','7.1.0.2',1),('dmn.schema.version','7.1.0.2',1),('eventregistry.schema.version','7.1.0.2',1),('next.dbid','1',1),('schema.history','create(7.1.0.2)',1),('schema.version','7.1.0.2',1);
/*!40000 ALTER TABLE `act_ge_property` ENABLE KEYS */;
UNLOCK TABLES;

--
-- Table structure for table `act_id_bytearray`
--

DROP TABLE IF EXISTS `act_id_bytearray`;
/*!40101 SET @saved_cs_client     = @@character_set_client */;
/*!50503 SET character_set_client = utf8mb4 */;
CREATE TABLE `act_id_bytearray` (
  `ID_` varchar(64) COLLATE utf8mb3_bin NOT NULL,
  `REV_` int DEFAULT NULL,
  `NAME_` varchar(255) COLLATE utf8mb3_bin DEFAULT NULL,
  `BYTES_` longblob,
  PRIMARY KEY (`ID_`)
) ENGINE=InnoDB DEFAULT CHARSET=utf8mb3 COLLATE=utf8mb3_bin;
/*!40101 SET character_set_client = @saved_cs_client */;

--
-- Dumping data for table `act_id_bytearray`
--

LOCK TABLES `act_id_bytearray` WRITE;
/*!40000 ALTER TABLE `act_id_bytearray` DISABLE KEYS */;
/*!40000 ALTER TABLE `act_id_bytearray` ENABLE KEYS */;
UNLOCK TABLES;

--
-- Table structure for table `sys_oper_log`
--

DROP TABLE IF EXISTS `sys_oper_log`;
/*!40101 SET @saved_cs_client     = @@character_set_client */;
/*!50503 SET character_set_client = utf8mb4 */;
CREATE TABLE `sys_oper_log` (
  `oper_id` bigint NOT NULL AUTO_INCREMENT COMMENT 'цЧех┐Чф╕╗щФо',
  `title` varchar(50) COLLATE utf8mb4_unicode_ci DEFAULT '' COMMENT 'цибхЭЧцаЗщвШ',
  `business_type` int DEFAULT '0' COMMENT 'ф╕ЪхКбч▒╗хЮЛя╝И0хЕ╢хоГ 1цЦ░хвЮ 2ф┐оцФ╣ 3хИащЩдя╝Й',
  `method` varchar(200) COLLATE utf8mb4_unicode_ci DEFAULT '' COMMENT 'цЦ╣ц│ХхРНчз░',
  `request_method` varchar(10) COLLATE utf8mb4_unicode_ci DEFAULT '' COMMENT 'шп╖ц▒ВцЦ╣х╝П',
  `operator_type` int DEFAULT '0' COMMENT 'цУНф╜Ьч▒╗хИля╝И0хЕ╢хоГ 1хРОхП░чФицИ╖ 2цЙЛцЬ║члпчФицИ╖я╝Й',
  `oper_name` varchar(50) COLLATE utf8mb4_unicode_ci DEFAULT '' COMMENT 'цУНф╜Ьф║║хСШ',
  `dept_name` varchar(50) COLLATE utf8mb4_unicode_ci DEFAULT '' COMMENT 'щГищЧихРНчз░',
  `oper_url` varchar(255) COLLATE utf8mb4_unicode_ci DEFAULT '' COMMENT 'шп╖ц▒ВURL',
  `oper_ip` varchar(128) COLLATE utf8mb4_unicode_ci DEFAULT '' COMMENT 'ф╕╗цЬ║хЬ░хЭА',
  `oper_location` varchar(255) COLLATE utf8mb4_unicode_ci DEFAULT '' COMMENT 'цУНф╜ЬхЬ░чВ╣',
  `oper_param` varchar(2000) COLLATE utf8mb4_unicode_ci DEFAULT '' COMMENT 'шп╖ц▒ВхПВцХ░',
  `json_result` varchar(2000) COLLATE utf8mb4_unicode_ci DEFAULT '' COMMENT 'ш┐ФхЫЮхПВцХ░',
  `status` int DEFAULT '0' COMMENT 'цУНф╜ЬчК╢цАБя╝И0цнгх╕╕ 1х╝Вх╕╕я╝Й',
  `error_msg` varchar(2000) COLLATE utf8mb4_unicode_ci DEFAULT '' COMMENT 'щФЩшппц╢ИцБп',
  `oper_time` datetime DEFAULT NULL COMMENT 'цУНф╜ЬцЧ╢щЧ┤',
  `cost_time` bigint DEFAULT '0' COMMENT 'ц╢ИшАЧцЧ╢щЧ┤',
  PRIMARY KEY (`oper_id`),
  KEY `idx_sys_oper_log_bt` (`business_type`),
  KEY `idx_sys_oper_log_s` (`status`),
  KEY `idx_sys_oper_log_ot` (`oper_time`)
) ENGINE=InnoDB AUTO_INCREMENT=100 DEFAULT CHARSET=utf8mb4 COLLATE=utf8mb4_unicode_ci COMMENT='цУНф╜ЬцЧех┐Чшо░х╜Х';
/*!40101 SET character_set_client = @saved_cs_client */;

--
-- Dumping data for table `sys_oper_log`
--

LOCK TABLES `sys_oper_log` WRITE;
/*!40000 ALTER TABLE `sys_oper_log` DISABLE KEYS */;
/*!40000 ALTER TABLE `sys_oper_log` ENABLE KEYS */;
UNLOCK TABLES;

--
-- Table structure for table `act_id_group`
--

DROP TABLE IF EXISTS `act_id_group`;
/*!40101 SET @saved_cs_client     = @@character_set_client */;
/*!50503 SET character_set_client = utf8mb4 */;
CREATE TABLE `act_id_group` (
  `ID_` varchar(64) COLLATE utf8mb3_bin NOT NULL,
  `REV_` int DEFAULT NULL,
  `NAME_` varchar(255) COLLATE utf8mb3_bin DEFAULT NULL,
  `TYPE_` varchar(255) COLLATE utf8mb3_bin DEFAULT NULL,
  PRIMARY KEY (`ID_`)
) ENGINE=InnoDB DEFAULT CHARSET=utf8mb3 COLLATE=utf8mb3_bin;
/*!40101 SET character_set_client = @saved_cs_client */;

--
-- Dumping data for table `act_id_group`
--

LOCK TABLES `act_id_group` WRITE;
/*!40000 ALTER TABLE `act_id_group` DISABLE KEYS */;
/*!40000 ALTER TABLE `act_id_group` ENABLE KEYS */;
UNLOCK TABLES;

--
-- Table structure for table `act_id_property`
--

DROP TABLE IF EXISTS `act_id_property`;
/*!40101 SET @saved_cs_client     = @@character_set_client */;
/*!50503 SET character_set_client = utf8mb4 */;
CREATE TABLE `act_id_property` (
  `NAME_` varchar(64) COLLATE utf8mb3_bin NOT NULL,
  `VALUE_` varchar(300) COLLATE utf8mb3_bin DEFAULT NULL,
  `REV_` int DEFAULT NULL,
  PRIMARY KEY (`NAME_`)
) ENGINE=InnoDB DEFAULT CHARSET=utf8mb3 COLLATE=utf8mb3_bin;
/*!40101 SET character_set_client = @saved_cs_client */;

--
-- Dumping data for table `act_id_property`
--

LOCK TABLES `act_id_property` WRITE;
/*!40000 ALTER TABLE `act_id_property` DISABLE KEYS */;
INSERT INTO `act_id_property` VALUES ('schema.version','7.1.0.2',1);
/*!40000 ALTER TABLE `act_id_property` ENABLE KEYS */;
UNLOCK TABLES;

--
-- Table structure for table `qrtz_simple_triggers`
--

DROP TABLE IF EXISTS `qrtz_simple_triggers`;
/*!40101 SET @saved_cs_client     = @@character_set_client */;
/*!50503 SET character_set_client = utf8mb4 */;
CREATE TABLE `qrtz_simple_triggers` (
  `sched_name` varchar(120) COLLATE utf8mb4_unicode_ci NOT NULL COMMENT 'ш░Гх║жхРНчз░',
  `trigger_name` varchar(200) COLLATE utf8mb4_unicode_ci NOT NULL COMMENT 'qrtz_triggersшбиtrigger_nameчЪДхдЦщФо',
  `trigger_group` varchar(200) COLLATE utf8mb4_unicode_ci NOT NULL COMMENT 'qrtz_triggersшбиtrigger_groupчЪДхдЦщФо',
  `repeat_count` bigint NOT NULL COMMENT 'щЗНхдНчЪДцмбцХ░ч╗Яшоб',
  `repeat_interval` bigint NOT NULL COMMENT 'щЗНхдНчЪДщЧ┤щЪФцЧ╢щЧ┤',
  `times_triggered` bigint NOT NULL COMMENT 'х╖▓ч╗ПшзжхПСчЪДцмбцХ░',
  PRIMARY KEY (`sched_name`,`trigger_name`,`trigger_group`)
) ENGINE=InnoDB DEFAULT CHARSET=utf8mb4 COLLATE=utf8mb4_unicode_ci COMMENT='чоАхНХшзжхПСхЩичЪДф┐бцБпшби';
/*!40101 SET character_set_client = @saved_cs_client */;

--
-- Dumping data for table `qrtz_simple_triggers`
--

LOCK TABLES `qrtz_simple_triggers` WRITE;
/*!40000 ALTER TABLE `qrtz_simple_triggers` DISABLE KEYS */;
/*!40000 ALTER TABLE `qrtz_simple_triggers` ENABLE KEYS */;
UNLOCK TABLES;

--
-- Table structure for table `sys_form`
--

DROP TABLE IF EXISTS `sys_form`;
/*!40101 SET @saved_cs_client     = @@character_set_client */;
/*!50503 SET character_set_client = utf8mb4 */;
CREATE TABLE `sys_form` (
  `form_id` bigint NOT NULL AUTO_INCREMENT COMMENT 'шбихНХф╕╗щФо',
  `form_name` varchar(50) DEFAULT NULL COMMENT 'шбихНХхРНчз░',
  `form_content` longtext COMMENT 'шбихНХхЖЕхо╣',
  `create_time` datetime DEFAULT NULL COMMENT 'хИЫх╗║цЧ╢щЧ┤',
  `update_time` datetime DEFAULT NULL COMMENT 'цЫ┤цЦ░цЧ╢щЧ┤',
  `create_by` bigint DEFAULT NULL COMMENT 'хИЫх╗║ф║║хСШ',
  `update_by` bigint DEFAULT NULL COMMENT 'цЫ┤цЦ░ф║║хСШ',
  `remark` varchar(255) DEFAULT NULL COMMENT 'хдЗц│и',
  PRIMARY KEY (`form_id`)
) ENGINE=InnoDB DEFAULT CHARSET=utf8mb4 COLLATE=utf8mb4_0900_ai_ci COMMENT='ц╡БчиЛшбихНХ';
/*!40101 SET character_set_client = @saved_cs_client */;

--
-- Dumping data for table `sys_form`
--

LOCK TABLES `sys_form` WRITE;
/*!40000 ALTER TABLE `sys_form` DISABLE KEYS */;
/*!40000 ALTER TABLE `sys_form` ENABLE KEYS */;
UNLOCK TABLES;

--
-- Table structure for table `sys_job`
--

DROP TABLE IF EXISTS `sys_job`;
/*!40101 SET @saved_cs_client     = @@character_set_client */;
/*!50503 SET character_set_client = utf8mb4 */;
CREATE TABLE `sys_job` (
  `job_id` bigint NOT NULL AUTO_INCREMENT COMMENT 'ф╗╗хКбID',
  `job_name` varchar(64) COLLATE utf8mb4_unicode_ci NOT NULL DEFAULT '' COMMENT 'ф╗╗хКбхРНчз░',
  `job_group` varchar(64) COLLATE utf8mb4_unicode_ci NOT NULL DEFAULT 'DEFAULT' COMMENT 'ф╗╗хКбч╗ДхРН',
  `invoke_target` varchar(500) COLLATE utf8mb4_unicode_ci NOT NULL COMMENT 'ш░ГчФичЫоцаЗхнЧчмжф╕▓',
  `cron_expression` varchar(255) COLLATE utf8mb4_unicode_ci DEFAULT '' COMMENT 'cronцЙзшбМшбиш╛╛х╝П',
  `misfire_policy` varchar(20) COLLATE utf8mb4_unicode_ci DEFAULT '3' COMMENT 'шобхИТцЙзшбМщФЩшппчнЦчХея╝И1члЛхН│цЙзшбМ 2цЙзшбМф╕Ацмб 3цФ╛х╝ГцЙзшбМя╝Й',
  `concurrent` char(1) COLLATE utf8mb4_unicode_ci DEFAULT '1' COMMENT 'цШпхРжх╣╢хПСцЙзшбМя╝И0хЕБшо╕ 1чжБцнвя╝Й',
  `status` char(1) COLLATE utf8mb4_unicode_ci DEFAULT '0' COMMENT 'чК╢цАБя╝И0цнгх╕╕ 1цЪВхБЬя╝Й',
  `create_by` varchar(64) COLLATE utf8mb4_unicode_ci DEFAULT '' COMMENT 'хИЫх╗║шАЕ',
  `create_time` datetime DEFAULT NULL COMMENT 'хИЫх╗║цЧ╢щЧ┤',
  `update_by` varchar(64) COLLATE utf8mb4_unicode_ci DEFAULT '' COMMENT 'цЫ┤цЦ░шАЕ',
  `update_time` datetime DEFAULT NULL COMMENT 'цЫ┤цЦ░цЧ╢щЧ┤',
  `remark` varchar(500) COLLATE utf8mb4_unicode_ci DEFAULT '' COMMENT 'хдЗц│иф┐бцБп',
  PRIMARY KEY (`job_id`,`job_name`,`job_group`),
  KEY `idx_sys_job_group` (`job_group`)
) ENGINE=InnoDB AUTO_INCREMENT=100 DEFAULT CHARSET=utf8mb4 COLLATE=utf8mb4_unicode_ci COMMENT='хоЪцЧ╢ф╗╗хКбш░Гх║жшби';
/*!40101 SET character_set_client = @saved_cs_client */;

--
-- Dumping data for table `sys_job`
--

LOCK TABLES `sys_job` WRITE;
/*!40000 ALTER TABLE `sys_job` DISABLE KEYS */;
INSERT INTO `sys_job` VALUES (1,'ч│╗ч╗Ящ╗Шшодя╝ИцЧахПВя╝Й','DEFAULT','ryTask.ryNoParams','0/10 * * * * ?','3','1','1','admin','2026-04-22 01:46:41','',NULL,''),(2,'ч│╗ч╗Ящ╗Шшодя╝ИцЬЙхПВя╝Й','DEFAULT','ryTask.ryParams(\'ry\')','0/15 * * * * ?','3','1','1','admin','2026-04-22 01:46:41','',NULL,''),(3,'ч│╗ч╗Ящ╗Шшодя╝ИхдЪхПВя╝Й','DEFAULT','ryTask.ryMultipleParams(\'ry\', true, 2000L, 316.50D, 100)','0/20 * * * * ?','3','1','1','admin','2026-04-22 01:46:41','',NULL,'');
/*!40000 ALTER TABLE `sys_job` ENABLE KEYS */;
UNLOCK TABLES;

--
-- Table structure for table `qrtz_calendars`
--

DROP TABLE IF EXISTS `qrtz_calendars`;
/*!40101 SET @saved_cs_client     = @@character_set_client */;
/*!50503 SET character_set_client = utf8mb4 */;
CREATE TABLE `qrtz_calendars` (
  `sched_name` varchar(120) COLLATE utf8mb4_unicode_ci NOT NULL COMMENT 'ш░Гх║жхРНчз░',
  `calendar_name` varchar(200) COLLATE utf8mb4_unicode_ci NOT NULL COMMENT 'цЧехОЖхРНчз░',
  `calendar` blob NOT NULL COMMENT 'хнШцФ╛цМБф╣ЕхМЦcalendarхп╣ш▒б',
  PRIMARY KEY (`sched_name`,`calendar_name`)
) ENGINE=InnoDB DEFAULT CHARSET=utf8mb4 COLLATE=utf8mb4_unicode_ci COMMENT='цЧехОЖф┐бцБпшби';
/*!40101 SET character_set_client = @saved_cs_client */;

--
-- Dumping data for table `qrtz_calendars`
--

LOCK TABLES `qrtz_calendars` WRITE;
/*!40000 ALTER TABLE `qrtz_calendars` DISABLE KEYS */;
/*!40000 ALTER TABLE `qrtz_calendars` ENABLE KEYS */;
UNLOCK TABLES;

--
-- Table structure for table `sys_user_profile`
--

DROP TABLE IF EXISTS `sys_user_profile`;
/*!40101 SET @saved_cs_client     = @@character_set_client */;
/*!50503 SET character_set_client = utf8mb4 */;
CREATE TABLE `sys_user_profile` (
  `user_id` bigint NOT NULL COMMENT 'чФицИ╖ID',
  `nickname` varchar(50) COLLATE utf8mb4_unicode_ci DEFAULT NULL COMMENT 'цШ╡чз░',
  `avatar` varchar(255) COLLATE utf8mb4_unicode_ci DEFAULT NULL COMMENT 'хд┤хГПURL',
  `bio` varchar(500) COLLATE utf8mb4_unicode_ci DEFAULT NULL COMMENT 'ф╕кф║║чоАф╗Л',
  `gender` char(1) COLLATE utf8mb4_unicode_ci DEFAULT '0' COMMENT 'цАзхИля╝И0цЬкчЯе 1чФ╖ 2хе│я╝Й',
  `birthday` date DEFAULT NULL COMMENT 'чФЯцЧе',
  `location` varchar(100) COLLATE utf8mb4_unicode_ci DEFAULT NULL COMMENT 'цЙАхЬихЬ░',
  `website` varchar(255) COLLATE utf8mb4_unicode_ci DEFAULT NULL COMMENT 'ф╕кф║║ч╜СчлЩ',
  `social_links` varchar(1000) COLLATE utf8mb4_unicode_ci DEFAULT NULL COMMENT 'чд╛ф║дщУ╛цОеJSON',
  `points` int DEFAULT '0' COMMENT 'чзпхИЖ',
  `level` int DEFAULT '1' COMMENT 'чнЙч║з',
  `ink_balance` decimal(10,2) DEFAULT '0.00' COMMENT 'хвиц░┤ф╜ЩщвЭ',
  `total_read_time` bigint DEFAULT '0' COMMENT 'ч┤пшобщШЕшп╗цЧ╢щХ┐я╝ИхИЖщТЯя╝Й',
  `total_word_count` bigint DEFAULT '0' COMMENT 'ч┤пшобхИЫф╜ЬхнЧцХ░',
  `article_count` int DEFAULT '0' COMMENT 'цЦЗчлацХ░щЗП',
  `follower_count` int DEFAULT '0' COMMENT 'ч▓Йф╕ЭцХ░',
  `following_count` int DEFAULT '0' COMMENT 'хЕ│ц│ицХ░',
  `like_count` bigint DEFAULT '0' COMMENT 'ч┤пшобшО╖ш╡ЮцХ░',
  `article_view_count` bigint DEFAULT '0' COMMENT 'ч┤пшобцЦЗчлащШЕшп╗цХ░',
  `is_author` tinyint(1) DEFAULT '0' COMMENT 'цШпхРжшодшпБф╜ЬшАЕя╝И0хРж 1цШпя╝Й',
  `author_level` int DEFAULT '0' COMMENT 'ф╜ЬшАЕчнЙч║з',
  `create_time` datetime DEFAULT CURRENT_TIMESTAMP COMMENT 'хИЫх╗║цЧ╢щЧ┤',
  `update_time` datetime DEFAULT CURRENT_TIMESTAMP ON UPDATE CURRENT_TIMESTAMP COMMENT 'цЫ┤цЦ░цЧ╢щЧ┤',
  PRIMARY KEY (`user_id`)
) ENGINE=InnoDB DEFAULT CHARSET=utf8mb4 COLLATE=utf8mb4_unicode_ci COMMENT='чФицИ╖цЙйх▒Хф┐бцБпшби';
/*!40101 SET character_set_client = @saved_cs_client */;

--
-- Dumping data for table `sys_user_profile`
--

LOCK TABLES `sys_user_profile` WRITE;
/*!40000 ALTER TABLE `sys_user_profile` DISABLE KEYS */;
INSERT INTO `sys_user_profile` VALUES (1,'чобчРЖхСШ',NULL,'ч│╗ч╗ЯчобчРЖхСШ','0',NULL,NULL,NULL,NULL,1000,10,100.00,0,0,0,0,0,0,0,0,0,'2026-04-22 01:46:58','2026-04-22 01:46:58'),(2,'хвищЯ╡',NULL,'ц╡ЛшпХчФицИ╖','0',NULL,NULL,NULL,NULL,100,1,10.00,0,0,0,0,0,0,0,0,0,'2026-04-22 01:46:58','2026-04-22 01:46:58');
/*!40000 ALTER TABLE `sys_user_profile` ENABLE KEYS */;
UNLOCK TABLES;

--
-- Table structure for table `act_id_priv`
--

DROP TABLE IF EXISTS `act_id_priv`;
/*!40101 SET @saved_cs_client     = @@character_set_client */;
/*!50503 SET character_set_client = utf8mb4 */;
CREATE TABLE `act_id_priv` (
  `ID_` varchar(64) COLLATE utf8mb3_bin NOT NULL,
  `NAME_` varchar(255) COLLATE utf8mb3_bin NOT NULL,
  PRIMARY KEY (`ID_`),
  UNIQUE KEY `ACT_UNIQ_PRIV_NAME` (`NAME_`)
) ENGINE=InnoDB DEFAULT CHARSET=utf8mb3 COLLATE=utf8mb3_bin;
/*!40101 SET character_set_client = @saved_cs_client */;

--
-- Dumping data for table `act_id_priv`
--

LOCK TABLES `act_id_priv` WRITE;
/*!40000 ALTER TABLE `act_id_priv` DISABLE KEYS */;
/*!40000 ALTER TABLE `act_id_priv` ENABLE KEYS */;
UNLOCK TABLES;

--
-- Table structure for table `qrtz_fired_triggers`
--

DROP TABLE IF EXISTS `qrtz_fired_triggers`;
/*!40101 SET @saved_cs_client     = @@character_set_client */;
/*!50503 SET character_set_client = utf8mb4 */;
CREATE TABLE `qrtz_fired_triggers` (
  `sched_name` varchar(120) COLLATE utf8mb4_unicode_ci NOT NULL COMMENT 'ш░Гх║жхРНчз░',
  `entry_id` varchar(95) COLLATE utf8mb4_unicode_ci NOT NULL COMMENT 'ш░Гх║жхЩихоЮф╛Лid',
  `trigger_name` varchar(200) COLLATE utf8mb4_unicode_ci NOT NULL COMMENT 'qrtz_triggersшбиtrigger_nameчЪДхдЦщФо',
  `trigger_group` varchar(200) COLLATE utf8mb4_unicode_ci NOT NULL COMMENT 'qrtz_triggersшбиtrigger_groupчЪДхдЦщФо',
  `instance_name` varchar(200) COLLATE utf8mb4_unicode_ci NOT NULL COMMENT 'ш░Гх║жхЩихоЮф╛ЛхРН',
  `fired_time` bigint NOT NULL COMMENT 'шзжхПСчЪДцЧ╢щЧ┤',
  `sched_time` bigint NOT NULL COMMENT 'хоЪцЧ╢хЩихИ╢хоЪчЪДцЧ╢щЧ┤',
  `priority` int NOT NULL COMMENT 'ф╝ШхЕИч║з',
  `state` varchar(16) COLLATE utf8mb4_unicode_ci NOT NULL COMMENT 'чК╢цАБ',
  `job_name` varchar(200) COLLATE utf8mb4_unicode_ci DEFAULT NULL COMMENT 'ф╗╗хКбхРНчз░',
  `job_group` varchar(200) COLLATE utf8mb4_unicode_ci DEFAULT NULL COMMENT 'ф╗╗хКбч╗ДхРН',
  `is_nonconcurrent` varchar(1) COLLATE utf8mb4_unicode_ci DEFAULT NULL COMMENT 'цШпхРжх╣╢хПС',
  `requests_recovery` varchar(1) COLLATE utf8mb4_unicode_ci DEFAULT NULL COMMENT 'цШпхРжцОехПЧцБвхдНцЙзшбМ',
  PRIMARY KEY (`sched_name`,`entry_id`)
) ENGINE=InnoDB DEFAULT CHARSET=utf8mb4 COLLATE=utf8mb4_unicode_ci COMMENT='х╖▓шзжхПСчЪДшзжхПСхЩишби';
/*!40101 SET character_set_client = @saved_cs_client */;

--
-- Dumping data for table `qrtz_fired_triggers`
--

LOCK TABLES `qrtz_fired_triggers` WRITE;
/*!40000 ALTER TABLE `qrtz_fired_triggers` DISABLE KEYS */;
/*!40000 ALTER TABLE `qrtz_fired_triggers` ENABLE KEYS */;
UNLOCK TABLES;

--
-- Table structure for table `act_ru_deadletter_job`
--

DROP TABLE IF EXISTS `act_ru_deadletter_job`;
/*!40101 SET @saved_cs_client     = @@character_set_client */;
/*!50503 SET character_set_client = utf8mb4 */;
CREATE TABLE `act_ru_deadletter_job` (
  `ID_` varchar(64) COLLATE utf8mb3_bin NOT NULL,
  `REV_` int DEFAULT NULL,
  `CATEGORY_` varchar(255) COLLATE utf8mb3_bin DEFAULT NULL,
  `TYPE_` varchar(255) COLLATE utf8mb3_bin NOT NULL,
  `EXCLUSIVE_` tinyint(1) DEFAULT NULL,
  `EXECUTION_ID_` varchar(64) COLLATE utf8mb3_bin DEFAULT NULL,
  `PROCESS_INSTANCE_ID_` varchar(64) COLLATE utf8mb3_bin DEFAULT NULL,
  `PROC_DEF_ID_` varchar(64) COLLATE utf8mb3_bin DEFAULT NULL,
  `ELEMENT_ID_` varchar(255) COLLATE utf8mb3_bin DEFAULT NULL,
  `ELEMENT_NAME_` varchar(255) COLLATE utf8mb3_bin DEFAULT NULL,
  `SCOPE_ID_` varchar(255) COLLATE utf8mb3_bin DEFAULT NULL,
  `SUB_SCOPE_ID_` varchar(255) COLLATE utf8mb3_bin DEFAULT NULL,
  `SCOPE_TYPE_` varchar(255) COLLATE utf8mb3_bin DEFAULT NULL,
  `SCOPE_DEFINITION_ID_` varchar(255) COLLATE utf8mb3_bin DEFAULT NULL,
  `CORRELATION_ID_` varchar(255) COLLATE utf8mb3_bin DEFAULT NULL,
  `EXCEPTION_STACK_ID_` varchar(64) COLLATE utf8mb3_bin DEFAULT NULL,
  `EXCEPTION_MSG_` varchar(4000) COLLATE utf8mb3_bin DEFAULT NULL,
  `DUEDATE_` timestamp(3) NULL DEFAULT NULL,
  `REPEAT_` varchar(255) COLLATE utf8mb3_bin DEFAULT NULL,
  `HANDLER_TYPE_` varchar(255) COLLATE utf8mb3_bin DEFAULT NULL,
  `HANDLER_CFG_` varchar(4000) COLLATE utf8mb3_bin DEFAULT NULL,
  `CUSTOM_VALUES_ID_` varchar(64) COLLATE utf8mb3_bin DEFAULT NULL,
  `CREATE_TIME_` timestamp(3) NULL DEFAULT NULL,
  `TENANT_ID_` varchar(255) COLLATE utf8mb3_bin DEFAULT '',
  PRIMARY KEY (`ID_`),
  KEY `ACT_IDX_DEADLETTER_JOB_EXCEPTION_STACK_ID` (`EXCEPTION_STACK_ID_`),
  KEY `ACT_IDX_DEADLETTER_JOB_CUSTOM_VALUES_ID` (`CUSTOM_VALUES_ID_`),
  KEY `ACT_IDX_DEADLETTER_JOB_CORRELATION_ID` (`CORRELATION_ID_`),
  KEY `ACT_IDX_DJOB_SCOPE` (`SCOPE_ID_`,`SCOPE_TYPE_`),
  KEY `ACT_IDX_DJOB_SUB_SCOPE` (`SUB_SCOPE_ID_`,`SCOPE_TYPE_`),
  KEY `ACT_IDX_DJOB_SCOPE_DEF` (`SCOPE_DEFINITION_ID_`,`SCOPE_TYPE_`),
  KEY `ACT_FK_DEADLETTER_JOB_EXECUTION` (`EXECUTION_ID_`),
  KEY `ACT_FK_DEADLETTER_JOB_PROCESS_INSTANCE` (`PROCESS_INSTANCE_ID_`),
  KEY `ACT_FK_DEADLETTER_JOB_PROC_DEF` (`PROC_DEF_ID_`),
  CONSTRAINT `ACT_FK_DEADLETTER_JOB_CUSTOM_VALUES` FOREIGN KEY (`CUSTOM_VALUES_ID_`) REFERENCES `act_ge_bytearray` (`ID_`),
  CONSTRAINT `ACT_FK_DEADLETTER_JOB_EXCEPTION` FOREIGN KEY (`EXCEPTION_STACK_ID_`) REFERENCES `act_ge_bytearray` (`ID_`),
  CONSTRAINT `ACT_FK_DEADLETTER_JOB_EXECUTION` FOREIGN KEY (`EXECUTION_ID_`) REFERENCES `act_ru_execution` (`ID_`),
  CONSTRAINT `ACT_FK_DEADLETTER_JOB_PROC_DEF` FOREIGN KEY (`PROC_DEF_ID_`) REFERENCES `act_re_procdef` (`ID_`),
  CONSTRAINT `ACT_FK_DEADLETTER_JOB_PROCESS_INSTANCE` FOREIGN KEY (`PROCESS_INSTANCE_ID_`) REFERENCES `act_ru_execution` (`ID_`)
) ENGINE=InnoDB DEFAULT CHARSET=utf8mb3 COLLATE=utf8mb3_bin;
/*!40101 SET character_set_client = @saved_cs_client */;

--
-- Dumping data for table `act_ru_deadletter_job`
--

LOCK TABLES `act_ru_deadletter_job` WRITE;
/*!40000 ALTER TABLE `act_ru_deadletter_job` DISABLE KEYS */;
/*!40000 ALTER TABLE `act_ru_deadletter_job` ENABLE KEYS */;
UNLOCK TABLES;

--
-- Table structure for table `flw_ru_batch_part`
--

DROP TABLE IF EXISTS `flw_ru_batch_part`;
/*!40101 SET @saved_cs_client     = @@character_set_client */;
/*!50503 SET character_set_client = utf8mb4 */;
CREATE TABLE `flw_ru_batch_part` (
  `ID_` varchar(64) COLLATE utf8mb3_bin NOT NULL,
  `REV_` int DEFAULT NULL,
  `BATCH_ID_` varchar(64) COLLATE utf8mb3_bin DEFAULT NULL,
  `TYPE_` varchar(64) COLLATE utf8mb3_bin NOT NULL,
  `SCOPE_ID_` varchar(64) COLLATE utf8mb3_bin DEFAULT NULL,
  `SUB_SCOPE_ID_` varchar(64) COLLATE utf8mb3_bin DEFAULT NULL,
  `SCOPE_TYPE_` varchar(64) COLLATE utf8mb3_bin DEFAULT NULL,
  `SEARCH_KEY_` varchar(255) COLLATE utf8mb3_bin DEFAULT NULL,
  `SEARCH_KEY2_` varchar(255) COLLATE utf8mb3_bin DEFAULT NULL,
  `CREATE_TIME_` datetime(3) NOT NULL,
  `COMPLETE_TIME_` datetime(3) DEFAULT NULL,
  `STATUS_` varchar(255) COLLATE utf8mb3_bin DEFAULT NULL,
  `RESULT_DOC_ID_` varchar(64) COLLATE utf8mb3_bin DEFAULT NULL,
  `TENANT_ID_` varchar(255) COLLATE utf8mb3_bin DEFAULT '',
  PRIMARY KEY (`ID_`),
  KEY `FLW_IDX_BATCH_PART` (`BATCH_ID_`),
  CONSTRAINT `FLW_FK_BATCH_PART_PARENT` FOREIGN KEY (`BATCH_ID_`) REFERENCES `flw_ru_batch` (`ID_`)
) ENGINE=InnoDB DEFAULT CHARSET=utf8mb3 COLLATE=utf8mb3_bin;
/*!40101 SET character_set_client = @saved_cs_client */;

--
-- Dumping data for table `flw_ru_batch_part`
--

LOCK TABLES `flw_ru_batch_part` WRITE;
/*!40000 ALTER TABLE `flw_ru_batch_part` DISABLE KEYS */;
/*!40000 ALTER TABLE `flw_ru_batch_part` ENABLE KEYS */;
UNLOCK TABLES;

--
-- Table structure for table `act_hi_entitylink`
--

DROP TABLE IF EXISTS `act_hi_entitylink`;
/*!40101 SET @saved_cs_client     = @@character_set_client */;
/*!50503 SET character_set_client = utf8mb4 */;
CREATE TABLE `act_hi_entitylink` (
  `ID_` varchar(64) COLLATE utf8mb3_bin NOT NULL,
  `LINK_TYPE_` varchar(255) COLLATE utf8mb3_bin DEFAULT NULL,
  `CREATE_TIME_` datetime(3) DEFAULT NULL,
  `SCOPE_ID_` varchar(255) COLLATE utf8mb3_bin DEFAULT NULL,
  `SUB_SCOPE_ID_` varchar(255) COLLATE utf8mb3_bin DEFAULT NULL,
  `SCOPE_TYPE_` varchar(255) COLLATE utf8mb3_bin DEFAULT NULL,
  `SCOPE_DEFINITION_ID_` varchar(255) COLLATE utf8mb3_bin DEFAULT NULL,
  `PARENT_ELEMENT_ID_` varchar(255) COLLATE utf8mb3_bin DEFAULT NULL,
  `REF_SCOPE_ID_` varchar(255) COLLATE utf8mb3_bin DEFAULT NULL,
  `REF_SCOPE_TYPE_` varchar(255) COLLATE utf8mb3_bin DEFAULT NULL,
  `REF_SCOPE_DEFINITION_ID_` varchar(255) COLLATE utf8mb3_bin DEFAULT NULL,
  `ROOT_SCOPE_ID_` varchar(255) COLLATE utf8mb3_bin DEFAULT NULL,
  `ROOT_SCOPE_TYPE_` varchar(255) COLLATE utf8mb3_bin DEFAULT NULL,
  `HIERARCHY_TYPE_` varchar(255) COLLATE utf8mb3_bin DEFAULT NULL,
  PRIMARY KEY (`ID_`),
  KEY `ACT_IDX_HI_ENT_LNK_SCOPE` (`SCOPE_ID_`,`SCOPE_TYPE_`,`LINK_TYPE_`),
  KEY `ACT_IDX_HI_ENT_LNK_REF_SCOPE` (`REF_SCOPE_ID_`,`REF_SCOPE_TYPE_`,`LINK_TYPE_`),
  KEY `ACT_IDX_HI_ENT_LNK_ROOT_SCOPE` (`ROOT_SCOPE_ID_`,`ROOT_SCOPE_TYPE_`,`LINK_TYPE_`),
  KEY `ACT_IDX_HI_ENT_LNK_SCOPE_DEF` (`SCOPE_DEFINITION_ID_`,`SCOPE_TYPE_`,`LINK_TYPE_`)
) ENGINE=InnoDB DEFAULT CHARSET=utf8mb3 COLLATE=utf8mb3_bin;
/*!40101 SET character_set_client = @saved_cs_client */;

--
-- Dumping data for table `act_hi_entitylink`
--

LOCK TABLES `act_hi_entitylink` WRITE;
/*!40000 ALTER TABLE `act_hi_entitylink` DISABLE KEYS */;
/*!40000 ALTER TABLE `act_hi_entitylink` ENABLE KEYS */;
UNLOCK TABLES;

--
-- Table structure for table `act_id_priv_mapping`
--

DROP TABLE IF EXISTS `act_id_priv_mapping`;
/*!40101 SET @saved_cs_client     = @@character_set_client */;
/*!50503 SET character_set_client = utf8mb4 */;
CREATE TABLE `act_id_priv_mapping` (
  `ID_` varchar(64) COLLATE utf8mb3_bin NOT NULL,
  `PRIV_ID_` varchar(64) COLLATE utf8mb3_bin NOT NULL,
  `USER_ID_` varchar(255) COLLATE utf8mb3_bin DEFAULT NULL,
  `GROUP_ID_` varchar(255) COLLATE utf8mb3_bin DEFAULT NULL,
  PRIMARY KEY (`ID_`),
  KEY `ACT_FK_PRIV_MAPPING` (`PRIV_ID_`),
  KEY `ACT_IDX_PRIV_USER` (`USER_ID_`),
  KEY `ACT_IDX_PRIV_GROUP` (`GROUP_ID_`),
  CONSTRAINT `ACT_FK_PRIV_MAPPING` FOREIGN KEY (`PRIV_ID_`) REFERENCES `act_id_priv` (`ID_`)
) ENGINE=InnoDB DEFAULT CHARSET=utf8mb3 COLLATE=utf8mb3_bin;
/*!40101 SET character_set_client = @saved_cs_client */;

--
-- Dumping data for table `act_id_priv_mapping`
--

LOCK TABLES `act_id_priv_mapping` WRITE;
/*!40000 ALTER TABLE `act_id_priv_mapping` DISABLE KEYS */;
/*!40000 ALTER TABLE `act_id_priv_mapping` ENABLE KEYS */;
UNLOCK TABLES;

--
-- Table structure for table `act_ru_task`
--

DROP TABLE IF EXISTS `act_ru_task`;
/*!40101 SET @saved_cs_client     = @@character_set_client */;
/*!50503 SET character_set_client = utf8mb4 */;
CREATE TABLE `act_ru_task` (
  `ID_` varchar(64) COLLATE utf8mb3_bin NOT NULL,
  `REV_` int DEFAULT NULL,
  `EXECUTION_ID_` varchar(64) COLLATE utf8mb3_bin DEFAULT NULL,
  `PROC_INST_ID_` varchar(64) COLLATE utf8mb3_bin DEFAULT NULL,
  `PROC_DEF_ID_` varchar(64) COLLATE utf8mb3_bin DEFAULT NULL,
  `TASK_DEF_ID_` varchar(64) COLLATE utf8mb3_bin DEFAULT NULL,
  `SCOPE_ID_` varchar(255) COLLATE utf8mb3_bin DEFAULT NULL,
  `SUB_SCOPE_ID_` varchar(255) COLLATE utf8mb3_bin DEFAULT NULL,
  `SCOPE_TYPE_` varchar(255) COLLATE utf8mb3_bin DEFAULT NULL,
  `SCOPE_DEFINITION_ID_` varchar(255) COLLATE utf8mb3_bin DEFAULT NULL,
  `PROPAGATED_STAGE_INST_ID_` varchar(255) COLLATE utf8mb3_bin DEFAULT NULL,
  `STATE_` varchar(255) COLLATE utf8mb3_bin DEFAULT NULL,
  `NAME_` varchar(255) COLLATE utf8mb3_bin DEFAULT NULL,
  `PARENT_TASK_ID_` varchar(64) COLLATE utf8mb3_bin DEFAULT NULL,
  `DESCRIPTION_` varchar(4000) COLLATE utf8mb3_bin DEFAULT NULL,
  `TASK_DEF_KEY_` varchar(255) COLLATE utf8mb3_bin DEFAULT NULL,
  `OWNER_` varchar(255) COLLATE utf8mb3_bin DEFAULT NULL,
  `ASSIGNEE_` varchar(255) COLLATE utf8mb3_bin DEFAULT NULL,
  `DELEGATION_` varchar(64) COLLATE utf8mb3_bin DEFAULT NULL,
  `PRIORITY_` int DEFAULT NULL,
  `CREATE_TIME_` timestamp(3) NULL DEFAULT NULL,
  `IN_PROGRESS_TIME_` datetime(3) DEFAULT NULL,
  `IN_PROGRESS_STARTED_BY_` varchar(255) COLLATE utf8mb3_bin DEFAULT NULL,
  `CLAIM_TIME_` datetime(3) DEFAULT NULL,
  `CLAIMED_BY_` varchar(255) COLLATE utf8mb3_bin DEFAULT NULL,
  `SUSPENDED_TIME_` datetime(3) DEFAULT NULL,
  `SUSPENDED_BY_` varchar(255) COLLATE utf8mb3_bin DEFAULT NULL,
  `IN_PROGRESS_DUE_DATE_` datetime(3) DEFAULT NULL,
  `DUE_DATE_` datetime(3) DEFAULT NULL,
  `CATEGORY_` varchar(255) COLLATE utf8mb3_bin DEFAULT NULL,
  `SUSPENSION_STATE_` int DEFAULT NULL,
  `TENANT_ID_` varchar(255) COLLATE utf8mb3_bin DEFAULT '',
  `FORM_KEY_` varchar(255) COLLATE utf8mb3_bin DEFAULT NULL,
  `IS_COUNT_ENABLED_` tinyint DEFAULT NULL,
  `VAR_COUNT_` int DEFAULT NULL,
  `ID_LINK_COUNT_` int DEFAULT NULL,
  `SUB_TASK_COUNT_` int DEFAULT NULL,
  PRIMARY KEY (`ID_`),
  KEY `ACT_IDX_TASK_CREATE` (`CREATE_TIME_`),
  KEY `ACT_IDX_TASK_SCOPE` (`SCOPE_ID_`,`SCOPE_TYPE_`),
  KEY `ACT_IDX_TASK_SUB_SCOPE` (`SUB_SCOPE_ID_`,`SCOPE_TYPE_`),
  KEY `ACT_IDX_TASK_SCOPE_DEF` (`SCOPE_DEFINITION_ID_`,`SCOPE_TYPE_`),
  KEY `ACT_FK_TASK_EXE` (`EXECUTION_ID_`),
  KEY `ACT_FK_TASK_PROCINST` (`PROC_INST_ID_`),
  KEY `ACT_FK_TASK_PROCDEF` (`PROC_DEF_ID_`),
  CONSTRAINT `ACT_FK_TASK_EXE` FOREIGN KEY (`EXECUTION_ID_`) REFERENCES `act_ru_execution` (`ID_`),
  CONSTRAINT `ACT_FK_TASK_PROCDEF` FOREIGN KEY (`PROC_DEF_ID_`) REFERENCES `act_re_procdef` (`ID_`),
  CONSTRAINT `ACT_FK_TASK_PROCINST` FOREIGN KEY (`PROC_INST_ID_`) REFERENCES `act_ru_execution` (`ID_`)
) ENGINE=InnoDB DEFAULT CHARSET=utf8mb3 COLLATE=utf8mb3_bin;
/*!40101 SET character_set_client = @saved_cs_client */;

--
-- Dumping data for table `act_ru_task`
--

LOCK TABLES `act_ru_task` WRITE;
/*!40000 ALTER TABLE `act_ru_task` DISABLE KEYS */;
INSERT INTO `act_ru_task` VALUES ('8cb60318-3063-11f1-8e5a-8c1645e938b5',1,'8c977e88-3063-11f1-8e5a-8c1645e938b5','8c95d0c7-3063-11f1-8e5a-8c1645e938b5','flow_cl1udrgp:2:892713d7-305c-11f1-82b6-8c1645e938b5',NULL,NULL,NULL,NULL,NULL,NULL,'created','хдНхоб',NULL,NULL,'Activity_0v17nhy',NULL,NULL,NULL,50,'2026-04-04 20:19:14.583',NULL,NULL,NULL,NULL,NULL,NULL,NULL,NULL,NULL,1,'',NULL,1,0,0,0),('8cea59aa-3063-11f1-8e5a-8c1645e938b5',1,'8ce21c3a-3063-11f1-8e5a-8c1645e938b5','8ce1f519-3063-11f1-8e5a-8c1645e938b5','flow_cl1udrgp:2:892713d7-305c-11f1-82b6-8c1645e938b5',NULL,NULL,NULL,NULL,NULL,NULL,'created','хдНхоб',NULL,NULL,'Activity_0v17nhy',NULL,NULL,NULL,50,'2026-04-04 20:19:14.926',NULL,NULL,NULL,NULL,NULL,NULL,NULL,NULL,NULL,1,'',NULL,1,0,0,0);
/*!40000 ALTER TABLE `act_ru_task` ENABLE KEYS */;
UNLOCK TABLES;

--
-- Table structure for table `act_procdef_info`
--

DROP TABLE IF EXISTS `act_procdef_info`;
/*!40101 SET @saved_cs_client     = @@character_set_client */;
/*!50503 SET character_set_client = utf8mb4 */;
CREATE TABLE `act_procdef_info` (
  `ID_` varchar(64) COLLATE utf8mb3_bin NOT NULL,
  `PROC_DEF_ID_` varchar(64) COLLATE utf8mb3_bin NOT NULL,
  `REV_` int DEFAULT NULL,
  `INFO_JSON_ID_` varchar(64) COLLATE utf8mb3_bin DEFAULT NULL,
  PRIMARY KEY (`ID_`),
  UNIQUE KEY `ACT_UNIQ_INFO_PROCDEF` (`PROC_DEF_ID_`),
  KEY `ACT_IDX_INFO_PROCDEF` (`PROC_DEF_ID_`),
  KEY `ACT_FK_INFO_JSON_BA` (`INFO_JSON_ID_`),
  CONSTRAINT `ACT_FK_INFO_JSON_BA` FOREIGN KEY (`INFO_JSON_ID_`) REFERENCES `act_ge_bytearray` (`ID_`),
  CONSTRAINT `ACT_FK_INFO_PROCDEF` FOREIGN KEY (`PROC_DEF_ID_`) REFERENCES `act_re_procdef` (`ID_`)
) ENGINE=InnoDB DEFAULT CHARSET=utf8mb3 COLLATE=utf8mb3_bin;
/*!40101 SET character_set_client = @saved_cs_client */;

--
-- Dumping data for table `act_procdef_info`
--

LOCK TABLES `act_procdef_info` WRITE;
/*!40000 ALTER TABLE `act_procdef_info` DISABLE KEYS */;
/*!40000 ALTER TABLE `act_procdef_info` ENABLE KEYS */;
UNLOCK TABLES;

--
-- Table structure for table `act_ru_entitylink`
--

DROP TABLE IF EXISTS `act_ru_entitylink`;
/*!40101 SET @saved_cs_client     = @@character_set_client */;
/*!50503 SET character_set_client = utf8mb4 */;
CREATE TABLE `act_ru_entitylink` (
  `ID_` varchar(64) COLLATE utf8mb3_bin NOT NULL,
  `REV_` int DEFAULT NULL,
  `CREATE_TIME_` datetime(3) DEFAULT NULL,
  `LINK_TYPE_` varchar(255) COLLATE utf8mb3_bin DEFAULT NULL,
  `SCOPE_ID_` varchar(255) COLLATE utf8mb3_bin DEFAULT NULL,
  `SUB_SCOPE_ID_` varchar(255) COLLATE utf8mb3_bin DEFAULT NULL,
  `SCOPE_TYPE_` varchar(255) COLLATE utf8mb3_bin DEFAULT NULL,
  `SCOPE_DEFINITION_ID_` varchar(255) COLLATE utf8mb3_bin DEFAULT NULL,
  `PARENT_ELEMENT_ID_` varchar(255) COLLATE utf8mb3_bin DEFAULT NULL,
  `REF_SCOPE_ID_` varchar(255) COLLATE utf8mb3_bin DEFAULT NULL,
  `REF_SCOPE_TYPE_` varchar(255) COLLATE utf8mb3_bin DEFAULT NULL,
  `REF_SCOPE_DEFINITION_ID_` varchar(255) COLLATE utf8mb3_bin DEFAULT NULL,
  `ROOT_SCOPE_ID_` varchar(255) COLLATE utf8mb3_bin DEFAULT NULL,
  `ROOT_SCOPE_TYPE_` varchar(255) COLLATE utf8mb3_bin DEFAULT NULL,
  `HIERARCHY_TYPE_` varchar(255) COLLATE utf8mb3_bin DEFAULT NULL,
  PRIMARY KEY (`ID_`),
  KEY `ACT_IDX_ENT_LNK_SCOPE` (`SCOPE_ID_`,`SCOPE_TYPE_`,`LINK_TYPE_`),
  KEY `ACT_IDX_ENT_LNK_REF_SCOPE` (`REF_SCOPE_ID_`,`REF_SCOPE_TYPE_`,`LINK_TYPE_`),
  KEY `ACT_IDX_ENT_LNK_ROOT_SCOPE` (`ROOT_SCOPE_ID_`,`ROOT_SCOPE_TYPE_`,`LINK_TYPE_`),
  KEY `ACT_IDX_ENT_LNK_SCOPE_DEF` (`SCOPE_DEFINITION_ID_`,`SCOPE_TYPE_`,`LINK_TYPE_`)
) ENGINE=InnoDB DEFAULT CHARSET=utf8mb3 COLLATE=utf8mb3_bin;
/*!40101 SET character_set_client = @saved_cs_client */;

--
-- Dumping data for table `act_ru_entitylink`
--

LOCK TABLES `act_ru_entitylink` WRITE;
/*!40000 ALTER TABLE `act_ru_entitylink` DISABLE KEYS */;
/*!40000 ALTER TABLE `act_ru_entitylink` ENABLE KEYS */;
UNLOCK TABLES;

--
-- Table structure for table `sys_listener`
--

DROP TABLE IF EXISTS `sys_listener`;
/*!40101 SET @saved_cs_client     = @@character_set_client */;
/*!50503 SET character_set_client = utf8mb4 */;
CREATE TABLE `sys_listener` (
  `id` bigint NOT NULL AUTO_INCREMENT COMMENT 'ф╕╗щФо',
  `name` varchar(128) DEFAULT NULL COMMENT 'хРНчз░',
  `type` varchar(64) DEFAULT NULL COMMENT 'чЫСхРмч▒╗хЮЛ',
  `event_type` varchar(64) DEFAULT NULL COMMENT 'чЫСхРмф║Лф╗╢ч▒╗хЮЛ',
  `value_type` varchar(64) DEFAULT NULL COMMENT 'чЫСхРмхА╝ч▒╗хЮЛ',
  `value` varchar(255) DEFAULT NULL COMMENT 'чЫСхРмхА╝',
  `create_time` datetime DEFAULT NULL COMMENT 'хИЫх╗║цЧ╢щЧ┤',
  `update_time` datetime DEFAULT NULL COMMENT 'цЫ┤цЦ░цЧ╢щЧ┤',
  `create_by` bigint DEFAULT NULL COMMENT 'хИЫх╗║ф║║хСШ',
  `update_by` bigint DEFAULT NULL COMMENT 'цЫ┤цЦ░ф║║хСШ',
  `status` tinyint DEFAULT '0' COMMENT 'чК╢цАБ',
  `remark` varchar(255) DEFAULT NULL COMMENT 'хдЗц│и',
  PRIMARY KEY (`id`),
  KEY `idx_sys_listener_type` (`type`),
  KEY `idx_sys_listener_event` (`event_type`)
) ENGINE=InnoDB DEFAULT CHARSET=utf8mb4 COLLATE=utf8mb4_0900_ai_ci COMMENT='ц╡БчиЛчЫСхРмхЩи';
/*!40101 SET character_set_client = @saved_cs_client */;

--
-- Dumping data for table `sys_listener`
--

LOCK TABLES `sys_listener` WRITE;
/*!40000 ALTER TABLE `sys_listener` DISABLE KEYS */;
/*!40000 ALTER TABLE `sys_listener` ENABLE KEYS */;
UNLOCK TABLES;

--
-- Table structure for table `act_hi_tsk_log`
--

DROP TABLE IF EXISTS `act_hi_tsk_log`;
/*!40101 SET @saved_cs_client     = @@character_set_client */;
/*!50503 SET character_set_client = utf8mb4 */;
CREATE TABLE `act_hi_tsk_log` (
  `ID_` bigint NOT NULL AUTO_INCREMENT,
  `TYPE_` varchar(64) COLLATE utf8mb3_bin DEFAULT NULL,
  `TASK_ID_` varchar(64) COLLATE utf8mb3_bin NOT NULL,
  `TIME_STAMP_` timestamp(3) NOT NULL,
  `USER_ID_` varchar(255) COLLATE utf8mb3_bin DEFAULT NULL,
  `DATA_` varchar(4000) COLLATE utf8mb3_bin DEFAULT NULL,
  `EXECUTION_ID_` varchar(64) COLLATE utf8mb3_bin DEFAULT NULL,
  `PROC_INST_ID_` varchar(64) COLLATE utf8mb3_bin DEFAULT NULL,
  `PROC_DEF_ID_` varchar(64) COLLATE utf8mb3_bin DEFAULT NULL,
  `SCOPE_ID_` varchar(255) COLLATE utf8mb3_bin DEFAULT NULL,
  `SCOPE_DEFINITION_ID_` varchar(255) COLLATE utf8mb3_bin DEFAULT NULL,
  `SUB_SCOPE_ID_` varchar(255) COLLATE utf8mb3_bin DEFAULT NULL,
  `SCOPE_TYPE_` varchar(255) COLLATE utf8mb3_bin DEFAULT NULL,
  `TENANT_ID_` varchar(255) COLLATE utf8mb3_bin DEFAULT '',
  PRIMARY KEY (`ID_`),
  KEY `ACT_IDX_ACT_HI_TSK_LOG_TASK` (`TASK_ID_`)
) ENGINE=InnoDB DEFAULT CHARSET=utf8mb3 COLLATE=utf8mb3_bin;
/*!40101 SET character_set_client = @saved_cs_client */;

--
-- Dumping data for table `act_hi_tsk_log`
--

LOCK TABLES `act_hi_tsk_log` WRITE;
/*!40000 ALTER TABLE `act_hi_tsk_log` DISABLE KEYS */;
/*!40000 ALTER TABLE `act_hi_tsk_log` ENABLE KEYS */;
UNLOCK TABLES;

--
-- Table structure for table `sys_config`
--

DROP TABLE IF EXISTS `sys_config`;
/*!40101 SET @saved_cs_client     = @@character_set_client */;
/*!50503 SET character_set_client = utf8mb4 */;
CREATE TABLE `sys_config` (
  `config_id` int NOT NULL AUTO_INCREMENT COMMENT 'хПВцХ░ф╕╗щФо',
  `config_name` varchar(100) COLLATE utf8mb4_unicode_ci DEFAULT '' COMMENT 'хПВцХ░хРНчз░',
  `config_key` varchar(100) COLLATE utf8mb4_unicode_ci DEFAULT '' COMMENT 'хПВцХ░щФохРН',
  `config_value` varchar(500) COLLATE utf8mb4_unicode_ci DEFAULT '' COMMENT 'хПВцХ░щФохА╝',
  `config_type` char(1) COLLATE utf8mb4_unicode_ci DEFAULT 'N' COMMENT 'ч│╗ч╗ЯхЖЕч╜оя╝ИYцШп NхРжя╝Й',
  `create_by` varchar(64) COLLATE utf8mb4_unicode_ci DEFAULT '' COMMENT 'хИЫх╗║шАЕ',
  `create_time` datetime DEFAULT NULL COMMENT 'хИЫх╗║цЧ╢щЧ┤',
  `update_by` varchar(64) COLLATE utf8mb4_unicode_ci DEFAULT '' COMMENT 'цЫ┤цЦ░шАЕ',
  `update_time` datetime DEFAULT NULL COMMENT 'цЫ┤цЦ░цЧ╢щЧ┤',
  `remark` varchar(500) COLLATE utf8mb4_unicode_ci DEFAULT NULL COMMENT 'хдЗц│и',
  PRIMARY KEY (`config_id`),
  UNIQUE KEY `uk_sys_config_key` (`config_key`)
) ENGINE=InnoDB AUTO_INCREMENT=100 DEFAULT CHARSET=utf8mb4 COLLATE=utf8mb4_unicode_ci COMMENT='хПВцХ░щЕНч╜ошби';
/*!40101 SET character_set_client = @saved_cs_client */;

--
-- Dumping data for table `sys_config`
--

LOCK TABLES `sys_config` WRITE;
/*!40000 ALTER TABLE `sys_config` DISABLE KEYS */;
INSERT INTO `sys_config` VALUES (1,'ф╕╗цбЖцЮ╢щб╡-щ╗ШшодчЪошВдца╖х╝ПхРНчз░','sys.index.skinName','skin-blue','Y','admin','2026-04-22 01:46:29','',NULL,'шУЭшЙ▓ skin-blueуАБч╗┐шЙ▓ skin-greenуАБч┤лшЙ▓ skin-purpleуАБч║вшЙ▓ skin-redуАБщ╗ДшЙ▓ skin-yellow'),(2,'чФицИ╖чобчРЖ-ш┤жхП╖хИЭхзЛхпЖчаБ','sys.user.initPassword','123456','Y','admin','2026-04-22 01:46:29','',NULL,'хИЭхзЛхМЦхпЖчаБ 123456'),(3,'ф╕╗цбЖцЮ╢щб╡-ф╛зш╛╣цаПф╕╗щвШ','sys.index.sideTheme','theme-dark','Y','admin','2026-04-22 01:46:29','',NULL,'ц╖▒шЙ▓ф╕╗щвШtheme-darkя╝Мц╡ЕшЙ▓ф╕╗щвШtheme-light'),(4,'ш┤жхП╖шЗкхКй-щкМшпБчаБх╝АхЕ│','sys.account.captchaEnabled','true','Y','admin','2026-04-22 01:46:30','',NULL,'цШпхРжх╝АхРпщкМшпБчаБхКЯшГ╜я╝Иtrueх╝АхРпя╝МfalseхЕ│щЧня╝Й'),(5,'ш┤жхП╖шЗкхКй-цШпхРжх╝АхРпчФицИ╖ц│ихЖМхКЯшГ╜','sys.account.registerUser','false','Y','admin','2026-04-22 01:46:30','',NULL,'цШпхРжх╝АхРпц│ихЖМчФицИ╖хКЯшГ╜я╝Иtrueх╝АхРпя╝МfalseхЕ│щЧня╝Й'),(6,'чФицИ╖чЩ╗х╜Х-щ╗СхРНхНХхИЧшби','sys.login.blackIPList','','Y','admin','2026-04-22 01:46:30','',NULL,'шо╛ч╜очЩ╗х╜ХIPщ╗СхРНхНХщЩРхИ╢я╝МхдЪф╕кхМ╣щЕНщб╣ф╗е;хИЖщЪФя╝МцФпцМБхМ╣щЕНя╝И*щАЪщЕНуАБч╜Сцо╡я╝Й');
/*!40000 ALTER TABLE `sys_config` ENABLE KEYS */;
UNLOCK TABLES;

--
-- Table structure for table `act_ru_external_job`
--

DROP TABLE IF EXISTS `act_ru_external_job`;
/*!40101 SET @saved_cs_client     = @@character_set_client */;
/*!50503 SET character_set_client = utf8mb4 */;
CREATE TABLE `act_ru_external_job` (
  `ID_` varchar(64) COLLATE utf8mb3_bin NOT NULL,
  `REV_` int DEFAULT NULL,
  `CATEGORY_` varchar(255) COLLATE utf8mb3_bin DEFAULT NULL,
  `TYPE_` varchar(255) COLLATE utf8mb3_bin NOT NULL,
  `LOCK_EXP_TIME_` timestamp(3) NULL DEFAULT NULL,
  `LOCK_OWNER_` varchar(255) COLLATE utf8mb3_bin DEFAULT NULL,
  `EXCLUSIVE_` tinyint(1) DEFAULT NULL,
  `EXECUTION_ID_` varchar(64) COLLATE utf8mb3_bin DEFAULT NULL,
  `PROCESS_INSTANCE_ID_` varchar(64) COLLATE utf8mb3_bin DEFAULT NULL,
  `PROC_DEF_ID_` varchar(64) COLLATE utf8mb3_bin DEFAULT NULL,
  `ELEMENT_ID_` varchar(255) COLLATE utf8mb3_bin DEFAULT NULL,
  `ELEMENT_NAME_` varchar(255) COLLATE utf8mb3_bin DEFAULT NULL,
  `SCOPE_ID_` varchar(255) COLLATE utf8mb3_bin DEFAULT NULL,
  `SUB_SCOPE_ID_` varchar(255) COLLATE utf8mb3_bin DEFAULT NULL,
  `SCOPE_TYPE_` varchar(255) COLLATE utf8mb3_bin DEFAULT NULL,
  `SCOPE_DEFINITION_ID_` varchar(255) COLLATE utf8mb3_bin DEFAULT NULL,
  `CORRELATION_ID_` varchar(255) COLLATE utf8mb3_bin DEFAULT NULL,
  `RETRIES_` int DEFAULT NULL,
  `EXCEPTION_STACK_ID_` varchar(64) COLLATE utf8mb3_bin DEFAULT NULL,
  `EXCEPTION_MSG_` varchar(4000) COLLATE utf8mb3_bin DEFAULT NULL,
  `DUEDATE_` timestamp(3) NULL DEFAULT NULL,
  `REPEAT_` varchar(255) COLLATE utf8mb3_bin DEFAULT NULL,
  `HANDLER_TYPE_` varchar(255) COLLATE utf8mb3_bin DEFAULT NULL,
  `HANDLER_CFG_` varchar(4000) COLLATE utf8mb3_bin DEFAULT NULL,
  `CUSTOM_VALUES_ID_` varchar(64) COLLATE utf8mb3_bin DEFAULT NULL,
  `CREATE_TIME_` timestamp(3) NULL DEFAULT NULL,
  `TENANT_ID_` varchar(255) COLLATE utf8mb3_bin DEFAULT '',
  PRIMARY KEY (`ID_`),
  KEY `ACT_IDX_EXTERNAL_JOB_EXCEPTION_STACK_ID` (`EXCEPTION_STACK_ID_`),
  KEY `ACT_IDX_EXTERNAL_JOB_CUSTOM_VALUES_ID` (`CUSTOM_VALUES_ID_`),
  KEY `ACT_IDX_EXTERNAL_JOB_CORRELATION_ID` (`CORRELATION_ID_`),
  KEY `ACT_IDX_EJOB_SCOPE` (`SCOPE_ID_`,`SCOPE_TYPE_`),
  KEY `ACT_IDX_EJOB_SUB_SCOPE` (`SUB_SCOPE_ID_`,`SCOPE_TYPE_`),
  KEY `ACT_IDX_EJOB_SCOPE_DEF` (`SCOPE_DEFINITION_ID_`,`SCOPE_TYPE_`),
  CONSTRAINT `ACT_FK_EXTERNAL_JOB_CUSTOM_VALUES` FOREIGN KEY (`CUSTOM_VALUES_ID_`) REFERENCES `act_ge_bytearray` (`ID_`),
  CONSTRAINT `ACT_FK_EXTERNAL_JOB_EXCEPTION` FOREIGN KEY (`EXCEPTION_STACK_ID_`) REFERENCES `act_ge_bytearray` (`ID_`)
) ENGINE=InnoDB DEFAULT CHARSET=utf8mb3 COLLATE=utf8mb3_bin;
/*!40101 SET character_set_client = @saved_cs_client */;

--
-- Dumping data for table `act_ru_external_job`
--

LOCK TABLES `act_ru_external_job` WRITE;
/*!40000 ALTER TABLE `act_ru_external_job` DISABLE KEYS */;
/*!40000 ALTER TABLE `act_ru_external_job` ENABLE KEYS */;
UNLOCK TABLES;

--
-- Table structure for table `sys_dict_type`
--

DROP TABLE IF EXISTS `sys_dict_type`;
/*!40101 SET @saved_cs_client     = @@character_set_client */;
/*!50503 SET character_set_client = utf8mb4 */;
CREATE TABLE `sys_dict_type` (
  `dict_id` bigint NOT NULL AUTO_INCREMENT COMMENT 'хнЧхЕ╕ф╕╗щФо',
  `dict_name` varchar(100) COLLATE utf8mb4_unicode_ci DEFAULT '' COMMENT 'хнЧхЕ╕хРНчз░',
  `dict_type` varchar(100) COLLATE utf8mb4_unicode_ci DEFAULT '' COMMENT 'хнЧхЕ╕ч▒╗хЮЛ',
  `status` char(1) COLLATE utf8mb4_unicode_ci DEFAULT '0' COMMENT 'чК╢цАБя╝И0цнгх╕╕ 1хБЬчФия╝Й',
  `create_by` varchar(64) COLLATE utf8mb4_unicode_ci DEFAULT '' COMMENT 'хИЫх╗║шАЕ',
  `create_time` datetime DEFAULT NULL COMMENT 'хИЫх╗║цЧ╢щЧ┤',
  `update_by` varchar(64) COLLATE utf8mb4_unicode_ci DEFAULT '' COMMENT 'цЫ┤цЦ░шАЕ',
  `update_time` datetime DEFAULT NULL COMMENT 'цЫ┤цЦ░цЧ╢щЧ┤',
  `remark` varchar(500) COLLATE utf8mb4_unicode_ci DEFAULT NULL COMMENT 'хдЗц│и',
  PRIMARY KEY (`dict_id`),
  UNIQUE KEY `uk_sys_dict_type` (`dict_type`)
) ENGINE=InnoDB AUTO_INCREMENT=105 DEFAULT CHARSET=utf8mb4 COLLATE=utf8mb4_unicode_ci COMMENT='хнЧхЕ╕ч▒╗хЮЛшби';
/*!40101 SET character_set_client = @saved_cs_client */;

--
-- Dumping data for table `sys_dict_type`
--

LOCK TABLES `sys_dict_type` WRITE;
/*!40000 ALTER TABLE `sys_dict_type` DISABLE KEYS */;
INSERT INTO `sys_dict_type` VALUES (1,'чФицИ╖цАзхИл','sys_user_sex','0','admin','2026-04-22 01:46:29','',NULL,'чФицИ╖цАзхИлхИЧшби'),(2,'шПЬхНХчК╢цАБ','sys_show_hide','0','admin','2026-04-22 01:46:29','',NULL,'шПЬхНХчК╢цАБхИЧшби'),(3,'ч│╗ч╗Ях╝АхЕ│','sys_normal_disable','0','admin','2026-04-22 01:46:29','',NULL,'ч│╗ч╗Ях╝АхЕ│хИЧшби'),(4,'ф╗╗хКбчК╢цАБ','sys_job_status','0','admin','2026-04-22 01:46:29','',NULL,'ф╗╗хКбчК╢цАБхИЧшби'),(5,'ф╗╗хКбхИЖч╗Д','sys_job_group','0','admin','2026-04-22 01:46:29','',NULL,'ф╗╗хКбхИЖч╗ДхИЧшби'),(6,'ч│╗ч╗ЯцШпхРж','sys_yes_no','0','admin','2026-04-22 01:46:29','',NULL,'ч│╗ч╗ЯцШпхРжхИЧшби'),(7,'щАЪчЯеч▒╗хЮЛ','sys_notice_type','0','admin','2026-04-22 01:46:29','',NULL,'щАЪчЯеч▒╗хЮЛхИЧшби'),(8,'щАЪчЯечК╢цАБ','sys_notice_status','0','admin','2026-04-22 01:46:29','',NULL,'щАЪчЯечК╢цАБхИЧшби'),(9,'цУНф╜Ьч▒╗хЮЛ','sys_oper_type','0','admin','2026-04-22 01:46:29','',NULL,'цУНф╜Ьч▒╗хЮЛхИЧшби'),(10,'ч│╗ч╗ЯчК╢цАБ','sys_common_status','0','admin','2026-04-22 01:46:29','',NULL,'чЩ╗х╜ХчК╢цАБхИЧшби'),(100,'шбиш╛╛х╝Пч▒╗хЮЛ','exp_data_type','0','admin','2026-04-22 01:46:52','',NULL,'шбиш╛╛х╝Пч▒╗хЮЛ'),(101,'чЫСхРмч▒╗хЮЛ','sys_listener_type','0','admin','2026-04-22 01:46:52','',NULL,'чЫСхРмч▒╗хЮЛ'),(102,'чЫСхРмхА╝ч▒╗хЮЛ','sys_listener_value_type','0','admin','2026-04-22 01:46:52','',NULL,'чЫСхРмхА╝ч▒╗хЮЛ'),(103,'чЫСхРмх▒ЮцАз','sys_listener_event_type','0','admin','2026-04-22 01:46:52','',NULL,'чЫСхРмх▒ЮцАз'),(104,'ц╡БчиЛхИЖч▒╗','sys_process_category','0','admin','2026-04-22 01:46:52','',NULL,'ц╡БчиЛхИЖч▒╗');
/*!40000 ALTER TABLE `sys_dict_type` ENABLE KEYS */;
UNLOCK TABLES;

--
-- Table structure for table `act_cmmn_ru_plan_item_inst`
--

DROP TABLE IF EXISTS `act_cmmn_ru_plan_item_inst`;
/*!40101 SET @saved_cs_client     = @@character_set_client */;
/*!50503 SET character_set_client = utf8mb4 */;
CREATE TABLE `act_cmmn_ru_plan_item_inst` (
  `ID_` varchar(255) COLLATE utf8mb4_unicode_ci NOT NULL,
  `REV_` int NOT NULL,
  `CASE_DEF_ID_` varchar(255) COLLATE utf8mb4_unicode_ci DEFAULT NULL,
  `CASE_INST_ID_` varchar(255) COLLATE utf8mb4_unicode_ci DEFAULT NULL,
  `STAGE_INST_ID_` varchar(255) COLLATE utf8mb4_unicode_ci DEFAULT NULL,
  `IS_STAGE_` tinyint DEFAULT NULL,
  `ELEMENT_ID_` varchar(255) COLLATE utf8mb4_unicode_ci DEFAULT NULL,
  `NAME_` varchar(255) COLLATE utf8mb4_unicode_ci DEFAULT NULL,
  `STATE_` varchar(255) COLLATE utf8mb4_unicode_ci DEFAULT NULL,
  `CREATE_TIME_` datetime(3) DEFAULT NULL,
  `START_USER_ID_` varchar(255) COLLATE utf8mb4_unicode_ci DEFAULT NULL,
  `REFERENCE_ID_` varchar(255) COLLATE utf8mb4_unicode_ci DEFAULT NULL,
  `REFERENCE_TYPE_` varchar(255) COLLATE utf8mb4_unicode_ci DEFAULT NULL,
  `ITEM_DEFINITION_ID_` varchar(255) COLLATE utf8mb4_unicode_ci DEFAULT NULL,
  `ITEM_DEFINITION_TYPE_` varchar(255) COLLATE utf8mb4_unicode_ci DEFAULT NULL,
  `IS_COMPLETEABLE_` tinyint DEFAULT NULL,
  `IS_COUNT_ENABLED_` tinyint DEFAULT NULL,
  `VAR_COUNT_` int DEFAULT NULL,
  `SENTRY_PART_INST_COUNT_` int DEFAULT NULL,
  `LAST_AVAILABLE_TIME_` datetime(3) DEFAULT NULL,
  `LAST_ENABLED_TIME_` datetime(3) DEFAULT NULL,
  `LAST_DISABLED_TIME_` datetime(3) DEFAULT NULL,
  `LAST_STARTED_TIME_` datetime(3) DEFAULT NULL,
  `LAST_SUSPENDED_TIME_` datetime(3) DEFAULT NULL,
  `COMPLETED_TIME_` datetime(3) DEFAULT NULL,
  `OCCURRED_TIME_` datetime(3) DEFAULT NULL,
  `TERMINATED_TIME_` datetime(3) DEFAULT NULL,
  `EXIT_TIME_` datetime(3) DEFAULT NULL,
  `ENDED_TIME_` datetime(3) DEFAULT NULL,
  `ENTRY_CRITERION_ID_` varchar(255) COLLATE utf8mb4_unicode_ci DEFAULT NULL,
  `EXIT_CRITERION_ID_` varchar(255) COLLATE utf8mb4_unicode_ci DEFAULT NULL,
  `EXTRA_VALUE_` varchar(255) COLLATE utf8mb4_unicode_ci DEFAULT NULL,
  `DERIVED_CASE_DEF_ID_` varchar(255) COLLATE utf8mb4_unicode_ci DEFAULT NULL,
  `LAST_UNAVAILABLE_TIME_` datetime(3) DEFAULT NULL,
  `TENANT_ID_` varchar(255) COLLATE utf8mb4_unicode_ci DEFAULT '',
  PRIMARY KEY (`ID_`),
  KEY `ACT_IDX_PLAN_ITEM_CASE_DEF` (`CASE_DEF_ID_`),
  KEY `ACT_IDX_PLAN_ITEM_CASE_INST` (`CASE_INST_ID_`),
  KEY `ACT_IDX_PLAN_ITEM_STAGE_INST` (`STAGE_INST_ID_`),
  CONSTRAINT `ACT_FK_PLAN_ITEM_CASE_DEF` FOREIGN KEY (`CASE_DEF_ID_`) REFERENCES `act_cmmn_casedef` (`ID_`),
  CONSTRAINT `ACT_FK_PLAN_ITEM_CASE_INST` FOREIGN KEY (`CASE_INST_ID_`) REFERENCES `act_cmmn_ru_case_inst` (`ID_`)
) ENGINE=InnoDB DEFAULT CHARSET=utf8mb4 COLLATE=utf8mb4_unicode_ci;
/*!40101 SET character_set_client = @saved_cs_client */;

--
-- Dumping data for table `act_cmmn_ru_plan_item_inst`
--

LOCK TABLES `act_cmmn_ru_plan_item_inst` WRITE;
/*!40000 ALTER TABLE `act_cmmn_ru_plan_item_inst` DISABLE KEYS */;
/*!40000 ALTER TABLE `act_cmmn_ru_plan_item_inst` ENABLE KEYS */;
UNLOCK TABLES;

--
-- Table structure for table `qrtz_cron_triggers`
--

DROP TABLE IF EXISTS `qrtz_cron_triggers`;
/*!40101 SET @saved_cs_client     = @@character_set_client */;
/*!50503 SET character_set_client = utf8mb4 */;
CREATE TABLE `qrtz_cron_triggers` (
  `sched_name` varchar(120) COLLATE utf8mb4_unicode_ci NOT NULL COMMENT 'ш░Гх║жхРНчз░',
  `trigger_name` varchar(200) COLLATE utf8mb4_unicode_ci NOT NULL COMMENT 'qrtz_triggersшбиtrigger_nameчЪДхдЦщФо',
  `trigger_group` varchar(200) COLLATE utf8mb4_unicode_ci NOT NULL COMMENT 'qrtz_triggersшбиtrigger_groupчЪДхдЦщФо',
  `cron_expression` varchar(200) COLLATE utf8mb4_unicode_ci NOT NULL COMMENT 'cronшбиш╛╛х╝П',
  `time_zone_id` varchar(80) COLLATE utf8mb4_unicode_ci DEFAULT NULL COMMENT 'цЧ╢хМ║',
  PRIMARY KEY (`sched_name`,`trigger_name`,`trigger_group`)
) ENGINE=InnoDB DEFAULT CHARSET=utf8mb4 COLLATE=utf8mb4_unicode_ci COMMENT='Cronч▒╗хЮЛчЪДшзжхПСхЩишби';
/*!40101 SET character_set_client = @saved_cs_client */;

--
-- Dumping data for table `qrtz_cron_triggers`
--

LOCK TABLES `qrtz_cron_triggers` WRITE;
/*!40000 ALTER TABLE `qrtz_cron_triggers` DISABLE KEYS */;
/*!40000 ALTER TABLE `qrtz_cron_triggers` ENABLE KEYS */;
UNLOCK TABLES;

--
-- Table structure for table `act_ge_bytearray`
--

DROP TABLE IF EXISTS `act_ge_bytearray`;
/*!40101 SET @saved_cs_client     = @@character_set_client */;
/*!50503 SET character_set_client = utf8mb4 */;
CREATE TABLE `act_ge_bytearray` (
  `ID_` varchar(64) COLLATE utf8mb3_bin NOT NULL,
  `REV_` int DEFAULT NULL,
  `NAME_` varchar(255) COLLATE utf8mb3_bin DEFAULT NULL,
  `DEPLOYMENT_ID_` varchar(64) COLLATE utf8mb3_bin DEFAULT NULL,
  `BYTES_` longblob,
  `GENERATED_` tinyint DEFAULT NULL,
  PRIMARY KEY (`ID_`),
  KEY `ACT_FK_BYTEARR_DEPL` (`DEPLOYMENT_ID_`),
  CONSTRAINT `ACT_FK_BYTEARR_DEPL` FOREIGN KEY (`DEPLOYMENT_ID_`) REFERENCES `act_re_deployment` (`ID_`)
) ENGINE=InnoDB DEFAULT CHARSET=utf8mb3 COLLATE=utf8mb3_bin;
/*!40101 SET character_set_client = @saved_cs_client */;

--
-- Dumping data for table `act_ge_bytearray`
--

LOCK TABLES `act_ge_bytearray` WRITE;
/*!40000 ALTER TABLE `act_ge_bytearray` DISABLE KEYS */;
INSERT INTO `act_ge_bytearray` VALUES ('891a4295-305c-11f1-82b6-8c1645e938b5',1,'flow_1hxp265d.bpmn','891a4294-305c-11f1-82b6-8c1645e938b5',_binary '<?xml version=\"1.0\" encoding=\"UTF-8\"?>\n<definitions xmlns=\"http://www.omg.org/spec/BPMN/20100524/MODEL\" xmlns:xsi=\"http://www.w3.org/2001/XMLSchema-instance\" xmlns:bpmndi=\"http://www.omg.org/spec/BPMN/20100524/DI\" xmlns:omgdc=\"http://www.omg.org/spec/DD/20100524/DC\" xmlns:bioc=\"http://bpmn.io/schema/bpmn/biocolor/1.0\" xmlns:di=\"http://www.omg.org/spec/DD/20100524/DI\" xmlns:flowable=\"http://flowable.org/bpmn\" xmlns:xsd=\"http://www.w3.org/2001/XMLSchema\" targetNamespace=\"http://www.flowable.org/processdef\">\n  <process id=\"flow_cl1udrgp\" name=\"flow_1hxp265d\" flowable:processCategory=\"leave\">\n    <startEvent id=\"start_event\" name=\"х╝АхзЛ\">\n      <outgoing>Flow_1dd8wjs</outgoing>\n    </startEvent>\n    <userTask id=\"Activity_1kbxzqu\" name=\"хИЭхоб\">\n      <incoming>Flow_1dd8wjs</incoming>\n      <outgoing>Flow_1ytg1zm</outgoing>\n    </userTask>\n    <sequenceFlow id=\"Flow_1dd8wjs\" sourceRef=\"start_event\" targetRef=\"Activity_1kbxzqu\" />\n    <userTask id=\"Activity_0v17nhy\" name=\"хдНхоб\">\n      <incoming>Flow_1ytg1zm</incoming>\n      <outgoing>Flow_0l7uvbx</outgoing>\n    </userTask>\n    <sequenceFlow id=\"Flow_1ytg1zm\" sourceRef=\"Activity_1kbxzqu\" targetRef=\"Activity_0v17nhy\" />\n    <endEvent id=\"Event_0jjdo1e\" name=\"ч╗УцЭЯ\">\n      <incoming>Flow_0l7uvbx</incoming>\n    </endEvent>\n    <sequenceFlow id=\"Flow_0l7uvbx\" sourceRef=\"Activity_0v17nhy\" targetRef=\"Event_0jjdo1e\" />\n  </process>\n  <bpmndi:BPMNDiagram id=\"BPMNDiagram_flow\">\n    <bpmndi:BPMNPlane id=\"BPMNPlane_flow\" bpmnElement=\"flow_cl1udrgp\">\n      <bpmndi:BPMNShape id=\"BPMNShape_start_event\" bpmnElement=\"start_event\" bioc:stroke=\"\">\n        <omgdc:Bounds x=\"35\" y=\"215\" width=\"30\" height=\"30\" />\n        <bpmndi:BPMNLabel>\n          <omgdc:Bounds x=\"37\" y=\"252\" width=\"23\" height=\"14\" />\n        </bpmndi:BPMNLabel>\n      </bpmndi:BPMNShape>\n      <bpmndi:BPMNShape id=\"Activity_1kbxzqu_di\" bpmnElement=\"Activity_1kbxzqu\">\n        <omgdc:Bounds x=\"120\" y=\"190\" width=\"100\" height=\"80\" />\n        <bpmndi:BPMNLabel />\n      </bpmndi:BPMNShape>\n      <bpmndi:BPMNShape id=\"Activity_0v17nhy_di\" bpmnElement=\"Activity_0v17nhy\">\n        <omgdc:Bounds x=\"290\" y=\"190\" width=\"100\" height=\"80\" />\n        <bpmndi:BPMNLabel />\n      </bpmndi:BPMNShape>\n      <bpmndi:BPMNShape id=\"Event_0jjdo1e_di\" bpmnElement=\"Event_0jjdo1e\">\n        <omgdc:Bounds x=\"452\" y=\"212\" width=\"36\" height=\"36\" />\n        <bpmndi:BPMNLabel>\n          <omgdc:Bounds x=\"459\" y=\"255\" width=\"23\" height=\"14\" />\n        </bpmndi:BPMNLabel>\n      </bpmndi:BPMNShape>\n      <bpmndi:BPMNEdge id=\"Flow_1dd8wjs_di\" bpmnElement=\"Flow_1dd8wjs\">\n        <di:waypoint x=\"65\" y=\"230\" />\n        <di:waypoint x=\"120\" y=\"230\" />\n      </bpmndi:BPMNEdge>\n      <bpmndi:BPMNEdge id=\"Flow_1ytg1zm_di\" bpmnElement=\"Flow_1ytg1zm\">\n        <di:waypoint x=\"220\" y=\"230\" />\n        <di:waypoint x=\"290\" y=\"230\" />\n      </bpmndi:BPMNEdge>\n      <bpmndi:BPMNEdge id=\"Flow_0l7uvbx_di\" bpmnElement=\"Flow_0l7uvbx\">\n        <di:waypoint x=\"390\" y=\"230\" />\n        <di:waypoint x=\"452\" y=\"230\" />\n      </bpmndi:BPMNEdge>\n    </bpmndi:BPMNPlane>\n  </bpmndi:BPMNDiagram>\n</definitions>\n',0),('8926c5b6-305c-11f1-82b6-8c1645e938b5',1,'flow_1hxp265d.flow_cl1udrgp.png','891a4294-305c-11f1-82b6-8c1645e938b5',_binary 'ЙPNG\r\n\Z\n\0\0\0\rIHDR\0\0\Ґ\0\0\0\0\0зNt4\0\0hIDATx^\э\▌}М\\e╜p\єПЫк\ё\▀#ТhФD¤CН1\Z\тK╕В1СD╝╫Ц▌╢A╖\э\"нX4Сл	б╣\ЄB45№#^╝Б?0TКТB\█P\╩\╦\╓\┌е пW*/Е╢R┌е╢╡\хн[,\э╣\ч7\▌Yз╧ЬvЗ\юv√\╠\╠\чУ|│╗3g\╬93\ґ\█▀│╧Щ3│ox\0\0\0\0\0\0\0\0\0\0\0\0\0\0\0\0\0\0\0\0\0\0\0\0\0\0\0\0\0\0\0\0\0\0\0\0\0\0\0\0\0\0\0\0\0\0\0\0\0\0\0\0\0\0\0\0\0\0\0\0\0\0\0\0\0\0\0\0\0\0\0\0\0\0\0\0\0\0\0\0\0\0\0\0\0\0\0\0\0\0\0\0\0\0\0\0\0\0\0\0\0\0\0\0\0\0\0\0\0\0\0\0\0\0\0\0\0\0\0\0\0\0\0\0\0\0\0\0\0\0\0\0\0\0\0\0\0\0\0\0\0\0\0\0\0\0\0\0\0\0\0\0\0\0\0\0\0\0\0\0\0\0\0\0\0\0\0\0\0\0\0\0\0\0\0\0\0\0\0\0\0\0\0\0\0\0\0\0\0\0\0\0\0\0\0\0\0\0\0\0\0\0\0\0\0\0\0\0\0\0\0\0\0\0\0\0\0\0\0\0\0\0\0\0\0\0\0\0\0\0\0\0\0\0\0\0\0\0\0\0\0\0\0\0\0\0\0\0\0\0\0\0\0\0\0\0\0\0\0\0\0\0\0\0\0\0\0\0\0\0\0\0\0\0\0\0\0\0\0\0\0\0\0\0\0\0\0\0\0\0\0\0\0\0\0\0\0\0\0\0\0\0\0\0\0\0\0\0\0\0\0\0\0\0\0\0\0\0\0\0\0\0\0\0\0\0\0\0\0\0\0\0\0\0\0\0\0\0\0\0\0\0\0\0\0\0\0\0\0\0\0\0\0\0\0\0\0\0\0\0\0\0\0\0\0\0\0*К\т_6n\▄x\у╜\і\▐√ПБББ\т\╬;\яФ	Nї╕\\│f═╢UлVЭЭ>?вNO|\╘)dкlО7Х┐Ь\┼\І\э█Лббб\т\╒W_Х	N<\ю\ёЇп^╜·Е▓aЮХ>Gи\╙вN!S1├Й_\╬\ЄЧV&>ГГГ;\╦y·бNsК:Е\╠\─aJ3Ь<\╧C\┘ \іе\╧\ъ4зиS\╚L╝\ІХ■в╩ЙK<\щsД:\═-\ъ2\╥jГ|y\╧`▒\ёO┐)\╓\▀\є_╡\─\іqY║ЬМ-\Zd5uЪW\╘)dдХї\╥\юн\┼c╖\╧+╜\є?K\\╫е\╦╦▒GГмжN\ґК:ЕМ┤\╥ ╖м_\╓\╘\ыyn¤\Ґж\х\х╪гAVSзyEЭBFZiРП aAScм\'оKЧЧcПYMЭ\цu\niеA>v\чеMН▒Ю╕.]^О=\Zd5uЪW\╘)dDГ\╠+\Zd5uЪW\╘)dдХg жН▒Ю╕.]^О=\Zd5uЪW\╘)dдХ╣\сЮ njМ\є\─u\щ\Ґr\ь\╤ лй╙╝вN!#н4\╚][ пx\ьО ljОqY\\Ч./\╟\r▓Ъ:\═+\ъ2\╥JГМlz`aSГМ\╦\╥\хdl\╤ лй╙╝вN!#-5\╚}√К\rk зйA\╞eq]\╙\Ґr\╠\╤ лй╙╝вN!#г5\╚ЇDмз\юїUSsм\'о\ґйY\у\r▓Ъ:\═+\ъ2r\─Y\╬`7м*■╝\ҐтжжШ&ЦЙe\═z\╞\r▓Ъ:\═+\ъ2R\╒ GЫ\▌)f=cПYMЭ\цu\nйjРн\╠nОФ╕m║>i=\Zd5uЪW\╘)dдкAжM\я\є&]Я┤\r▓Ъ:\═+\ъ2R\╒ \х\─EГмжN\ґК:mM__\▀;{{{\'\і\Є\Є\\Y~(│й\╠\▐2\┼\Ё\╫Їy`Ї·╔▒|║ХЩW4\╚j\ъ4пи╙гЫ:u\ъ\╫╩БyIЩWЗ\эV\╦/Й█з\ыД#\╥ \ґКYMЭ\цuZнАO+\тu\Є▒d]м/\▌4\╤ \ґКYMЭ\цuz╕╛╛╛I===WХГ\я┴t@■╤П~T,Z┤иx\Ё┴ЛgЮyж╪╡kW\тk№Ч\╟\є▒\\z\█X_м7╓Яn│гХП╧Ы\ю╜\і\▐_╕p\с\ґ\ч\╧\▀ї╙Я■th╬Ь9╡w\І\ь\┘√/║\шв\╦╦Ю╛\ь▓╦оШ1c\╞)\щ\э╗НЩW4\╚j\ъ4пи\╙*╟ЦS╩Щ\ґгН\Ё┤i╙Клп╛║x\ю╣\чjГvлbї╕]\▄>\╨Й\эд\█\ю8\хc0i\х╩Х\╫╠Ы7\я¤¤¤┼п¤\ыb▌║uХ\┼\хq¤мY│╠Э;w\уy\чЭ\і\єt}\▌BГ\╠+\Zd5uЪW\╘\щ!\х\0■\ё2[\▌[╢l9|Д~Э\т\І▒Юd0\▀\█K\ібcФ\ґ\х{(MФ│\ё\т└Б\щ\уR)ЦЛ\х/╝\Ё\┬¤\▀ ■\і\ъ\щ\щїh║\юNзA\ц\r▓Ъ:\═+\ъtd&>2И\╟,z┘▓e\щ03&▒╛dv╛е\уf\ц\х¤|\у\э╖▀╛\ш№\ґ\╧/VмXQ╝\І\┌k\щ\у╨Т╕]▄╛пп\я\хn;[PГ\╠+\Zd5uЪW║╜N\у5\ы\╞\├\щ3f\╠(~Ї\сth▒\▐X\├`■H╟╝f^▐┐7.Y▓\ф╛9s\цO<\ёDz▀ПIмз┐┐oї╨мt{ЭJГ\╠+\▌\▐ ПDЭ\цХnп\╙\с\█Ff\т\╟kпЛ\є7\╬\╠c√\щ>╡еШЙ╧Ю=╗╪╛}{zЯ\╟$\╓W■\є\ґ\╥9\чЬsf║\═NдA\цХnoРGвN\ґJ7\╫\щ\Ё[\╠\╘\╒\х╦Чз\├\╚q\█iШХh√╖жн]╗\ІВ\─\╟k&Ю*\╫{\Ё;\▀ї\╬\ю)Sж|,\▌vз\╤ \ґJ77╚гQзyеЫы┤╖\с}\тqB\┌DJNА[Ч\ю[\█(\я╦д\╦/┐|(^\╙>ЮЦ.]║{┌┤i+\╙\эw\Z\r2пtsГ<\ZuЪW║╡N\уHm\у!\є▒ЮЭ■z\┼\І\Z▒╖\эС\у\█n╗\э\ъ8;¤XOlkUм┐┐┐Gї@¤k║ЭDГ\╠+\▌\┌ GгN\ґJ╖\╓iябП]н\rв\ё~\я!╢\█0+_Т\юc\І\╩√\ЁжK.╣\фёЦ▒Йp\і\▌w\я)и M\ігУhРyе[\фh\╘i^\щ\╞:-g\┬\'\є6|v·D\╧\╞\ыb╗\rїл▒_\щ╛fm\э┌╡ v\▐y\ч╡№>\ё▒К\эLЯ>}╧Ф)SNN\і%w\х№З2ззЧз4╚╝\╥m\rRЭ╢g:нN[й\├\Ґ·\╔\є4О\nЯH\╔╟╣NN\і5k\╫]w▌Э\ёЙli■№їП\є\Є\Є\╠I\і%w\rO\ҐQTГ\╠+Э\╓ GгN\█3ЭVзн\╘ayїп\ъ\╦]¤\є\щP1бb√\r√№лt_│v\┘eЧэШи\├\ъuw\▌u\╫·\▐6|в\сI>jБjРyе\╙\Z\фh\╘i{ж\╙ъ┤Х:Ь:u\ък·\є<\Ё@:TLи\╪~}_b┐\Z\і3{?ї\╔OЖ6n▄Ш▐з\у\ъ\╔\'Я\▄\\>XJ\і%wЕYYа\Zd^\щ┤9ЪК·TзmРNл╙К·kк\├\Ґ\ы│\є\╦\'zJ\┼\І\І\ё\┘\ф\ю\фm\І\ь\┘ ■\і┐з\і\щ╕┌╡k\╫K\х╡5▌Ч\▄UdЪZБ╢CГ╝\я╛√Ъ.k%O=\єT\э─Р\Є\ҐЬ\╙i\rr4uЩжm\ъ4\Ґ\╚#П\╘>T*╜|pp░\щ▓z\╘\щЙWQwiв_й <\╤\уP*╢_▀ЧrF■bz▓v\ю╣\ч√\і\яO\я\╙qUn\я┼К\'╡c\╥\r\ҐвЛ.*╛\і╜\я√\І\эk║nhhш░Яг└_y\хХ\┌\і6l(>\Єб{\І\ь9\т\Ґ╣%}~\фP┌бN\у_P╛\я}\я+\▐\ґЮ\і\─[WkЩ5kV\ё\эo╗x\я{\▀[;Z_VЭ╢w&zJ\┼\І\І\ч╡tм\╠\┌їчЯ┐в ┌▒c\╟╙╜Э5# CoЫ▓\\╜zu\эЯЬ}\І\┘\ё\╫\ё\х/╣╕\рВКx\чB=зЯ~zq\ё\┼П\▄f■№ї\┼\ф╔УGЪh\▄\ю╗\▀¤n1s\ц\╠┌║>\ёЙO\╘fM\щ╢rIз\═tFSQЯmWзС▌╗wgЮyf▒r\х╩ж\ыкeuЪЧК·kк├Шї\╓/Я\шq(\╒\╓3\Ґ Ї\╟/N\Єkї\╦_\ш\эМ\╫\╚kМu╣7╚Ш\х\─L№_ЇB▒p\с\┬Z├М\┘їo√\█\┌\єe\╫\╬\рм/ СП|$Ю│СЯ\▀\єоwН4\─+п╝▓Ш7o^▒u\ы╓ж\э\фТNkРг\щД:Нz:\чЬsК5k\╓Я¤\ьgkq=q1\хm█╢vuЪЧV\ъ░\╫k\фугЬy=5\╤gн\▀|\ґ\═\╦z\█√м\єжВlФsГмчЧ┐№em\ІЯп\╔%Ч\▀·╓╖К;ю╕гv\▌7╛\ёН\т\╓[oY\Ії\чЯ/\╬8уМС√[\▐\ҐЦС\я?№\сO?¤t\╙·sJз5\╚\╤tBЭ\╞!\ё;v╘╛ПzЛ╝^sQ╖Я·╘зЪnгN\ґ\╥J:k}Ь╠Я? КЙ~ї~\ЁГm·>\Ґ#dгЬd\фЮ{\ю)\▐¤\юw_·╥ЧК│\╬:л╪╣sg\э√·\ь\хЛ_№bmЩ\╞\█\─\ыС\є\╫?Ї┴О\\п_ж\ы\╧-Э\╓ G\╙)uZ╧Ы\▀№цжБ№\╘SOmZ.вN\ґ\╤J\ІzїЇ(AN\щ\я\я?0БЯ\ь\І|ї \эh\╟OvkU\╬\r\ҐбЗ*╛ї\═oW]uU\ё╣\╧}оx √\▀_<Ї\рГ\┼\╔\'Я\\;\─\╦|\ҐУЯ,№\ё\├n\іБ|а\ш\ы\ыл5\╘·й■}║Н\▄\╥i\rr╝\ф\\зН9щдУjпwG╜═Щ3зV┐Я №\чG\ь╞и\╙\І╥Ы\╤\'╗¤\ЁЗ?<\╪0Р╖\╫\'╗Е╣s\чnЪи\├\ыЛ/╛╛\╫gнЯ░\─\ґ№\Ґ\╦/┐√\▌\я\т\╚H\ё√\▀ ╛╕\сЖКп~\єл#\╦\─\р^?мYO\╠\р\у$вШ╜\єнoЩMЪ4й╪╗wo\╙vrJ76\╚V\ф\\з\єDн~\х+_й¤б╣t\щ\╥xYоVЛ7\▐xc╙▓u\┌^|\╓·8*¤\ы^x\с■	Ї\яg[\╩iГ ~v\тS\╚\у√8йи■ЪxЬ\іОw╝гiї_№\т#oUЛYO¤\Ґxн╜\ъ\тЬ╥Н\r▓╣\╫\щ/╝P√\іТ7\▌tS\эеЮ╖┐¤\э\┼\█\▐\І╢Сs9квN\█Oп ~6~╩ж■╨К+жwp,\╔~S>H+\╥mwЪ\▄d$\╬PП╖Э]s\═5qHй\ІБ? ї\╧kї\Єз?▌┤|c\тu\╚\Є▓Ь╙н\rr4╣\╫i\ь_Ьа\ІшгП\╓j4Nd;\э┤\╙jї\┘\╧~V\▄r\╦-┼║u\ыЪnWП:m9№?\ҐйSзОVo\█ GжLЩ\Ґ▒3f╝\Є\─Oд\іs\\№\ёП╝о|Рc;\щ╢;M\ю\r2r\э╡\╫\╓f\тW\\q\┼\╚e\ё~\▌x}<\Zd║|c>\ґЩ\╧4]Цs║╡AО&\ч:▌┤iSm\ЁЮ>}z\э├Л╓о];r]=К╖K╞Щ\ы1\╙No[П:m\х╪░о>Р.X░ >Ол\╪^\├l|]║omз№л\фk3g\╬\▄││\ё┤y\ґ\ц\х\х┤нн \╥yrnР\єМ\х0c\юп5ж\щ\цy4\эPзcЙ:m\х\╪sZ9Fии╦Ч/OЗС\у\"╢\╙0ИИ¤H\ін-MЫ6mV93q╝f\ц\├3\ёнefж\█\ъTЭ\▐ \█-\▌\▄ ПFЭ\цХnп╙ЮЮЮл\ъГjbЇ\сЗ\╙\сd\\\┼·й\╟\І\╙}jk1s>\і\▄sw/]║t\і▒Ю\0\'╢\r┐&■|╖\╠\─\ы4╚╝\╥\э\r\ҐH\╘i^\щ\І:\э\ы\ыЫTОП\╘\╓x\█\р\ё\Z\╠c╜\х\ІFО\0\─vc√\щ>╡╜ҐпУПЦ\▌\▐\▀▀┐\у\ю╗\я\▐\╙\ъ√\╠\╦\х╢/^╝xQї└l(s[м\']wз\╙ \ґJ╖7\╚#QзyEЭ\╓^+?еL╝╗idf╛l┘▓tШУX_\уL|x{зд√\╥Q\тнb\хЭ\\3}·\Є.╜\Є\╥?<\І\фУO>╗s\ч╬Ч\╦\╟фе┐¤\эo╫п_ └-╖▄▓t\ю▄╣╖Х\╦\юМ\х;¤-fGгA\ц\r▓Ъ:\═+\ъ\ЄРrР¤x\у`Й\╥\╞z6{\▄>9▒н6И\╟\І\╥}\шX\ёIlхЭЮ]╬░\уs\╥\яoxа\у\ы¤├Ч\╧\ю\фOlkХЩW4\╚j\ъ4пи\╙\ъ=439\╠Й\┘y╝\▀;■\щ\╙\ы\╦\╟\эТYx\эpzl\'\▌6\╘hРyEГмжN\ґК:=\\╝f=|\\:\0\╫>\╬u╤вE╡ПЧ~\цЩgК]╗v\╒\эЇ\Z?\╟\хq}\Ґ▒л\єМ\єv\фk\тМ\r2пhР\╒\╘i^Qз╒Ж▀Ъ6\Ґ>\ґ1f]╟╝┼М\уKГ\╠+\Zd5uЪW\╘\щ\╤\┼\чЬ\Є·8╫С\╧fo1▒№Т╕}║N8\"\r2пhР\╒\╘i^Qзн\щ\ы\ы{g90O\ю\щщ╣▓№:PfSЩ╜├Гv|НЯЖпЯ╦з\ыАQiРyEГмжN\ґК:ЕМhРyEГмжN\ґК:ЕМhРyEГмжN\ґК:ЕМhРyEГмжN\ґК:ЕМhРyEГмжN\ґК:ЕМhРyEГмжN\ґК:ЕМhРyEГмжN\ґК:ЕМhРyEГмжN\ґК:ЕМhРyEГмжN\ґК:ЕМhРyEГмжN\ґК:ЕМhРyEГмжN\ґК:ЕМhРyEГмжN\ґК:ЕМhРyEГмжN\ґК:ЕМhРyEГмжN\ґК:ЕМhРyEГмжN\ґК:ЕМhРyEГмжN\ґК:ЕМhРyEГмжN\ґК:ЕМ\Z\Zj·EХЙOї<l+\ф╛\Є9BЭ\цu\nЩY│f═╢\э█╖7¤▓\╩\─\чп¤\ы\т▓A▐Я>Gи╙ЬвN!3лVн:{\є\ъ\╒/\ю4\у91)\і┴═Ы7\▀P6\╟g╦ЬХ>Gи\╙вN!c\ёKaЧy5^√Т	O<\ю\ёЇkОGП\╧\Ё\удNOL\╘)\0\0\0\0\0\0\0\0\0\0\0\0\0\0\0\0\0М\┼ ╗╕[Vgv\┘?\0\0\0\0IENDоB`В',1),('8c970949-3063-11f1-8e5a-8c1645e938b5',1,'var-formJson',NULL,_binary 'м\э\0sr\0java.util.LinkedHashMap4└N\\l└√\0Z\0accessOrderxr\0java.util.HashMap\┌┴\├`\╤\0F\0\nloadFactorI\0	thresholdxp?@\0\0\0\0\0w\0\0\0\0\0\0t\0\nwidgetListsr\0java.util.ArrayListxБ\╥Щ\╟aЭ\0I\0sizexp\0\0\0w\0\0\0sq\0~\0\0?@\0\0\0\0\0w\0\0\0\0\0\0t\0typet\0inputt\0icont\0\ntext-fieldt\0formItemFlagsr\0java.lang.Boolean\═ rА╒Ь·\ю\0Z\0valuexpt\0optionssq\0~\0\0?@\0\0\0\0\00w\0\0\0@\0\0\0)t\0namet\0\ninput20238t\0labelt\0inputt\0\nlabelAlignt\0\0q\0~\0t\0textt\0defaultValueq\0~\0t\0placeholderq\0~\0t\0columnWidtht\0200pxt\0sizeq\0~\0t\0\nlabelWidthpt\0labelHiddensq\0~\0\0t\0readonlyq\0~\0t\0disabledq\0~\0t\0hiddenq\0~\0t\0	clearableq\0~\0\rt\0showPasswordq\0~\0t\0requiredq\0~\0t\0requiredHintq\0~\0t\0\nvalidationq\0~\0t\0validationHintq\0~\0t\0customClasssq\0~\0\0\0\0\0w\0\0\0\0xt\0labelIconClasspt\0labelIconPositiont\0reart\0labelTooltippt\0	minLengthpt\0	maxLengthpt\0\rshowWordLimitq\0~\0t\0\nprefixIconq\0~\0t\0\nsuffixIconq\0~\0t\0appendButtonq\0~\0t\0appendButtonDisabledq\0~\0t\0\nbuttonIcont\0el-icon-searcht\0	onCreatedq\0~\0t\0	onMountedq\0~\0t\0onInputq\0~\0t\0onChangeq\0~\0t\0onFocusq\0~\0t\0onBlurq\0~\0t\0\nonValidateq\0~\0t\0onAppendButtonClickq\0~\0t\0prependTextq\0~\0t\0\nappendTextq\0~\0x\0t\0idt\0\ninput20238x\0sq\0~\0\0?@\0\0\0\0\0w\0\0\0\0\0\0q\0~\0t\0textareaq\0~\0	t\0textarea-fieldq\0~\0q\0~\0\rq\0~\0sq\0~\0\0?@\0\0\0\0\00w\0\0\0@\0\0\0q\0~\0t\0\rtextarea77059q\0~\0t\0textareaq\0~\0q\0~\0t\0rowssr\0java.lang.Integerтад\іБЗ8\0I\0valuexr\0java.lang.NumberЖмХФ\рЛ\0\0xp\0\0\0q\0~\0q\0~\0q\0~\0q\0~\0q\0~\0t\0200pxq\0~\0q\0~\0q\0~\0pq\0~\0q\0~\0q\0~\0q\0~\0q\0~\0 q\0~\0q\0~\0!q\0~\0q\0~\0$q\0~\0q\0~\0%q\0~\0q\0~\0&q\0~\0q\0~\0\'q\0~\0q\0~\0(q\0~\0q\0~\0*pq\0~\0+t\0rearq\0~\0-pq\0~\0.pq\0~\0/pq\0~\00q\0~\0q\0~\07q\0~\0q\0~\08q\0~\0q\0~\09q\0~\0q\0~\0:q\0~\0q\0~\0;q\0~\0q\0~\0<q\0~\0q\0~\0=q\0~\0x\0q\0~\0At\0\rtextarea77059x\0sq\0~\0\0?@\0\0\0\0\0w\0\0\0\0\0\0q\0~\0t\0inputq\0~\0	t\0\ntext-fieldq\0~\0q\0~\0\rq\0~\0sq\0~\0\0?@\0\0\0\0\00w\0\0\0@\0\0\0)q\0~\0t\0\ninput18200q\0~\0t\0inputq\0~\0q\0~\0q\0~\0t\0textq\0~\0q\0~\0q\0~\0q\0~\0q\0~\0t\0200pxq\0~\0q\0~\0q\0~\0pq\0~\0q\0~\0q\0~\0q\0~\0q\0~\0 q\0~\0q\0~\0!q\0~\0q\0~\0\"q\0~\0\rq\0~\0#q\0~\0q\0~\0$q\0~\0q\0~\0%q\0~\0q\0~\0&q\0~\0q\0~\0\'q\0~\0q\0~\0(q\0~\0q\0~\0*pq\0~\0+t\0rearq\0~\0-pq\0~\0.pq\0~\0/pq\0~\00q\0~\0q\0~\01q\0~\0q\0~\02q\0~\0q\0~\03q\0~\0q\0~\04q\0~\0q\0~\05t\0el-icon-searchq\0~\07q\0~\0q\0~\08q\0~\0q\0~\09q\0~\0q\0~\0:q\0~\0q\0~\0;q\0~\0q\0~\0<q\0~\0q\0~\0=q\0~\0q\0~\0>q\0~\0q\0~\0?q\0~\0q\0~\0@q\0~\0x\0q\0~\0At\0\ninput18200x\0sq\0~\0\0?@\0\0\0\0\0w\0\0\0\0\0\0q\0~\0t\0inputq\0~\0	t\0\ntext-fieldq\0~\0q\0~\0\rq\0~\0sq\0~\0\0?@\0\0\0\0\00w\0\0\0@\0\0\0)q\0~\0t\0\ninput86112q\0~\0t\0inputq\0~\0q\0~\0q\0~\0t\0textq\0~\0q\0~\0q\0~\0q\0~\0q\0~\0t\0200pxq\0~\0q\0~\0q\0~\0pq\0~\0q\0~\0q\0~\0q\0~\0q\0~\0 q\0~\0q\0~\0!q\0~\0q\0~\0\"q\0~\0\rq\0~\0#q\0~\0q\0~\0$q\0~\0q\0~\0%q\0~\0q\0~\0&q\0~\0q\0~\0\'q\0~\0q\0~\0(q\0~\0q\0~\0*pq\0~\0+t\0rearq\0~\0-pq\0~\0.pq\0~\0/pq\0~\00q\0~\0q\0~\01q\0~\0q\0~\02q\0~\0q\0~\03q\0~\0q\0~\04q\0~\0q\0~\05t\0el-icon-searchq\0~\07q\0~\0q\0~\08q\0~\0q\0~\09q\0~\0q\0~\0:q\0~\0q\0~\0;q\0~\0q\0~\0<q\0~\0q\0~\0=q\0~\0q\0~\0>q\0~\0q\0~\0?q\0~\0q\0~\0@q\0~\0x\0q\0~\0At\0\ninput86112x\0xt\0\nformConfigsq\0~\0\0?@\0\0\0\0\0w\0\0\0 \0\0\0t\0	modelNamet\0formDatat\0refNamet\0vFormt\0	rulesNamet\0rulesq\0~\0sq\0~\0J\0\0\0Pt\0\rlabelPositiont\0leftq\0~\0q\0~\0q\0~\0t\0label-left-alignt\0cssCodeq\0~\0q\0~\0(q\0~\0t\0	functionsq\0~\0t\0\nlayoutTypet\0PCt\0\ronFormCreatedq\0~\0t\0\ronFormMountedq\0~\0t\0onFormDataChangeq\0~\0t\0onFormValidateq\0~\0x\0x\0',NULL),('8c97576b-3063-11f1-8e5a-8c1645e938b5',1,'hist.var-formJson',NULL,_binary 'м\э\0sr\0java.util.LinkedHashMap4└N\\l└√\0Z\0accessOrderxr\0java.util.HashMap\┌┴\├`\╤\0F\0\nloadFactorI\0	thresholdxp?@\0\0\0\0\0w\0\0\0\0\0\0t\0\nwidgetListsr\0java.util.ArrayListxБ\╥Щ\╟aЭ\0I\0sizexp\0\0\0w\0\0\0sq\0~\0\0?@\0\0\0\0\0w\0\0\0\0\0\0t\0typet\0inputt\0icont\0\ntext-fieldt\0formItemFlagsr\0java.lang.Boolean\═ rА╒Ь·\ю\0Z\0valuexpt\0optionssq\0~\0\0?@\0\0\0\0\00w\0\0\0@\0\0\0)t\0namet\0\ninput20238t\0labelt\0inputt\0\nlabelAlignt\0\0q\0~\0t\0textt\0defaultValueq\0~\0t\0placeholderq\0~\0t\0columnWidtht\0200pxt\0sizeq\0~\0t\0\nlabelWidthpt\0labelHiddensq\0~\0\0t\0readonlyq\0~\0t\0disabledq\0~\0t\0hiddenq\0~\0t\0	clearableq\0~\0\rt\0showPasswordq\0~\0t\0requiredq\0~\0t\0requiredHintq\0~\0t\0\nvalidationq\0~\0t\0validationHintq\0~\0t\0customClasssq\0~\0\0\0\0\0w\0\0\0\0xt\0labelIconClasspt\0labelIconPositiont\0reart\0labelTooltippt\0	minLengthpt\0	maxLengthpt\0\rshowWordLimitq\0~\0t\0\nprefixIconq\0~\0t\0\nsuffixIconq\0~\0t\0appendButtonq\0~\0t\0appendButtonDisabledq\0~\0t\0\nbuttonIcont\0el-icon-searcht\0	onCreatedq\0~\0t\0	onMountedq\0~\0t\0onInputq\0~\0t\0onChangeq\0~\0t\0onFocusq\0~\0t\0onBlurq\0~\0t\0\nonValidateq\0~\0t\0onAppendButtonClickq\0~\0t\0prependTextq\0~\0t\0\nappendTextq\0~\0x\0t\0idt\0\ninput20238x\0sq\0~\0\0?@\0\0\0\0\0w\0\0\0\0\0\0q\0~\0t\0textareaq\0~\0	t\0textarea-fieldq\0~\0q\0~\0\rq\0~\0sq\0~\0\0?@\0\0\0\0\00w\0\0\0@\0\0\0q\0~\0t\0\rtextarea77059q\0~\0t\0textareaq\0~\0q\0~\0t\0rowssr\0java.lang.Integerтад\іБЗ8\0I\0valuexr\0java.lang.NumberЖмХФ\рЛ\0\0xp\0\0\0q\0~\0q\0~\0q\0~\0q\0~\0q\0~\0t\0200pxq\0~\0q\0~\0q\0~\0pq\0~\0q\0~\0q\0~\0q\0~\0q\0~\0 q\0~\0q\0~\0!q\0~\0q\0~\0$q\0~\0q\0~\0%q\0~\0q\0~\0&q\0~\0q\0~\0\'q\0~\0q\0~\0(q\0~\0q\0~\0*pq\0~\0+t\0rearq\0~\0-pq\0~\0.pq\0~\0/pq\0~\00q\0~\0q\0~\07q\0~\0q\0~\08q\0~\0q\0~\09q\0~\0q\0~\0:q\0~\0q\0~\0;q\0~\0q\0~\0<q\0~\0q\0~\0=q\0~\0x\0q\0~\0At\0\rtextarea77059x\0sq\0~\0\0?@\0\0\0\0\0w\0\0\0\0\0\0q\0~\0t\0inputq\0~\0	t\0\ntext-fieldq\0~\0q\0~\0\rq\0~\0sq\0~\0\0?@\0\0\0\0\00w\0\0\0@\0\0\0)q\0~\0t\0\ninput18200q\0~\0t\0inputq\0~\0q\0~\0q\0~\0t\0textq\0~\0q\0~\0q\0~\0q\0~\0q\0~\0t\0200pxq\0~\0q\0~\0q\0~\0pq\0~\0q\0~\0q\0~\0q\0~\0q\0~\0 q\0~\0q\0~\0!q\0~\0q\0~\0\"q\0~\0\rq\0~\0#q\0~\0q\0~\0$q\0~\0q\0~\0%q\0~\0q\0~\0&q\0~\0q\0~\0\'q\0~\0q\0~\0(q\0~\0q\0~\0*pq\0~\0+t\0rearq\0~\0-pq\0~\0.pq\0~\0/pq\0~\00q\0~\0q\0~\01q\0~\0q\0~\02q\0~\0q\0~\03q\0~\0q\0~\04q\0~\0q\0~\05t\0el-icon-searchq\0~\07q\0~\0q\0~\08q\0~\0q\0~\09q\0~\0q\0~\0:q\0~\0q\0~\0;q\0~\0q\0~\0<q\0~\0q\0~\0=q\0~\0q\0~\0>q\0~\0q\0~\0?q\0~\0q\0~\0@q\0~\0x\0q\0~\0At\0\ninput18200x\0sq\0~\0\0?@\0\0\0\0\0w\0\0\0\0\0\0q\0~\0t\0inputq\0~\0	t\0\ntext-fieldq\0~\0q\0~\0\rq\0~\0sq\0~\0\0?@\0\0\0\0\00w\0\0\0@\0\0\0)q\0~\0t\0\ninput86112q\0~\0t\0inputq\0~\0q\0~\0q\0~\0t\0textq\0~\0q\0~\0q\0~\0q\0~\0q\0~\0t\0200pxq\0~\0q\0~\0q\0~\0pq\0~\0q\0~\0q\0~\0q\0~\0q\0~\0 q\0~\0q\0~\0!q\0~\0q\0~\0\"q\0~\0\rq\0~\0#q\0~\0q\0~\0$q\0~\0q\0~\0%q\0~\0q\0~\0&q\0~\0q\0~\0\'q\0~\0q\0~\0(q\0~\0q\0~\0*pq\0~\0+t\0rearq\0~\0-pq\0~\0.pq\0~\0/pq\0~\00q\0~\0q\0~\01q\0~\0q\0~\02q\0~\0q\0~\03q\0~\0q\0~\04q\0~\0q\0~\05t\0el-icon-searchq\0~\07q\0~\0q\0~\08q\0~\0q\0~\09q\0~\0q\0~\0:q\0~\0q\0~\0;q\0~\0q\0~\0<q\0~\0q\0~\0=q\0~\0q\0~\0>q\0~\0q\0~\0?q\0~\0q\0~\0@q\0~\0x\0q\0~\0At\0\ninput86112x\0xt\0\nformConfigsq\0~\0\0?@\0\0\0\0\0w\0\0\0 \0\0\0t\0	modelNamet\0formDatat\0refNamet\0vFormt\0	rulesNamet\0rulesq\0~\0sq\0~\0J\0\0\0Pt\0\rlabelPositiont\0leftq\0~\0q\0~\0q\0~\0t\0label-left-alignt\0cssCodeq\0~\0q\0~\0(q\0~\0t\0	functionsq\0~\0t\0\nlayoutTypet\0PCt\0\ronFormCreatedq\0~\0t\0\ronFormMountedq\0~\0t\0onFormDataChangeq\0~\0t\0onFormValidateq\0~\0x\0x\0',NULL),('8c97576c-3063-11f1-8e5a-8c1645e938b5',1,'hist.detail.var-formJson',NULL,_binary 'м\э\0sr\0java.util.LinkedHashMap4└N\\l└√\0Z\0accessOrderxr\0java.util.HashMap\┌┴\├`\╤\0F\0\nloadFactorI\0	thresholdxp?@\0\0\0\0\0w\0\0\0\0\0\0t\0\nwidgetListsr\0java.util.ArrayListxБ\╥Щ\╟aЭ\0I\0sizexp\0\0\0w\0\0\0sq\0~\0\0?@\0\0\0\0\0w\0\0\0\0\0\0t\0typet\0inputt\0icont\0\ntext-fieldt\0formItemFlagsr\0java.lang.Boolean\═ rА╒Ь·\ю\0Z\0valuexpt\0optionssq\0~\0\0?@\0\0\0\0\00w\0\0\0@\0\0\0)t\0namet\0\ninput20238t\0labelt\0inputt\0\nlabelAlignt\0\0q\0~\0t\0textt\0defaultValueq\0~\0t\0placeholderq\0~\0t\0columnWidtht\0200pxt\0sizeq\0~\0t\0\nlabelWidthpt\0labelHiddensq\0~\0\0t\0readonlyq\0~\0t\0disabledq\0~\0t\0hiddenq\0~\0t\0	clearableq\0~\0\rt\0showPasswordq\0~\0t\0requiredq\0~\0t\0requiredHintq\0~\0t\0\nvalidationq\0~\0t\0validationHintq\0~\0t\0customClasssq\0~\0\0\0\0\0w\0\0\0\0xt\0labelIconClasspt\0labelIconPositiont\0reart\0labelTooltippt\0	minLengthpt\0	maxLengthpt\0\rshowWordLimitq\0~\0t\0\nprefixIconq\0~\0t\0\nsuffixIconq\0~\0t\0appendButtonq\0~\0t\0appendButtonDisabledq\0~\0t\0\nbuttonIcont\0el-icon-searcht\0	onCreatedq\0~\0t\0	onMountedq\0~\0t\0onInputq\0~\0t\0onChangeq\0~\0t\0onFocusq\0~\0t\0onBlurq\0~\0t\0\nonValidateq\0~\0t\0onAppendButtonClickq\0~\0t\0prependTextq\0~\0t\0\nappendTextq\0~\0x\0t\0idt\0\ninput20238x\0sq\0~\0\0?@\0\0\0\0\0w\0\0\0\0\0\0q\0~\0t\0textareaq\0~\0	t\0textarea-fieldq\0~\0q\0~\0\rq\0~\0sq\0~\0\0?@\0\0\0\0\00w\0\0\0@\0\0\0q\0~\0t\0\rtextarea77059q\0~\0t\0textareaq\0~\0q\0~\0t\0rowssr\0java.lang.Integerтад\іБЗ8\0I\0valuexr\0java.lang.NumberЖмХФ\рЛ\0\0xp\0\0\0q\0~\0q\0~\0q\0~\0q\0~\0q\0~\0t\0200pxq\0~\0q\0~\0q\0~\0pq\0~\0q\0~\0q\0~\0q\0~\0q\0~\0 q\0~\0q\0~\0!q\0~\0q\0~\0$q\0~\0q\0~\0%q\0~\0q\0~\0&q\0~\0q\0~\0\'q\0~\0q\0~\0(q\0~\0q\0~\0*pq\0~\0+t\0rearq\0~\0-pq\0~\0.pq\0~\0/pq\0~\00q\0~\0q\0~\07q\0~\0q\0~\08q\0~\0q\0~\09q\0~\0q\0~\0:q\0~\0q\0~\0;q\0~\0q\0~\0<q\0~\0q\0~\0=q\0~\0x\0q\0~\0At\0\rtextarea77059x\0sq\0~\0\0?@\0\0\0\0\0w\0\0\0\0\0\0q\0~\0t\0inputq\0~\0	t\0\ntext-fieldq\0~\0q\0~\0\rq\0~\0sq\0~\0\0?@\0\0\0\0\00w\0\0\0@\0\0\0)q\0~\0t\0\ninput18200q\0~\0t\0inputq\0~\0q\0~\0q\0~\0t\0textq\0~\0q\0~\0q\0~\0q\0~\0q\0~\0t\0200pxq\0~\0q\0~\0q\0~\0pq\0~\0q\0~\0q\0~\0q\0~\0q\0~\0 q\0~\0q\0~\0!q\0~\0q\0~\0\"q\0~\0\rq\0~\0#q\0~\0q\0~\0$q\0~\0q\0~\0%q\0~\0q\0~\0&q\0~\0q\0~\0\'q\0~\0q\0~\0(q\0~\0q\0~\0*pq\0~\0+t\0rearq\0~\0-pq\0~\0.pq\0~\0/pq\0~\00q\0~\0q\0~\01q\0~\0q\0~\02q\0~\0q\0~\03q\0~\0q\0~\04q\0~\0q\0~\05t\0el-icon-searchq\0~\07q\0~\0q\0~\08q\0~\0q\0~\09q\0~\0q\0~\0:q\0~\0q\0~\0;q\0~\0q\0~\0<q\0~\0q\0~\0=q\0~\0q\0~\0>q\0~\0q\0~\0?q\0~\0q\0~\0@q\0~\0x\0q\0~\0At\0\ninput18200x\0sq\0~\0\0?@\0\0\0\0\0w\0\0\0\0\0\0q\0~\0t\0inputq\0~\0	t\0\ntext-fieldq\0~\0q\0~\0\rq\0~\0sq\0~\0\0?@\0\0\0\0\00w\0\0\0@\0\0\0)q\0~\0t\0\ninput86112q\0~\0t\0inputq\0~\0q\0~\0q\0~\0t\0textq\0~\0q\0~\0q\0~\0q\0~\0q\0~\0t\0200pxq\0~\0q\0~\0q\0~\0pq\0~\0q\0~\0q\0~\0q\0~\0q\0~\0 q\0~\0q\0~\0!q\0~\0q\0~\0\"q\0~\0\rq\0~\0#q\0~\0q\0~\0$q\0~\0q\0~\0%q\0~\0q\0~\0&q\0~\0q\0~\0\'q\0~\0q\0~\0(q\0~\0q\0~\0*pq\0~\0+t\0rearq\0~\0-pq\0~\0.pq\0~\0/pq\0~\00q\0~\0q\0~\01q\0~\0q\0~\02q\0~\0q\0~\03q\0~\0q\0~\04q\0~\0q\0~\05t\0el-icon-searchq\0~\07q\0~\0q\0~\08q\0~\0q\0~\09q\0~\0q\0~\0:q\0~\0q\0~\0;q\0~\0q\0~\0<q\0~\0q\0~\0=q\0~\0q\0~\0>q\0~\0q\0~\0?q\0~\0q\0~\0@q\0~\0x\0q\0~\0At\0\ninput86112x\0xt\0\nformConfigsq\0~\0\0?@\0\0\0\0\0w\0\0\0 \0\0\0t\0	modelNamet\0formDatat\0refNamet\0vFormt\0	rulesNamet\0rulesq\0~\0sq\0~\0J\0\0\0Pt\0\rlabelPositiont\0leftq\0~\0q\0~\0q\0~\0t\0label-left-alignt\0cssCodeq\0~\0q\0~\0(q\0~\0t\0	functionsq\0~\0t\0\nlayoutTypet\0PCt\0\ronFormCreatedq\0~\0t\0\ronFormMountedq\0~\0t\0onFormDataChangeq\0~\0t\0onFormValidateq\0~\0x\0x\0',NULL),('8cb4555e-3063-11f1-8e5a-8c1645e938b5',1,'hist.detail.var-formJson',NULL,_binary 'м\э\0sr\0java.util.LinkedHashMap4└N\\l└√\0Z\0accessOrderxr\0java.util.HashMap\┌┴\├`\╤\0F\0\nloadFactorI\0	thresholdxp?@\0\0\0\0\0w\0\0\0\0\0\0t\0\nwidgetListsr\0java.util.ArrayListxБ\╥Щ\╟aЭ\0I\0sizexp\0\0\0w\0\0\0sq\0~\0\0?@\0\0\0\0\0w\0\0\0\0\0\0t\0typet\0inputt\0icont\0\ntext-fieldt\0formItemFlagsr\0java.lang.Boolean\═ rА╒Ь·\ю\0Z\0valuexpt\0optionssq\0~\0\0?@\0\0\0\0\00w\0\0\0@\0\0\0)t\0namet\0\ninput20238t\0labelt\0inputt\0\nlabelAlignt\0\0q\0~\0t\0textt\0defaultValueq\0~\0t\0placeholderq\0~\0t\0columnWidtht\0200pxt\0sizeq\0~\0t\0\nlabelWidthpt\0labelHiddensq\0~\0\0t\0readonlyq\0~\0t\0disabledq\0~\0t\0hiddenq\0~\0t\0	clearableq\0~\0\rt\0showPasswordq\0~\0t\0requiredq\0~\0t\0requiredHintq\0~\0t\0\nvalidationq\0~\0t\0validationHintq\0~\0t\0customClasssq\0~\0\0\0\0\0w\0\0\0\0xt\0labelIconClasspt\0labelIconPositiont\0reart\0labelTooltippt\0	minLengthpt\0	maxLengthpt\0\rshowWordLimitq\0~\0t\0\nprefixIconq\0~\0t\0\nsuffixIconq\0~\0t\0appendButtonq\0~\0t\0appendButtonDisabledq\0~\0t\0\nbuttonIcont\0el-icon-searcht\0	onCreatedq\0~\0t\0	onMountedq\0~\0t\0onInputq\0~\0t\0onChangeq\0~\0t\0onFocusq\0~\0t\0onBlurq\0~\0t\0\nonValidateq\0~\0t\0onAppendButtonClickq\0~\0t\0prependTextq\0~\0t\0\nappendTextq\0~\0x\0t\0idt\0\ninput20238x\0sq\0~\0\0?@\0\0\0\0\0w\0\0\0\0\0\0q\0~\0t\0textareaq\0~\0	t\0textarea-fieldq\0~\0q\0~\0\rq\0~\0sq\0~\0\0?@\0\0\0\0\00w\0\0\0@\0\0\0q\0~\0t\0\rtextarea77059q\0~\0t\0textareaq\0~\0q\0~\0t\0rowssr\0java.lang.Integerтад\іБЗ8\0I\0valuexr\0java.lang.NumberЖмХФ\рЛ\0\0xp\0\0\0q\0~\0q\0~\0q\0~\0q\0~\0q\0~\0t\0200pxq\0~\0q\0~\0q\0~\0pq\0~\0q\0~\0q\0~\0q\0~\0q\0~\0 q\0~\0q\0~\0!q\0~\0q\0~\0$q\0~\0q\0~\0%q\0~\0q\0~\0&q\0~\0q\0~\0\'q\0~\0q\0~\0(q\0~\0q\0~\0*pq\0~\0+t\0rearq\0~\0-pq\0~\0.pq\0~\0/pq\0~\00q\0~\0q\0~\07q\0~\0q\0~\08q\0~\0q\0~\09q\0~\0q\0~\0:q\0~\0q\0~\0;q\0~\0q\0~\0<q\0~\0q\0~\0=q\0~\0x\0q\0~\0At\0\rtextarea77059x\0sq\0~\0\0?@\0\0\0\0\0w\0\0\0\0\0\0q\0~\0t\0inputq\0~\0	t\0\ntext-fieldq\0~\0q\0~\0\rq\0~\0sq\0~\0\0?@\0\0\0\0\00w\0\0\0@\0\0\0)q\0~\0t\0\ninput18200q\0~\0t\0inputq\0~\0q\0~\0q\0~\0t\0textq\0~\0q\0~\0q\0~\0q\0~\0q\0~\0t\0200pxq\0~\0q\0~\0q\0~\0pq\0~\0q\0~\0q\0~\0q\0~\0q\0~\0 q\0~\0q\0~\0!q\0~\0q\0~\0\"q\0~\0\rq\0~\0#q\0~\0q\0~\0$q\0~\0q\0~\0%q\0~\0q\0~\0&q\0~\0q\0~\0\'q\0~\0q\0~\0(q\0~\0q\0~\0*pq\0~\0+t\0rearq\0~\0-pq\0~\0.pq\0~\0/pq\0~\00q\0~\0q\0~\01q\0~\0q\0~\02q\0~\0q\0~\03q\0~\0q\0~\04q\0~\0q\0~\05t\0el-icon-searchq\0~\07q\0~\0q\0~\08q\0~\0q\0~\09q\0~\0q\0~\0:q\0~\0q\0~\0;q\0~\0q\0~\0<q\0~\0q\0~\0=q\0~\0q\0~\0>q\0~\0q\0~\0?q\0~\0q\0~\0@q\0~\0x\0q\0~\0At\0\ninput18200x\0sq\0~\0\0?@\0\0\0\0\0w\0\0\0\0\0\0q\0~\0t\0inputq\0~\0	t\0\ntext-fieldq\0~\0q\0~\0\rq\0~\0sq\0~\0\0?@\0\0\0\0\00w\0\0\0@\0\0\0)q\0~\0t\0\ninput86112q\0~\0t\0inputq\0~\0q\0~\0q\0~\0t\0textq\0~\0q\0~\0q\0~\0q\0~\0q\0~\0t\0200pxq\0~\0q\0~\0q\0~\0pq\0~\0q\0~\0q\0~\0q\0~\0q\0~\0 q\0~\0q\0~\0!q\0~\0q\0~\0\"q\0~\0\rq\0~\0#q\0~\0q\0~\0$q\0~\0q\0~\0%q\0~\0q\0~\0&q\0~\0q\0~\0\'q\0~\0q\0~\0(q\0~\0q\0~\0*pq\0~\0+t\0rearq\0~\0-pq\0~\0.pq\0~\0/pq\0~\00q\0~\0q\0~\01q\0~\0q\0~\02q\0~\0q\0~\03q\0~\0q\0~\04q\0~\0q\0~\05t\0el-icon-searchq\0~\07q\0~\0q\0~\08q\0~\0q\0~\09q\0~\0q\0~\0:q\0~\0q\0~\0;q\0~\0q\0~\0<q\0~\0q\0~\0=q\0~\0q\0~\0>q\0~\0q\0~\0?q\0~\0q\0~\0@q\0~\0x\0q\0~\0At\0\ninput86112x\0xt\0\nformConfigsq\0~\0\0?@\0\0\0\0\0w\0\0\0 \0\0\0t\0	modelNamet\0formDatat\0refNamet\0vFormt\0	rulesNamet\0rulesq\0~\0sq\0~\0J\0\0\0Pt\0\rlabelPositiont\0leftq\0~\0q\0~\0q\0~\0t\0label-left-alignt\0cssCodeq\0~\0q\0~\0(q\0~\0t\0	functionsq\0~\0t\0\nlayoutTypet\0PCt\0\ronFormCreatedq\0~\0t\0\ronFormMountedq\0~\0t\0onFormDataChangeq\0~\0t\0onFormValidateq\0~\0x\0x\0',NULL),('8ce1f51b-3063-11f1-8e5a-8c1645e938b5',1,'var-formJson',NULL,_binary 'м\э\0sr\0java.util.LinkedHashMap4└N\\l└√\0Z\0accessOrderxr\0java.util.HashMap\┌┴\├`\╤\0F\0\nloadFactorI\0	thresholdxp?@\0\0\0\0\0w\0\0\0\0\0\0t\0\nwidgetListsr\0java.util.ArrayListxБ\╥Щ\╟aЭ\0I\0sizexp\0\0\0w\0\0\0sq\0~\0\0?@\0\0\0\0\0w\0\0\0\0\0\0t\0typet\0inputt\0icont\0\ntext-fieldt\0formItemFlagsr\0java.lang.Boolean\═ rА╒Ь·\ю\0Z\0valuexpt\0optionssq\0~\0\0?@\0\0\0\0\00w\0\0\0@\0\0\0)t\0namet\0\ninput20238t\0labelt\0inputt\0\nlabelAlignt\0\0q\0~\0t\0textt\0defaultValueq\0~\0t\0placeholderq\0~\0t\0columnWidtht\0200pxt\0sizeq\0~\0t\0\nlabelWidthpt\0labelHiddensq\0~\0\0t\0readonlyq\0~\0t\0disabledq\0~\0t\0hiddenq\0~\0t\0	clearableq\0~\0\rt\0showPasswordq\0~\0t\0requiredq\0~\0t\0requiredHintq\0~\0t\0\nvalidationq\0~\0t\0validationHintq\0~\0t\0customClasssq\0~\0\0\0\0\0w\0\0\0\0xt\0labelIconClasspt\0labelIconPositiont\0reart\0labelTooltippt\0	minLengthpt\0	maxLengthpt\0\rshowWordLimitq\0~\0t\0\nprefixIconq\0~\0t\0\nsuffixIconq\0~\0t\0appendButtonq\0~\0t\0appendButtonDisabledq\0~\0t\0\nbuttonIcont\0el-icon-searcht\0	onCreatedq\0~\0t\0	onMountedq\0~\0t\0onInputq\0~\0t\0onChangeq\0~\0t\0onFocusq\0~\0t\0onBlurq\0~\0t\0\nonValidateq\0~\0t\0onAppendButtonClickq\0~\0t\0prependTextq\0~\0t\0\nappendTextq\0~\0x\0t\0idt\0\ninput20238x\0sq\0~\0\0?@\0\0\0\0\0w\0\0\0\0\0\0q\0~\0t\0textareaq\0~\0	t\0textarea-fieldq\0~\0q\0~\0\rq\0~\0sq\0~\0\0?@\0\0\0\0\00w\0\0\0@\0\0\0q\0~\0t\0\rtextarea77059q\0~\0t\0textareaq\0~\0q\0~\0t\0rowssr\0java.lang.Integerтад\іБЗ8\0I\0valuexr\0java.lang.NumberЖмХФ\рЛ\0\0xp\0\0\0q\0~\0q\0~\0q\0~\0q\0~\0q\0~\0t\0200pxq\0~\0q\0~\0q\0~\0pq\0~\0q\0~\0q\0~\0q\0~\0q\0~\0 q\0~\0q\0~\0!q\0~\0q\0~\0$q\0~\0q\0~\0%q\0~\0q\0~\0&q\0~\0q\0~\0\'q\0~\0q\0~\0(q\0~\0q\0~\0*pq\0~\0+t\0rearq\0~\0-pq\0~\0.pq\0~\0/pq\0~\00q\0~\0q\0~\07q\0~\0q\0~\08q\0~\0q\0~\09q\0~\0q\0~\0:q\0~\0q\0~\0;q\0~\0q\0~\0<q\0~\0q\0~\0=q\0~\0x\0q\0~\0At\0\rtextarea77059x\0sq\0~\0\0?@\0\0\0\0\0w\0\0\0\0\0\0q\0~\0t\0inputq\0~\0	t\0\ntext-fieldq\0~\0q\0~\0\rq\0~\0sq\0~\0\0?@\0\0\0\0\00w\0\0\0@\0\0\0)q\0~\0t\0\ninput18200q\0~\0t\0inputq\0~\0q\0~\0q\0~\0t\0textq\0~\0q\0~\0q\0~\0q\0~\0q\0~\0t\0200pxq\0~\0q\0~\0q\0~\0pq\0~\0q\0~\0q\0~\0q\0~\0q\0~\0 q\0~\0q\0~\0!q\0~\0q\0~\0\"q\0~\0\rq\0~\0#q\0~\0q\0~\0$q\0~\0q\0~\0%q\0~\0q\0~\0&q\0~\0q\0~\0\'q\0~\0q\0~\0(q\0~\0q\0~\0*pq\0~\0+t\0rearq\0~\0-pq\0~\0.pq\0~\0/pq\0~\00q\0~\0q\0~\01q\0~\0q\0~\02q\0~\0q\0~\03q\0~\0q\0~\04q\0~\0q\0~\05t\0el-icon-searchq\0~\07q\0~\0q\0~\08q\0~\0q\0~\09q\0~\0q\0~\0:q\0~\0q\0~\0;q\0~\0q\0~\0<q\0~\0q\0~\0=q\0~\0q\0~\0>q\0~\0q\0~\0?q\0~\0q\0~\0@q\0~\0x\0q\0~\0At\0\ninput18200x\0sq\0~\0\0?@\0\0\0\0\0w\0\0\0\0\0\0q\0~\0t\0inputq\0~\0	t\0\ntext-fieldq\0~\0q\0~\0\rq\0~\0sq\0~\0\0?@\0\0\0\0\00w\0\0\0@\0\0\0)q\0~\0t\0\ninput86112q\0~\0t\0inputq\0~\0q\0~\0q\0~\0t\0textq\0~\0q\0~\0q\0~\0q\0~\0q\0~\0t\0200pxq\0~\0q\0~\0q\0~\0pq\0~\0q\0~\0q\0~\0q\0~\0q\0~\0 q\0~\0q\0~\0!q\0~\0q\0~\0\"q\0~\0\rq\0~\0#q\0~\0q\0~\0$q\0~\0q\0~\0%q\0~\0q\0~\0&q\0~\0q\0~\0\'q\0~\0q\0~\0(q\0~\0q\0~\0*pq\0~\0+t\0rearq\0~\0-pq\0~\0.pq\0~\0/pq\0~\00q\0~\0q\0~\01q\0~\0q\0~\02q\0~\0q\0~\03q\0~\0q\0~\04q\0~\0q\0~\05t\0el-icon-searchq\0~\07q\0~\0q\0~\08q\0~\0q\0~\09q\0~\0q\0~\0:q\0~\0q\0~\0;q\0~\0q\0~\0<q\0~\0q\0~\0=q\0~\0q\0~\0>q\0~\0q\0~\0?q\0~\0q\0~\0@q\0~\0x\0q\0~\0At\0\ninput86112x\0xt\0\nformConfigsq\0~\0\0?@\0\0\0\0\0w\0\0\0 \0\0\0t\0	modelNamet\0formDatat\0refNamet\0vFormt\0	rulesNamet\0rulesq\0~\0sq\0~\0J\0\0\0Pt\0\rlabelPositiont\0leftq\0~\0q\0~\0q\0~\0t\0label-left-alignt\0cssCodeq\0~\0q\0~\0(q\0~\0t\0	functionsq\0~\0t\0\nlayoutTypet\0PCt\0\ronFormCreatedq\0~\0t\0\ronFormMountedq\0~\0t\0onFormDataChangeq\0~\0t\0onFormValidateq\0~\0x\0x\0',NULL),('8ce1f51d-3063-11f1-8e5a-8c1645e938b5',1,'hist.var-formJson',NULL,_binary 'м\э\0sr\0java.util.LinkedHashMap4└N\\l└√\0Z\0accessOrderxr\0java.util.HashMap\┌┴\├`\╤\0F\0\nloadFactorI\0	thresholdxp?@\0\0\0\0\0w\0\0\0\0\0\0t\0\nwidgetListsr\0java.util.ArrayListxБ\╥Щ\╟aЭ\0I\0sizexp\0\0\0w\0\0\0sq\0~\0\0?@\0\0\0\0\0w\0\0\0\0\0\0t\0typet\0inputt\0icont\0\ntext-fieldt\0formItemFlagsr\0java.lang.Boolean\═ rА╒Ь·\ю\0Z\0valuexpt\0optionssq\0~\0\0?@\0\0\0\0\00w\0\0\0@\0\0\0)t\0namet\0\ninput20238t\0labelt\0inputt\0\nlabelAlignt\0\0q\0~\0t\0textt\0defaultValueq\0~\0t\0placeholderq\0~\0t\0columnWidtht\0200pxt\0sizeq\0~\0t\0\nlabelWidthpt\0labelHiddensq\0~\0\0t\0readonlyq\0~\0t\0disabledq\0~\0t\0hiddenq\0~\0t\0	clearableq\0~\0\rt\0showPasswordq\0~\0t\0requiredq\0~\0t\0requiredHintq\0~\0t\0\nvalidationq\0~\0t\0validationHintq\0~\0t\0customClasssq\0~\0\0\0\0\0w\0\0\0\0xt\0labelIconClasspt\0labelIconPositiont\0reart\0labelTooltippt\0	minLengthpt\0	maxLengthpt\0\rshowWordLimitq\0~\0t\0\nprefixIconq\0~\0t\0\nsuffixIconq\0~\0t\0appendButtonq\0~\0t\0appendButtonDisabledq\0~\0t\0\nbuttonIcont\0el-icon-searcht\0	onCreatedq\0~\0t\0	onMountedq\0~\0t\0onInputq\0~\0t\0onChangeq\0~\0t\0onFocusq\0~\0t\0onBlurq\0~\0t\0\nonValidateq\0~\0t\0onAppendButtonClickq\0~\0t\0prependTextq\0~\0t\0\nappendTextq\0~\0x\0t\0idt\0\ninput20238x\0sq\0~\0\0?@\0\0\0\0\0w\0\0\0\0\0\0q\0~\0t\0textareaq\0~\0	t\0textarea-fieldq\0~\0q\0~\0\rq\0~\0sq\0~\0\0?@\0\0\0\0\00w\0\0\0@\0\0\0q\0~\0t\0\rtextarea77059q\0~\0t\0textareaq\0~\0q\0~\0t\0rowssr\0java.lang.Integerтад\іБЗ8\0I\0valuexr\0java.lang.NumberЖмХФ\рЛ\0\0xp\0\0\0q\0~\0q\0~\0q\0~\0q\0~\0q\0~\0t\0200pxq\0~\0q\0~\0q\0~\0pq\0~\0q\0~\0q\0~\0q\0~\0q\0~\0 q\0~\0q\0~\0!q\0~\0q\0~\0$q\0~\0q\0~\0%q\0~\0q\0~\0&q\0~\0q\0~\0\'q\0~\0q\0~\0(q\0~\0q\0~\0*pq\0~\0+t\0rearq\0~\0-pq\0~\0.pq\0~\0/pq\0~\00q\0~\0q\0~\07q\0~\0q\0~\08q\0~\0q\0~\09q\0~\0q\0~\0:q\0~\0q\0~\0;q\0~\0q\0~\0<q\0~\0q\0~\0=q\0~\0x\0q\0~\0At\0\rtextarea77059x\0sq\0~\0\0?@\0\0\0\0\0w\0\0\0\0\0\0q\0~\0t\0inputq\0~\0	t\0\ntext-fieldq\0~\0q\0~\0\rq\0~\0sq\0~\0\0?@\0\0\0\0\00w\0\0\0@\0\0\0)q\0~\0t\0\ninput18200q\0~\0t\0inputq\0~\0q\0~\0q\0~\0t\0textq\0~\0q\0~\0q\0~\0q\0~\0q\0~\0t\0200pxq\0~\0q\0~\0q\0~\0pq\0~\0q\0~\0q\0~\0q\0~\0q\0~\0 q\0~\0q\0~\0!q\0~\0q\0~\0\"q\0~\0\rq\0~\0#q\0~\0q\0~\0$q\0~\0q\0~\0%q\0~\0q\0~\0&q\0~\0q\0~\0\'q\0~\0q\0~\0(q\0~\0q\0~\0*pq\0~\0+t\0rearq\0~\0-pq\0~\0.pq\0~\0/pq\0~\00q\0~\0q\0~\01q\0~\0q\0~\02q\0~\0q\0~\03q\0~\0q\0~\04q\0~\0q\0~\05t\0el-icon-searchq\0~\07q\0~\0q\0~\08q\0~\0q\0~\09q\0~\0q\0~\0:q\0~\0q\0~\0;q\0~\0q\0~\0<q\0~\0q\0~\0=q\0~\0q\0~\0>q\0~\0q\0~\0?q\0~\0q\0~\0@q\0~\0x\0q\0~\0At\0\ninput18200x\0sq\0~\0\0?@\0\0\0\0\0w\0\0\0\0\0\0q\0~\0t\0inputq\0~\0	t\0\ntext-fieldq\0~\0q\0~\0\rq\0~\0sq\0~\0\0?@\0\0\0\0\00w\0\0\0@\0\0\0)q\0~\0t\0\ninput86112q\0~\0t\0inputq\0~\0q\0~\0q\0~\0t\0textq\0~\0q\0~\0q\0~\0q\0~\0q\0~\0t\0200pxq\0~\0q\0~\0q\0~\0pq\0~\0q\0~\0q\0~\0q\0~\0q\0~\0 q\0~\0q\0~\0!q\0~\0q\0~\0\"q\0~\0\rq\0~\0#q\0~\0q\0~\0$q\0~\0q\0~\0%q\0~\0q\0~\0&q\0~\0q\0~\0\'q\0~\0q\0~\0(q\0~\0q\0~\0*pq\0~\0+t\0rearq\0~\0-pq\0~\0.pq\0~\0/pq\0~\00q\0~\0q\0~\01q\0~\0q\0~\02q\0~\0q\0~\03q\0~\0q\0~\04q\0~\0q\0~\05t\0el-icon-searchq\0~\07q\0~\0q\0~\08q\0~\0q\0~\09q\0~\0q\0~\0:q\0~\0q\0~\0;q\0~\0q\0~\0<q\0~\0q\0~\0=q\0~\0q\0~\0>q\0~\0q\0~\0?q\0~\0q\0~\0@q\0~\0x\0q\0~\0At\0\ninput86112x\0xt\0\nformConfigsq\0~\0\0?@\0\0\0\0\0w\0\0\0 \0\0\0t\0	modelNamet\0formDatat\0refNamet\0vFormt\0	rulesNamet\0rulesq\0~\0sq\0~\0J\0\0\0Pt\0\rlabelPositiont\0leftq\0~\0q\0~\0q\0~\0t\0label-left-alignt\0cssCodeq\0~\0q\0~\0(q\0~\0t\0	functionsq\0~\0t\0\nlayoutTypet\0PCt\0\ronFormCreatedq\0~\0t\0\ronFormMountedq\0~\0t\0onFormDataChangeq\0~\0t\0onFormValidateq\0~\0x\0x\0',NULL),('8ce1f51e-3063-11f1-8e5a-8c1645e938b5',1,'hist.detail.var-formJson',NULL,_binary 'м\э\0sr\0java.util.LinkedHashMap4└N\\l└√\0Z\0accessOrderxr\0java.util.HashMap\┌┴\├`\╤\0F\0\nloadFactorI\0	thresholdxp?@\0\0\0\0\0w\0\0\0\0\0\0t\0\nwidgetListsr\0java.util.ArrayListxБ\╥Щ\╟aЭ\0I\0sizexp\0\0\0w\0\0\0sq\0~\0\0?@\0\0\0\0\0w\0\0\0\0\0\0t\0typet\0inputt\0icont\0\ntext-fieldt\0formItemFlagsr\0java.lang.Boolean\═ rА╒Ь·\ю\0Z\0valuexpt\0optionssq\0~\0\0?@\0\0\0\0\00w\0\0\0@\0\0\0)t\0namet\0\ninput20238t\0labelt\0inputt\0\nlabelAlignt\0\0q\0~\0t\0textt\0defaultValueq\0~\0t\0placeholderq\0~\0t\0columnWidtht\0200pxt\0sizeq\0~\0t\0\nlabelWidthpt\0labelHiddensq\0~\0\0t\0readonlyq\0~\0t\0disabledq\0~\0t\0hiddenq\0~\0t\0	clearableq\0~\0\rt\0showPasswordq\0~\0t\0requiredq\0~\0t\0requiredHintq\0~\0t\0\nvalidationq\0~\0t\0validationHintq\0~\0t\0customClasssq\0~\0\0\0\0\0w\0\0\0\0xt\0labelIconClasspt\0labelIconPositiont\0reart\0labelTooltippt\0	minLengthpt\0	maxLengthpt\0\rshowWordLimitq\0~\0t\0\nprefixIconq\0~\0t\0\nsuffixIconq\0~\0t\0appendButtonq\0~\0t\0appendButtonDisabledq\0~\0t\0\nbuttonIcont\0el-icon-searcht\0	onCreatedq\0~\0t\0	onMountedq\0~\0t\0onInputq\0~\0t\0onChangeq\0~\0t\0onFocusq\0~\0t\0onBlurq\0~\0t\0\nonValidateq\0~\0t\0onAppendButtonClickq\0~\0t\0prependTextq\0~\0t\0\nappendTextq\0~\0x\0t\0idt\0\ninput20238x\0sq\0~\0\0?@\0\0\0\0\0w\0\0\0\0\0\0q\0~\0t\0textareaq\0~\0	t\0textarea-fieldq\0~\0q\0~\0\rq\0~\0sq\0~\0\0?@\0\0\0\0\00w\0\0\0@\0\0\0q\0~\0t\0\rtextarea77059q\0~\0t\0textareaq\0~\0q\0~\0t\0rowssr\0java.lang.Integerтад\іБЗ8\0I\0valuexr\0java.lang.NumberЖмХФ\рЛ\0\0xp\0\0\0q\0~\0q\0~\0q\0~\0q\0~\0q\0~\0t\0200pxq\0~\0q\0~\0q\0~\0pq\0~\0q\0~\0q\0~\0q\0~\0q\0~\0 q\0~\0q\0~\0!q\0~\0q\0~\0$q\0~\0q\0~\0%q\0~\0q\0~\0&q\0~\0q\0~\0\'q\0~\0q\0~\0(q\0~\0q\0~\0*pq\0~\0+t\0rearq\0~\0-pq\0~\0.pq\0~\0/pq\0~\00q\0~\0q\0~\07q\0~\0q\0~\08q\0~\0q\0~\09q\0~\0q\0~\0:q\0~\0q\0~\0;q\0~\0q\0~\0<q\0~\0q\0~\0=q\0~\0x\0q\0~\0At\0\rtextarea77059x\0sq\0~\0\0?@\0\0\0\0\0w\0\0\0\0\0\0q\0~\0t\0inputq\0~\0	t\0\ntext-fieldq\0~\0q\0~\0\rq\0~\0sq\0~\0\0?@\0\0\0\0\00w\0\0\0@\0\0\0)q\0~\0t\0\ninput18200q\0~\0t\0inputq\0~\0q\0~\0q\0~\0t\0textq\0~\0q\0~\0q\0~\0q\0~\0q\0~\0t\0200pxq\0~\0q\0~\0q\0~\0pq\0~\0q\0~\0q\0~\0q\0~\0q\0~\0 q\0~\0q\0~\0!q\0~\0q\0~\0\"q\0~\0\rq\0~\0#q\0~\0q\0~\0$q\0~\0q\0~\0%q\0~\0q\0~\0&q\0~\0q\0~\0\'q\0~\0q\0~\0(q\0~\0q\0~\0*pq\0~\0+t\0rearq\0~\0-pq\0~\0.pq\0~\0/pq\0~\00q\0~\0q\0~\01q\0~\0q\0~\02q\0~\0q\0~\03q\0~\0q\0~\04q\0~\0q\0~\05t\0el-icon-searchq\0~\07q\0~\0q\0~\08q\0~\0q\0~\09q\0~\0q\0~\0:q\0~\0q\0~\0;q\0~\0q\0~\0<q\0~\0q\0~\0=q\0~\0q\0~\0>q\0~\0q\0~\0?q\0~\0q\0~\0@q\0~\0x\0q\0~\0At\0\ninput18200x\0sq\0~\0\0?@\0\0\0\0\0w\0\0\0\0\0\0q\0~\0t\0inputq\0~\0	t\0\ntext-fieldq\0~\0q\0~\0\rq\0~\0sq\0~\0\0?@\0\0\0\0\00w\0\0\0@\0\0\0)q\0~\0t\0\ninput86112q\0~\0t\0inputq\0~\0q\0~\0q\0~\0t\0textq\0~\0q\0~\0q\0~\0q\0~\0q\0~\0t\0200pxq\0~\0q\0~\0q\0~\0pq\0~\0q\0~\0q\0~\0q\0~\0q\0~\0 q\0~\0q\0~\0!q\0~\0q\0~\0\"q\0~\0\rq\0~\0#q\0~\0q\0~\0$q\0~\0q\0~\0%q\0~\0q\0~\0&q\0~\0q\0~\0\'q\0~\0q\0~\0(q\0~\0q\0~\0*pq\0~\0+t\0rearq\0~\0-pq\0~\0.pq\0~\0/pq\0~\00q\0~\0q\0~\01q\0~\0q\0~\02q\0~\0q\0~\03q\0~\0q\0~\04q\0~\0q\0~\05t\0el-icon-searchq\0~\07q\0~\0q\0~\08q\0~\0q\0~\09q\0~\0q\0~\0:q\0~\0q\0~\0;q\0~\0q\0~\0<q\0~\0q\0~\0=q\0~\0q\0~\0>q\0~\0q\0~\0?q\0~\0q\0~\0@q\0~\0x\0q\0~\0At\0\ninput86112x\0xt\0\nformConfigsq\0~\0\0?@\0\0\0\0\0w\0\0\0 \0\0\0t\0	modelNamet\0formDatat\0refNamet\0vFormt\0	rulesNamet\0rulesq\0~\0sq\0~\0J\0\0\0Pt\0\rlabelPositiont\0leftq\0~\0q\0~\0q\0~\0t\0label-left-alignt\0cssCodeq\0~\0q\0~\0(q\0~\0t\0	functionsq\0~\0t\0\nlayoutTypet\0PCt\0\ronFormCreatedq\0~\0t\0\ronFormMountedq\0~\0t\0onFormDataChangeq\0~\0t\0onFormValidateq\0~\0x\0x\0',NULL),('8ce8d300-3063-11f1-8e5a-8c1645e938b5',1,'hist.detail.var-formJson',NULL,_binary 'м\э\0sr\0java.util.LinkedHashMap4└N\\l└√\0Z\0accessOrderxr\0java.util.HashMap\┌┴\├`\╤\0F\0\nloadFactorI\0	thresholdxp?@\0\0\0\0\0w\0\0\0\0\0\0t\0\nwidgetListsr\0java.util.ArrayListxБ\╥Щ\╟aЭ\0I\0sizexp\0\0\0w\0\0\0sq\0~\0\0?@\0\0\0\0\0w\0\0\0\0\0\0t\0typet\0inputt\0icont\0\ntext-fieldt\0formItemFlagsr\0java.lang.Boolean\═ rА╒Ь·\ю\0Z\0valuexpt\0optionssq\0~\0\0?@\0\0\0\0\00w\0\0\0@\0\0\0)t\0namet\0\ninput20238t\0labelt\0inputt\0\nlabelAlignt\0\0q\0~\0t\0textt\0defaultValueq\0~\0t\0placeholderq\0~\0t\0columnWidtht\0200pxt\0sizeq\0~\0t\0\nlabelWidthpt\0labelHiddensq\0~\0\0t\0readonlyq\0~\0t\0disabledq\0~\0t\0hiddenq\0~\0t\0	clearableq\0~\0\rt\0showPasswordq\0~\0t\0requiredq\0~\0t\0requiredHintq\0~\0t\0\nvalidationq\0~\0t\0validationHintq\0~\0t\0customClasssq\0~\0\0\0\0\0w\0\0\0\0xt\0labelIconClasspt\0labelIconPositiont\0reart\0labelTooltippt\0	minLengthpt\0	maxLengthpt\0\rshowWordLimitq\0~\0t\0\nprefixIconq\0~\0t\0\nsuffixIconq\0~\0t\0appendButtonq\0~\0t\0appendButtonDisabledq\0~\0t\0\nbuttonIcont\0el-icon-searcht\0	onCreatedq\0~\0t\0	onMountedq\0~\0t\0onInputq\0~\0t\0onChangeq\0~\0t\0onFocusq\0~\0t\0onBlurq\0~\0t\0\nonValidateq\0~\0t\0onAppendButtonClickq\0~\0t\0prependTextq\0~\0t\0\nappendTextq\0~\0x\0t\0idt\0\ninput20238x\0sq\0~\0\0?@\0\0\0\0\0w\0\0\0\0\0\0q\0~\0t\0textareaq\0~\0	t\0textarea-fieldq\0~\0q\0~\0\rq\0~\0sq\0~\0\0?@\0\0\0\0\00w\0\0\0@\0\0\0q\0~\0t\0\rtextarea77059q\0~\0t\0textareaq\0~\0q\0~\0t\0rowssr\0java.lang.Integerтад\іБЗ8\0I\0valuexr\0java.lang.NumberЖмХФ\рЛ\0\0xp\0\0\0q\0~\0q\0~\0q\0~\0q\0~\0q\0~\0t\0200pxq\0~\0q\0~\0q\0~\0pq\0~\0q\0~\0q\0~\0q\0~\0q\0~\0 q\0~\0q\0~\0!q\0~\0q\0~\0$q\0~\0q\0~\0%q\0~\0q\0~\0&q\0~\0q\0~\0\'q\0~\0q\0~\0(q\0~\0q\0~\0*pq\0~\0+t\0rearq\0~\0-pq\0~\0.pq\0~\0/pq\0~\00q\0~\0q\0~\07q\0~\0q\0~\08q\0~\0q\0~\09q\0~\0q\0~\0:q\0~\0q\0~\0;q\0~\0q\0~\0<q\0~\0q\0~\0=q\0~\0x\0q\0~\0At\0\rtextarea77059x\0sq\0~\0\0?@\0\0\0\0\0w\0\0\0\0\0\0q\0~\0t\0inputq\0~\0	t\0\ntext-fieldq\0~\0q\0~\0\rq\0~\0sq\0~\0\0?@\0\0\0\0\00w\0\0\0@\0\0\0)q\0~\0t\0\ninput18200q\0~\0t\0inputq\0~\0q\0~\0q\0~\0t\0textq\0~\0q\0~\0q\0~\0q\0~\0q\0~\0t\0200pxq\0~\0q\0~\0q\0~\0pq\0~\0q\0~\0q\0~\0q\0~\0q\0~\0 q\0~\0q\0~\0!q\0~\0q\0~\0\"q\0~\0\rq\0~\0#q\0~\0q\0~\0$q\0~\0q\0~\0%q\0~\0q\0~\0&q\0~\0q\0~\0\'q\0~\0q\0~\0(q\0~\0q\0~\0*pq\0~\0+t\0rearq\0~\0-pq\0~\0.pq\0~\0/pq\0~\00q\0~\0q\0~\01q\0~\0q\0~\02q\0~\0q\0~\03q\0~\0q\0~\04q\0~\0q\0~\05t\0el-icon-searchq\0~\07q\0~\0q\0~\08q\0~\0q\0~\09q\0~\0q\0~\0:q\0~\0q\0~\0;q\0~\0q\0~\0<q\0~\0q\0~\0=q\0~\0q\0~\0>q\0~\0q\0~\0?q\0~\0q\0~\0@q\0~\0x\0q\0~\0At\0\ninput18200x\0sq\0~\0\0?@\0\0\0\0\0w\0\0\0\0\0\0q\0~\0t\0inputq\0~\0	t\0\ntext-fieldq\0~\0q\0~\0\rq\0~\0sq\0~\0\0?@\0\0\0\0\00w\0\0\0@\0\0\0)q\0~\0t\0\ninput86112q\0~\0t\0inputq\0~\0q\0~\0q\0~\0t\0textq\0~\0q\0~\0q\0~\0q\0~\0q\0~\0t\0200pxq\0~\0q\0~\0q\0~\0pq\0~\0q\0~\0q\0~\0q\0~\0q\0~\0 q\0~\0q\0~\0!q\0~\0q\0~\0\"q\0~\0\rq\0~\0#q\0~\0q\0~\0$q\0~\0q\0~\0%q\0~\0q\0~\0&q\0~\0q\0~\0\'q\0~\0q\0~\0(q\0~\0q\0~\0*pq\0~\0+t\0rearq\0~\0-pq\0~\0.pq\0~\0/pq\0~\00q\0~\0q\0~\01q\0~\0q\0~\02q\0~\0q\0~\03q\0~\0q\0~\04q\0~\0q\0~\05t\0el-icon-searchq\0~\07q\0~\0q\0~\08q\0~\0q\0~\09q\0~\0q\0~\0:q\0~\0q\0~\0;q\0~\0q\0~\0<q\0~\0q\0~\0=q\0~\0q\0~\0>q\0~\0q\0~\0?q\0~\0q\0~\0@q\0~\0x\0q\0~\0At\0\ninput86112x\0xt\0\nformConfigsq\0~\0\0?@\0\0\0\0\0w\0\0\0 \0\0\0t\0	modelNamet\0formDatat\0refNamet\0vFormt\0	rulesNamet\0rulesq\0~\0sq\0~\0J\0\0\0Pt\0\rlabelPositiont\0leftq\0~\0q\0~\0q\0~\0t\0label-left-alignt\0cssCodeq\0~\0q\0~\0(q\0~\0t\0	functionsq\0~\0t\0\nlayoutTypet\0PCt\0\ronFormCreatedq\0~\0t\0\ronFormMountedq\0~\0t\0onFormDataChangeq\0~\0t\0onFormValidateq\0~\0x\0x\0',NULL);
/*!40000 ALTER TABLE `act_ge_bytearray` ENABLE KEYS */;
UNLOCK TABLES;

--
-- Table structure for table `sys_menu_bk1`
--

DROP TABLE IF EXISTS `sys_menu_bk1`;
/*!40101 SET @saved_cs_client     = @@character_set_client */;
/*!50503 SET character_set_client = utf8mb4 */;
CREATE TABLE `sys_menu_bk1` (
  `menu_id` bigint NOT NULL AUTO_INCREMENT COMMENT 'шПЬхНХID',
  `menu_name` varchar(50) COLLATE utf8mb4_unicode_ci NOT NULL COMMENT 'шПЬхНХхРНчз░',
  `parent_id` bigint DEFAULT '0' COMMENT 'чИ╢шПЬхНХID',
  `order_num` int DEFAULT '0' COMMENT 'цШ╛чд║щб║х║П',
  `path` varchar(200) COLLATE utf8mb4_unicode_ci DEFAULT '' COMMENT 'ш╖пчФ▒хЬ░хЭА',
  `component` varchar(255) COLLATE utf8mb4_unicode_ci DEFAULT NULL COMMENT 'ч╗Дф╗╢ш╖пх╛Д',
  `query` varchar(255) COLLATE utf8mb4_unicode_ci DEFAULT NULL COMMENT 'ш╖пчФ▒хПВцХ░',
  `route_name` varchar(50) COLLATE utf8mb4_unicode_ci DEFAULT '' COMMENT 'ш╖пчФ▒хРНчз░',
  `is_frame` int DEFAULT '1' COMMENT 'цШпхРжф╕║хдЦщУ╛я╝И0цШп 1хРжя╝Й',
  `is_cache` int DEFAULT '0' COMMENT 'цШпхРжч╝УхнШя╝И0ч╝УхнШ 1ф╕Нч╝УхнШя╝Й',
  `menu_type` char(1) COLLATE utf8mb4_unicode_ci DEFAULT '' COMMENT 'шПЬхНХч▒╗хЮЛя╝ИMчЫох╜Х CшПЬхНХ FцМЙщТоя╝Й',
  `visible` char(1) COLLATE utf8mb4_unicode_ci DEFAULT '0' COMMENT 'шПЬхНХчК╢цАБя╝И0цШ╛чд║ 1щЪРшЧПя╝Й',
  `status` char(1) COLLATE utf8mb4_unicode_ci DEFAULT '0' COMMENT 'шПЬхНХчК╢цАБя╝И0цнгх╕╕ 1хБЬчФия╝Й',
  `perms` varchar(100) COLLATE utf8mb4_unicode_ci DEFAULT NULL COMMENT 'цЭГщЩРцаЗшпЖ',
  `icon` varchar(100) COLLATE utf8mb4_unicode_ci DEFAULT '#' COMMENT 'шПЬхНХхЫ╛цаЗ',
  `create_by` varchar(64) COLLATE utf8mb4_unicode_ci DEFAULT '' COMMENT 'хИЫх╗║шАЕ',
  `create_time` datetime DEFAULT NULL COMMENT 'хИЫх╗║цЧ╢щЧ┤',
  `update_by` varchar(64) COLLATE utf8mb4_unicode_ci DEFAULT '' COMMENT 'цЫ┤цЦ░шАЕ',
  `update_time` datetime DEFAULT NULL COMMENT 'цЫ┤цЦ░цЧ╢щЧ┤',
  `remark` varchar(500) COLLATE utf8mb4_unicode_ci DEFAULT '' COMMENT 'хдЗц│и',
  PRIMARY KEY (`menu_id`)
) ENGINE=InnoDB AUTO_INCREMENT=2000 DEFAULT CHARSET=utf8mb4 COLLATE=utf8mb4_unicode_ci COMMENT='шПЬхНХцЭГщЩРшби';
/*!40101 SET character_set_client = @saved_cs_client */;

--
-- Dumping data for table `sys_menu_bk1`
--

LOCK TABLES `sys_menu_bk1` WRITE;
/*!40000 ALTER TABLE `sys_menu_bk1` DISABLE KEYS */;
INSERT INTO `sys_menu_bk1` VALUES (1,'ч│╗ч╗ЯчобчРЖ',0,1,'system',NULL,'','',1,0,'M','0','0','','system','admin','2026-03-28 23:42:43','',NULL,'ч│╗ч╗ЯчобчРЖчЫох╜Х'),(2,'ч│╗ч╗ЯчЫСцОз',0,2,'monitor',NULL,'','',1,0,'M','0','0','','monitor','admin','2026-03-28 23:42:43','',NULL,'ч│╗ч╗ЯчЫСцОзчЫох╜Х'),(3,'ч│╗ч╗Ях╖ехЕ╖',0,3,'tool',NULL,'','',1,0,'M','0','0','','tool','admin','2026-03-28 23:42:43','',NULL,'ч│╗ч╗Ях╖ехЕ╖чЫох╜Х'),(4,'шЛеф╛ЭхоШч╜С',0,4,'http://ruoyi.vip',NULL,'','',0,0,'M','0','0','','guide','admin','2026-03-28 23:42:43','',NULL,'шЛеф╛ЭхоШч╜СхЬ░хЭА'),(100,'чФицИ╖чобчРЖ',1,1,'user','system/user/index','','',1,0,'C','0','0','system:user:list','user','admin','2026-03-28 23:42:44','',NULL,'чФицИ╖чобчРЖшПЬхНХ'),(101,'шзТшЙ▓чобчРЖ',1,2,'role','system/role/index','','',1,0,'C','0','0','system:role:list','peoples','admin','2026-03-28 23:42:44','',NULL,'шзТшЙ▓чобчРЖшПЬхНХ'),(102,'шПЬхНХчобчРЖ',1,3,'menu','system/menu/index','','',1,0,'C','0','0','system:menu:list','tree-table','admin','2026-03-28 23:42:44','',NULL,'шПЬхНХчобчРЖшПЬхНХ'),(103,'щГищЧичобчРЖ',1,4,'dept','system/dept/index','','',1,0,'C','0','0','system:dept:list','tree','admin','2026-03-28 23:42:44','',NULL,'щГищЧичобчРЖшПЬхНХ'),(104,'х▓Чф╜НчобчРЖ',1,5,'post','system/post/index','','',1,0,'C','0','0','system:post:list','post','admin','2026-03-28 23:42:44','',NULL,'х▓Чф╜НчобчРЖшПЬхНХ'),(105,'хнЧхЕ╕чобчРЖ',1,6,'dict','system/dict/index','','',1,0,'C','0','0','system:dict:list','dict','admin','2026-03-28 23:42:45','',NULL,'хнЧхЕ╕чобчРЖшПЬхНХ'),(106,'хПВцХ░шо╛ч╜о',1,7,'config','system/config/index','','',1,0,'C','0','0','system:config:list','edit','admin','2026-03-28 23:42:45','',NULL,'хПВцХ░шо╛ч╜ошПЬхНХ'),(107,'щАЪчЯехЕмхСК',1,8,'notice','system/notice/index','','',1,0,'C','0','0','system:notice:list','message','admin','2026-03-28 23:42:45','',NULL,'щАЪчЯехЕмхСКшПЬхНХ'),(108,'цЧех┐ЧчобчРЖ',1,9,'log','','','',1,0,'M','0','0','','log','admin','2026-03-28 23:42:45','',NULL,'цЧех┐ЧчобчРЖшПЬхНХ'),(109,'хЬич║┐чФицИ╖',2,1,'online','monitor/online/index','','',1,0,'C','0','0','monitor:online:list','online','admin','2026-03-28 23:42:45','',NULL,'хЬич║┐чФицИ╖шПЬхНХ'),(110,'хоЪцЧ╢ф╗╗хКб',2,2,'job','monitor/job/index','','',1,0,'C','0','0','monitor:job:list','job','admin','2026-03-28 23:42:45','',NULL,'хоЪцЧ╢ф╗╗хКбшПЬхНХ'),(111,'цХ░цНочЫСцОз',2,3,'druid','monitor/druid/index','','',1,0,'C','0','0','monitor:druid:list','druid','admin','2026-03-28 23:42:45','',NULL,'цХ░цНочЫСцОзшПЬхНХ'),(112,'цЬНхКбчЫСцОз',2,4,'server','monitor/server/index','','',1,0,'C','0','0','monitor:server:list','server','admin','2026-03-28 23:42:46','',NULL,'цЬНхКбчЫСцОзшПЬхНХ'),(113,'ч╝УхнШчЫСцОз',2,5,'cache','monitor/cache/index','','',1,0,'C','0','0','monitor:cache:list','redis','admin','2026-03-28 23:42:46','',NULL,'ч╝УхнШчЫСцОзшПЬхНХ'),(114,'ч╝УхнШхИЧшби',2,6,'cacheList','monitor/cache/list','','',1,0,'C','0','0','monitor:cache:list','redis-list','admin','2026-03-28 23:42:46','',NULL,'ч╝УхнШхИЧшбишПЬхНХ'),(115,'шбихНХцЮДх╗║',3,1,'build','tool/build/index','','',1,0,'C','0','0','tool:build:list','build','admin','2026-03-28 23:42:46','',NULL,'шбихНХцЮДх╗║шПЬхНХ'),(116,'ф╗гчаБчФЯцИР',3,2,'gen','tool/gen/index','','',1,0,'C','0','0','tool:gen:list','code','admin','2026-03-28 23:42:46','',NULL,'ф╗гчаБчФЯцИРшПЬхНХ'),(117,'ч│╗ч╗ЯцОехПг',3,3,'swagger','tool/swagger/index','','',1,0,'C','0','0','tool:swagger:list','swagger','admin','2026-03-28 23:42:46','',NULL,'ч│╗ч╗ЯцОехПгшПЬхНХ'),(500,'цУНф╜ЬцЧех┐Ч',108,1,'operlog','monitor/operlog/index','','',1,0,'C','0','0','monitor:operlog:list','form','admin','2026-03-28 23:42:46','',NULL,'цУНф╜ЬцЧех┐ЧшПЬхНХ'),(501,'чЩ╗х╜ХцЧех┐Ч',108,2,'logininfor','monitor/logininfor/index','','',1,0,'C','0','0','monitor:logininfor:list','logininfor','admin','2026-03-28 23:42:46','',NULL,'чЩ╗х╜ХцЧех┐ЧшПЬхНХ'),(1000,'чФицИ╖цЯешпв',100,1,'','','','',1,0,'F','0','0','system:user:query','#','admin','2026-03-28 23:42:46','',NULL,''),(1001,'чФицИ╖цЦ░хвЮ',100,2,'','','','',1,0,'F','0','0','system:user:add','#','admin','2026-03-28 23:42:46','',NULL,''),(1002,'чФицИ╖ф┐оцФ╣',100,3,'','','','',1,0,'F','0','0','system:user:edit','#','admin','2026-03-28 23:42:46','',NULL,''),(1003,'чФицИ╖хИащЩд',100,4,'','','','',1,0,'F','0','0','system:user:remove','#','admin','2026-03-28 23:42:46','',NULL,''),(1004,'чФицИ╖хп╝хЗ║',100,5,'','','','',1,0,'F','0','0','system:user:export','#','admin','2026-03-28 23:42:46','',NULL,''),(1005,'чФицИ╖хп╝хЕе',100,6,'','','','',1,0,'F','0','0','system:user:import','#','admin','2026-03-28 23:42:47','',NULL,''),(1006,'щЗНч╜охпЖчаБ',100,7,'','','','',1,0,'F','0','0','system:user:resetPwd','#','admin','2026-03-28 23:42:47','',NULL,''),(1007,'шзТшЙ▓цЯешпв',101,1,'','','','',1,0,'F','0','0','system:role:query','#','admin','2026-03-28 23:42:47','',NULL,''),(1008,'шзТшЙ▓цЦ░хвЮ',101,2,'','','','',1,0,'F','0','0','system:role:add','#','admin','2026-03-28 23:42:47','',NULL,''),(1009,'шзТшЙ▓ф┐оцФ╣',101,3,'','','','',1,0,'F','0','0','system:role:edit','#','admin','2026-03-28 23:42:47','',NULL,''),(1010,'шзТшЙ▓хИащЩд',101,4,'','','','',1,0,'F','0','0','system:role:remove','#','admin','2026-03-28 23:42:47','',NULL,''),(1011,'шзТшЙ▓хп╝хЗ║',101,5,'','','','',1,0,'F','0','0','system:role:export','#','admin','2026-03-28 23:42:47','',NULL,''),(1012,'шПЬхНХцЯешпв',102,1,'','','','',1,0,'F','0','0','system:menu:query','#','admin','2026-03-28 23:42:47','',NULL,''),(1013,'шПЬхНХцЦ░хвЮ',102,2,'','','','',1,0,'F','0','0','system:menu:add','#','admin','2026-03-28 23:42:47','',NULL,''),(1014,'шПЬхНХф┐оцФ╣',102,3,'','','','',1,0,'F','0','0','system:menu:edit','#','admin','2026-03-28 23:42:47','',NULL,''),(1015,'шПЬхНХхИащЩд',102,4,'','','','',1,0,'F','0','0','system:menu:remove','#','admin','2026-03-28 23:42:47','',NULL,''),(1016,'щГищЧицЯешпв',103,1,'','','','',1,0,'F','0','0','system:dept:query','#','admin','2026-03-28 23:42:47','',NULL,''),(1017,'щГищЧицЦ░хвЮ',103,2,'','','','',1,0,'F','0','0','system:dept:add','#','admin','2026-03-28 23:42:47','',NULL,''),(1018,'щГищЧиф┐оцФ╣',103,3,'','','','',1,0,'F','0','0','system:dept:edit','#','admin','2026-03-28 23:42:48','',NULL,''),(1019,'щГищЧихИащЩд',103,4,'','','','',1,0,'F','0','0','system:dept:remove','#','admin','2026-03-28 23:42:48','',NULL,''),(1020,'х▓Чф╜НцЯешпв',104,1,'','','','',1,0,'F','0','0','system:post:query','#','admin','2026-03-28 23:42:48','',NULL,''),(1021,'х▓Чф╜НцЦ░хвЮ',104,2,'','','','',1,0,'F','0','0','system:post:add','#','admin','2026-03-28 23:42:48','',NULL,''),(1022,'х▓Чф╜Нф┐оцФ╣',104,3,'','','','',1,0,'F','0','0','system:post:edit','#','admin','2026-03-28 23:42:48','',NULL,''),(1023,'х▓Чф╜НхИащЩд',104,4,'','','','',1,0,'F','0','0','system:post:remove','#','admin','2026-03-28 23:42:48','',NULL,''),(1024,'х▓Чф╜Нхп╝хЗ║',104,5,'','','','',1,0,'F','0','0','system:post:export','#','admin','2026-03-28 23:42:48','',NULL,''),(1025,'хнЧхЕ╕цЯешпв',105,1,'#','','','',1,0,'F','0','0','system:dict:query','#','admin','2026-03-28 23:42:48','',NULL,''),(1026,'хнЧхЕ╕цЦ░хвЮ',105,2,'#','','','',1,0,'F','0','0','system:dict:add','#','admin','2026-03-28 23:42:48','',NULL,''),(1027,'хнЧхЕ╕ф┐оцФ╣',105,3,'#','','','',1,0,'F','0','0','system:dict:edit','#','admin','2026-03-28 23:42:48','',NULL,''),(1028,'хнЧхЕ╕хИащЩд',105,4,'#','','','',1,0,'F','0','0','system:dict:remove','#','admin','2026-03-28 23:42:48','',NULL,''),(1029,'хнЧхЕ╕хп╝хЗ║',105,5,'#','','','',1,0,'F','0','0','system:dict:export','#','admin','2026-03-28 23:42:49','',NULL,''),(1030,'хПВцХ░цЯешпв',106,1,'#','','','',1,0,'F','0','0','system:config:query','#','admin','2026-03-28 23:42:49','',NULL,''),(1031,'хПВцХ░цЦ░хвЮ',106,2,'#','','','',1,0,'F','0','0','system:config:add','#','admin','2026-03-28 23:42:49','',NULL,''),(1032,'хПВцХ░ф┐оцФ╣',106,3,'#','','','',1,0,'F','0','0','system:config:edit','#','admin','2026-03-28 23:42:49','',NULL,''),(1033,'хПВцХ░хИащЩд',106,4,'#','','','',1,0,'F','0','0','system:config:remove','#','admin','2026-03-28 23:42:49','',NULL,''),(1034,'хПВцХ░хп╝хЗ║',106,5,'#','','','',1,0,'F','0','0','system:config:export','#','admin','2026-03-28 23:42:49','',NULL,''),(1035,'хЕмхСКцЯешпв',107,1,'#','','','',1,0,'F','0','0','system:notice:query','#','admin','2026-03-28 23:42:49','',NULL,''),(1036,'хЕмхСКцЦ░хвЮ',107,2,'#','','','',1,0,'F','0','0','system:notice:add','#','admin','2026-03-28 23:42:49','',NULL,''),(1037,'хЕмхСКф┐оцФ╣',107,3,'#','','','',1,0,'F','0','0','system:notice:edit','#','admin','2026-03-28 23:42:49','',NULL,''),(1038,'хЕмхСКхИащЩд',107,4,'#','','','',1,0,'F','0','0','system:notice:remove','#','admin','2026-03-28 23:42:49','',NULL,''),(1039,'цУНф╜ЬцЯешпв',500,1,'#','','','',1,0,'F','0','0','monitor:operlog:query','#','admin','2026-03-28 23:42:49','',NULL,''),(1040,'цУНф╜ЬхИащЩд',500,2,'#','','','',1,0,'F','0','0','monitor:operlog:remove','#','admin','2026-03-28 23:42:49','',NULL,''),(1041,'цЧех┐Чхп╝хЗ║',500,3,'#','','','',1,0,'F','0','0','monitor:operlog:export','#','admin','2026-03-28 23:42:49','',NULL,''),(1042,'чЩ╗х╜ХцЯешпв',501,1,'#','','','',1,0,'F','0','0','monitor:logininfor:query','#','admin','2026-03-28 23:42:49','',NULL,''),(1043,'чЩ╗х╜ХхИащЩд',501,2,'#','','','',1,0,'F','0','0','monitor:logininfor:remove','#','admin','2026-03-28 23:42:50','',NULL,''),(1044,'цЧех┐Чхп╝хЗ║',501,3,'#','','','',1,0,'F','0','0','monitor:logininfor:export','#','admin','2026-03-28 23:42:50','',NULL,''),(1045,'ш┤жцИ╖шзгщФБ',501,4,'#','','','',1,0,'F','0','0','monitor:logininfor:unlock','#','admin','2026-03-28 23:42:50','',NULL,''),(1046,'хЬич║┐цЯешпв',109,1,'#','','','',1,0,'F','0','0','monitor:online:query','#','admin','2026-03-28 23:42:50','',NULL,''),(1047,'цЙ╣щЗПх╝║щАА',109,2,'#','','','',1,0,'F','0','0','monitor:online:batchLogout','#','admin','2026-03-28 23:42:50','',NULL,''),(1048,'хНХцЭбх╝║щАА',109,3,'#','','','',1,0,'F','0','0','monitor:online:forceLogout','#','admin','2026-03-28 23:42:50','',NULL,''),(1049,'ф╗╗хКбцЯешпв',110,1,'#','','','',1,0,'F','0','0','monitor:job:query','#','admin','2026-03-28 23:42:50','',NULL,''),(1050,'ф╗╗хКбцЦ░хвЮ',110,2,'#','','','',1,0,'F','0','0','monitor:job:add','#','admin','2026-03-28 23:42:50','',NULL,''),(1051,'ф╗╗хКбф┐оцФ╣',110,3,'#','','','',1,0,'F','0','0','monitor:job:edit','#','admin','2026-03-28 23:42:50','',NULL,''),(1052,'ф╗╗хКбхИащЩд',110,4,'#','','','',1,0,'F','0','0','monitor:job:remove','#','admin','2026-03-28 23:42:50','',NULL,''),(1053,'чК╢цАБф┐оцФ╣',110,5,'#','','','',1,0,'F','0','0','monitor:job:changeStatus','#','admin','2026-03-28 23:42:50','',NULL,''),(1054,'ф╗╗хКбхп╝хЗ║',110,6,'#','','','',1,0,'F','0','0','monitor:job:export','#','admin','2026-03-28 23:42:51','',NULL,''),(1055,'чФЯцИРцЯешпв',116,1,'#','','','',1,0,'F','0','0','tool:gen:query','#','admin','2026-03-28 23:42:51','',NULL,''),(1056,'чФЯцИРф┐оцФ╣',116,2,'#','','','',1,0,'F','0','0','tool:gen:edit','#','admin','2026-03-28 23:42:51','',NULL,''),(1057,'чФЯцИРхИащЩд',116,3,'#','','','',1,0,'F','0','0','tool:gen:remove','#','admin','2026-03-28 23:42:51','',NULL,''),(1058,'хп╝хЕеф╗гчаБ',116,4,'#','','','',1,0,'F','0','0','tool:gen:import','#','admin','2026-03-28 23:42:51','',NULL,''),(1059,'щвДшзИф╗гчаБ',116,5,'#','','','',1,0,'F','0','0','tool:gen:preview','#','admin','2026-03-28 23:42:51','',NULL,''),(1060,'чФЯцИРф╗гчаБ',116,6,'#','','','',1,0,'F','0','0','tool:gen:code','#','admin','2026-03-28 23:42:51','',NULL,'');
/*!40000 ALTER TABLE `sys_menu_bk1` ENABLE KEYS */;
UNLOCK TABLES;

--
-- Table structure for table `act_cmmn_deployment_resource`
--

DROP TABLE IF EXISTS `act_cmmn_deployment_resource`;
/*!40101 SET @saved_cs_client     = @@character_set_client */;
/*!50503 SET character_set_client = utf8mb4 */;
CREATE TABLE `act_cmmn_deployment_resource` (
  `ID_` varchar(255) COLLATE utf8mb4_unicode_ci NOT NULL,
  `NAME_` varchar(255) COLLATE utf8mb4_unicode_ci DEFAULT NULL,
  `DEPLOYMENT_ID_` varchar(255) COLLATE utf8mb4_unicode_ci DEFAULT NULL,
  `RESOURCE_BYTES_` longblob,
  `GENERATED_` tinyint DEFAULT NULL,
  PRIMARY KEY (`ID_`),
  KEY `ACT_IDX_CMMN_RSRC_DPL` (`DEPLOYMENT_ID_`),
  CONSTRAINT `ACT_FK_CMMN_RSRC_DPL` FOREIGN KEY (`DEPLOYMENT_ID_`) REFERENCES `act_cmmn_deployment` (`ID_`)
) ENGINE=InnoDB DEFAULT CHARSET=utf8mb4 COLLATE=utf8mb4_unicode_ci;
/*!40101 SET character_set_client = @saved_cs_client */;

--
-- Dumping data for table `act_cmmn_deployment_resource`
--

LOCK TABLES `act_cmmn_deployment_resource` WRITE;
/*!40000 ALTER TABLE `act_cmmn_deployment_resource` DISABLE KEYS */;
/*!40000 ALTER TABLE `act_cmmn_deployment_resource` ENABLE KEYS */;
UNLOCK TABLES;

--
-- Table structure for table `act_re_model`
--

DROP TABLE IF EXISTS `act_re_model`;
/*!40101 SET @saved_cs_client     = @@character_set_client */;
/*!50503 SET character_set_client = utf8mb4 */;
CREATE TABLE `act_re_model` (
  `ID_` varchar(64) COLLATE utf8mb3_bin NOT NULL,
  `REV_` int DEFAULT NULL,
  `NAME_` varchar(255) COLLATE utf8mb3_bin DEFAULT NULL,
  `KEY_` varchar(255) COLLATE utf8mb3_bin DEFAULT NULL,
  `CATEGORY_` varchar(255) COLLATE utf8mb3_bin DEFAULT NULL,
  `CREATE_TIME_` timestamp(3) NULL DEFAULT NULL,
  `LAST_UPDATE_TIME_` timestamp(3) NULL DEFAULT NULL,
  `VERSION_` int DEFAULT NULL,
  `META_INFO_` varchar(4000) COLLATE utf8mb3_bin DEFAULT NULL,
  `DEPLOYMENT_ID_` varchar(64) COLLATE utf8mb3_bin DEFAULT NULL,
  `EDITOR_SOURCE_VALUE_ID_` varchar(64) COLLATE utf8mb3_bin DEFAULT NULL,
  `EDITOR_SOURCE_EXTRA_VALUE_ID_` varchar(64) COLLATE utf8mb3_bin DEFAULT NULL,
  `TENANT_ID_` varchar(255) COLLATE utf8mb3_bin DEFAULT '',
  PRIMARY KEY (`ID_`),
  KEY `ACT_FK_MODEL_SOURCE` (`EDITOR_SOURCE_VALUE_ID_`),
  KEY `ACT_FK_MODEL_SOURCE_EXTRA` (`EDITOR_SOURCE_EXTRA_VALUE_ID_`),
  KEY `ACT_FK_MODEL_DEPLOYMENT` (`DEPLOYMENT_ID_`),
  CONSTRAINT `ACT_FK_MODEL_DEPLOYMENT` FOREIGN KEY (`DEPLOYMENT_ID_`) REFERENCES `act_re_deployment` (`ID_`),
  CONSTRAINT `ACT_FK_MODEL_SOURCE` FOREIGN KEY (`EDITOR_SOURCE_VALUE_ID_`) REFERENCES `act_ge_bytearray` (`ID_`),
  CONSTRAINT `ACT_FK_MODEL_SOURCE_EXTRA` FOREIGN KEY (`EDITOR_SOURCE_EXTRA_VALUE_ID_`) REFERENCES `act_ge_bytearray` (`ID_`)
) ENGINE=InnoDB DEFAULT CHARSET=utf8mb3 COLLATE=utf8mb3_bin;
/*!40101 SET character_set_client = @saved_cs_client */;

--
-- Dumping data for table `act_re_model`
--

LOCK TABLES `act_re_model` WRITE;
/*!40000 ALTER TABLE `act_re_model` DISABLE KEYS */;
/*!40000 ALTER TABLE `act_re_model` ENABLE KEYS */;
UNLOCK TABLES;

--
-- Table structure for table `act_hi_actinst`
--

DROP TABLE IF EXISTS `act_hi_actinst`;
/*!40101 SET @saved_cs_client     = @@character_set_client */;
/*!50503 SET character_set_client = utf8mb4 */;
CREATE TABLE `act_hi_actinst` (
  `ID_` varchar(64) COLLATE utf8mb3_bin NOT NULL,
  `REV_` int DEFAULT '1',
  `PROC_DEF_ID_` varchar(64) COLLATE utf8mb3_bin NOT NULL,
  `PROC_INST_ID_` varchar(64) COLLATE utf8mb3_bin NOT NULL,
  `EXECUTION_ID_` varchar(64) COLLATE utf8mb3_bin NOT NULL,
  `ACT_ID_` varchar(255) COLLATE utf8mb3_bin NOT NULL,
  `TASK_ID_` varchar(64) COLLATE utf8mb3_bin DEFAULT NULL,
  `CALL_PROC_INST_ID_` varchar(64) COLLATE utf8mb3_bin DEFAULT NULL,
  `ACT_NAME_` varchar(255) COLLATE utf8mb3_bin DEFAULT NULL,
  `ACT_TYPE_` varchar(255) COLLATE utf8mb3_bin NOT NULL,
  `ASSIGNEE_` varchar(255) COLLATE utf8mb3_bin DEFAULT NULL,
  `START_TIME_` datetime(3) NOT NULL,
  `END_TIME_` datetime(3) DEFAULT NULL,
  `TRANSACTION_ORDER_` int DEFAULT NULL,
  `DURATION_` bigint DEFAULT NULL,
  `DELETE_REASON_` varchar(4000) COLLATE utf8mb3_bin DEFAULT NULL,
  `TENANT_ID_` varchar(255) COLLATE utf8mb3_bin DEFAULT '',
  PRIMARY KEY (`ID_`),
  KEY `ACT_IDX_HI_ACT_INST_START` (`START_TIME_`),
  KEY `ACT_IDX_HI_ACT_INST_END` (`END_TIME_`),
  KEY `ACT_IDX_HI_ACT_INST_PROCINST` (`PROC_INST_ID_`,`ACT_ID_`),
  KEY `ACT_IDX_HI_ACT_INST_EXEC` (`EXECUTION_ID_`,`ACT_ID_`)
) ENGINE=InnoDB DEFAULT CHARSET=utf8mb3 COLLATE=utf8mb3_bin;
/*!40101 SET character_set_client = @saved_cs_client */;

--
-- Dumping data for table `act_hi_actinst`
--

LOCK TABLES `act_hi_actinst` WRITE;
/*!40000 ALTER TABLE `act_hi_actinst` DISABLE KEYS */;
INSERT INTO `act_hi_actinst` VALUES ('8c977e89-3063-11f1-8e5a-8c1645e938b5',1,'flow_cl1udrgp:2:892713d7-305c-11f1-82b6-8c1645e938b5','8c95d0c7-3063-11f1-8e5a-8c1645e938b5','8c977e88-3063-11f1-8e5a-8c1645e938b5','start_event',NULL,NULL,'х╝АхзЛ','startEvent',NULL,'2026-04-05 04:19:14.383','2026-04-05 04:19:14.386',1,3,NULL,''),('8c9841da-3063-11f1-8e5a-8c1645e938b5',1,'flow_cl1udrgp:2:892713d7-305c-11f1-82b6-8c1645e938b5','8c95d0c7-3063-11f1-8e5a-8c1645e938b5','8c977e88-3063-11f1-8e5a-8c1645e938b5','Flow_1dd8wjs',NULL,NULL,NULL,'sequenceFlow',NULL,'2026-04-05 04:19:14.388','2026-04-05 04:19:14.388',2,0,NULL,''),('8c9841db-3063-11f1-8e5a-8c1645e938b5',2,'flow_cl1udrgp:2:892713d7-305c-11f1-82b6-8c1645e938b5','8c95d0c7-3063-11f1-8e5a-8c1645e938b5','8c977e88-3063-11f1-8e5a-8c1645e938b5','Activity_1kbxzqu','8c9b00fc-3063-11f1-8e5a-8c1645e938b5',NULL,'хИЭхоб','userTask',NULL,'2026-04-05 04:19:14.388','2026-04-05 04:19:14.581',3,193,NULL,''),('8cb5dc06-3063-11f1-8e5a-8c1645e938b5',1,'flow_cl1udrgp:2:892713d7-305c-11f1-82b6-8c1645e938b5','8c95d0c7-3063-11f1-8e5a-8c1645e938b5','8c977e88-3063-11f1-8e5a-8c1645e938b5','Flow_1ytg1zm',NULL,NULL,NULL,'sequenceFlow',NULL,'2026-04-05 04:19:14.582','2026-04-05 04:19:14.582',1,0,NULL,''),('8cb60317-3063-11f1-8e5a-8c1645e938b5',1,'flow_cl1udrgp:2:892713d7-305c-11f1-82b6-8c1645e938b5','8c95d0c7-3063-11f1-8e5a-8c1645e938b5','8c977e88-3063-11f1-8e5a-8c1645e938b5','Activity_0v17nhy','8cb60318-3063-11f1-8e5a-8c1645e938b5',NULL,'хдНхоб','userTask',NULL,'2026-04-05 04:19:14.583',NULL,2,NULL,NULL,''),('8ce21c3b-3063-11f1-8e5a-8c1645e938b5',1,'flow_cl1udrgp:2:892713d7-305c-11f1-82b6-8c1645e938b5','8ce1f519-3063-11f1-8e5a-8c1645e938b5','8ce21c3a-3063-11f1-8e5a-8c1645e938b5','start_event',NULL,NULL,'х╝АхзЛ','startEvent',NULL,'2026-04-05 04:19:14.872','2026-04-05 04:19:14.872',1,0,NULL,''),('8ce21c3c-3063-11f1-8e5a-8c1645e938b5',1,'flow_cl1udrgp:2:892713d7-305c-11f1-82b6-8c1645e938b5','8ce1f519-3063-11f1-8e5a-8c1645e938b5','8ce21c3a-3063-11f1-8e5a-8c1645e938b5','Flow_1dd8wjs',NULL,NULL,NULL,'sequenceFlow',NULL,'2026-04-05 04:19:14.872','2026-04-05 04:19:14.872',2,0,NULL,''),('8ce21c3d-3063-11f1-8e5a-8c1645e938b5',2,'flow_cl1udrgp:2:892713d7-305c-11f1-82b6-8c1645e938b5','8ce1f519-3063-11f1-8e5a-8c1645e938b5','8ce21c3a-3063-11f1-8e5a-8c1645e938b5','Activity_1kbxzqu','8ce21c3e-3063-11f1-8e5a-8c1645e938b5',NULL,'хИЭхоб','userTask',NULL,'2026-04-05 04:19:14.872','2026-04-05 04:19:14.923',3,51,NULL,''),('8cea0b88-3063-11f1-8e5a-8c1645e938b5',1,'flow_cl1udrgp:2:892713d7-305c-11f1-82b6-8c1645e938b5','8ce1f519-3063-11f1-8e5a-8c1645e938b5','8ce21c3a-3063-11f1-8e5a-8c1645e938b5','Flow_1ytg1zm',NULL,NULL,NULL,'sequenceFlow',NULL,'2026-04-05 04:19:14.924','2026-04-05 04:19:14.924',1,0,NULL,''),('8cea59a9-3063-11f1-8e5a-8c1645e938b5',1,'flow_cl1udrgp:2:892713d7-305c-11f1-82b6-8c1645e938b5','8ce1f519-3063-11f1-8e5a-8c1645e938b5','8ce21c3a-3063-11f1-8e5a-8c1645e938b5','Activity_0v17nhy','8cea59aa-3063-11f1-8e5a-8c1645e938b5',NULL,'хдНхоб','userTask',NULL,'2026-04-05 04:19:14.926',NULL,2,NULL,NULL,'');
/*!40000 ALTER TABLE `act_hi_actinst` ENABLE KEYS */;
UNLOCK TABLES;

--
-- Table structure for table `act_cmmn_casedef`
--

DROP TABLE IF EXISTS `act_cmmn_casedef`;
/*!40101 SET @saved_cs_client     = @@character_set_client */;
/*!50503 SET character_set_client = utf8mb4 */;
CREATE TABLE `act_cmmn_casedef` (
  `ID_` varchar(255) COLLATE utf8mb4_unicode_ci NOT NULL,
  `REV_` int NOT NULL,
  `NAME_` varchar(255) COLLATE utf8mb4_unicode_ci DEFAULT NULL,
  `KEY_` varchar(255) COLLATE utf8mb4_unicode_ci NOT NULL,
  `VERSION_` int NOT NULL,
  `CATEGORY_` varchar(255) COLLATE utf8mb4_unicode_ci DEFAULT NULL,
  `DEPLOYMENT_ID_` varchar(255) COLLATE utf8mb4_unicode_ci DEFAULT NULL,
  `RESOURCE_NAME_` varchar(4000) COLLATE utf8mb4_unicode_ci DEFAULT NULL,
  `DESCRIPTION_` varchar(4000) COLLATE utf8mb4_unicode_ci DEFAULT NULL,
  `HAS_GRAPHICAL_NOTATION_` tinyint DEFAULT NULL,
  `DGRM_RESOURCE_NAME_` varchar(4000) COLLATE utf8mb4_unicode_ci DEFAULT NULL,
  `HAS_START_FORM_KEY_` tinyint DEFAULT NULL,
  `TENANT_ID_` varchar(255) COLLATE utf8mb4_unicode_ci DEFAULT '',
  PRIMARY KEY (`ID_`),
  UNIQUE KEY `ACT_IDX_CASE_DEF_UNIQ` (`KEY_`,`VERSION_`,`TENANT_ID_`),
  KEY `ACT_IDX_CASE_DEF_DPLY` (`DEPLOYMENT_ID_`),
  CONSTRAINT `ACT_FK_CASE_DEF_DPLY` FOREIGN KEY (`DEPLOYMENT_ID_`) REFERENCES `act_cmmn_deployment` (`ID_`)
) ENGINE=InnoDB DEFAULT CHARSET=utf8mb4 COLLATE=utf8mb4_unicode_ci;
/*!40101 SET character_set_client = @saved_cs_client */;

--
-- Dumping data for table `act_cmmn_casedef`
--

LOCK TABLES `act_cmmn_casedef` WRITE;
/*!40000 ALTER TABLE `act_cmmn_casedef` DISABLE KEYS */;
/*!40000 ALTER TABLE `act_cmmn_casedef` ENABLE KEYS */;
UNLOCK TABLES;

--
-- Table structure for table `act_hi_taskinst`
--

DROP TABLE IF EXISTS `act_hi_taskinst`;
/*!40101 SET @saved_cs_client     = @@character_set_client */;
/*!50503 SET character_set_client = utf8mb4 */;
CREATE TABLE `act_hi_taskinst` (
  `ID_` varchar(64) COLLATE utf8mb3_bin NOT NULL,
  `REV_` int DEFAULT '1',
  `PROC_DEF_ID_` varchar(64) COLLATE utf8mb3_bin DEFAULT NULL,
  `TASK_DEF_ID_` varchar(64) COLLATE utf8mb3_bin DEFAULT NULL,
  `TASK_DEF_KEY_` varchar(255) COLLATE utf8mb3_bin DEFAULT NULL,
  `PROC_INST_ID_` varchar(64) COLLATE utf8mb3_bin DEFAULT NULL,
  `EXECUTION_ID_` varchar(64) COLLATE utf8mb3_bin DEFAULT NULL,
  `SCOPE_ID_` varchar(255) COLLATE utf8mb3_bin DEFAULT NULL,
  `SUB_SCOPE_ID_` varchar(255) COLLATE utf8mb3_bin DEFAULT NULL,
  `SCOPE_TYPE_` varchar(255) COLLATE utf8mb3_bin DEFAULT NULL,
  `SCOPE_DEFINITION_ID_` varchar(255) COLLATE utf8mb3_bin DEFAULT NULL,
  `PROPAGATED_STAGE_INST_ID_` varchar(255) COLLATE utf8mb3_bin DEFAULT NULL,
  `STATE_` varchar(255) COLLATE utf8mb3_bin DEFAULT NULL,
  `NAME_` varchar(255) COLLATE utf8mb3_bin DEFAULT NULL,
  `PARENT_TASK_ID_` varchar(64) COLLATE utf8mb3_bin DEFAULT NULL,
  `DESCRIPTION_` varchar(4000) COLLATE utf8mb3_bin DEFAULT NULL,
  `OWNER_` varchar(255) COLLATE utf8mb3_bin DEFAULT NULL,
  `ASSIGNEE_` varchar(255) COLLATE utf8mb3_bin DEFAULT NULL,
  `START_TIME_` datetime(3) NOT NULL,
  `IN_PROGRESS_TIME_` datetime(3) DEFAULT NULL,
  `IN_PROGRESS_STARTED_BY_` varchar(255) COLLATE utf8mb3_bin DEFAULT NULL,
  `CLAIM_TIME_` datetime(3) DEFAULT NULL,
  `CLAIMED_BY_` varchar(255) COLLATE utf8mb3_bin DEFAULT NULL,
  `SUSPENDED_TIME_` datetime(3) DEFAULT NULL,
  `SUSPENDED_BY_` varchar(255) COLLATE utf8mb3_bin DEFAULT NULL,
  `END_TIME_` datetime(3) DEFAULT NULL,
  `COMPLETED_BY_` varchar(255) COLLATE utf8mb3_bin DEFAULT NULL,
  `DURATION_` bigint DEFAULT NULL,
  `DELETE_REASON_` varchar(4000) COLLATE utf8mb3_bin DEFAULT NULL,
  `PRIORITY_` int DEFAULT NULL,
  `IN_PROGRESS_DUE_DATE_` datetime(3) DEFAULT NULL,
  `DUE_DATE_` datetime(3) DEFAULT NULL,
  `FORM_KEY_` varchar(255) COLLATE utf8mb3_bin DEFAULT NULL,
  `CATEGORY_` varchar(255) COLLATE utf8mb3_bin DEFAULT NULL,
  `TENANT_ID_` varchar(255) COLLATE utf8mb3_bin DEFAULT '',
  `LAST_UPDATED_TIME_` datetime(3) DEFAULT NULL,
  PRIMARY KEY (`ID_`),
  KEY `ACT_IDX_HI_TASK_SCOPE` (`SCOPE_ID_`,`SCOPE_TYPE_`),
  KEY `ACT_IDX_HI_TASK_SUB_SCOPE` (`SUB_SCOPE_ID_`,`SCOPE_TYPE_`),
  KEY `ACT_IDX_HI_TASK_SCOPE_DEF` (`SCOPE_DEFINITION_ID_`,`SCOPE_TYPE_`),
  KEY `ACT_IDX_HI_TASK_INST_PROCINST` (`PROC_INST_ID_`)
) ENGINE=InnoDB DEFAULT CHARSET=utf8mb3 COLLATE=utf8mb3_bin;
/*!40101 SET character_set_client = @saved_cs_client */;

--
-- Dumping data for table `act_hi_taskinst`
--

LOCK TABLES `act_hi_taskinst` WRITE;
/*!40000 ALTER TABLE `act_hi_taskinst` DISABLE KEYS */;
INSERT INTO `act_hi_taskinst` VALUES ('8c9b00fc-3063-11f1-8e5a-8c1645e938b5',2,'flow_cl1udrgp:2:892713d7-305c-11f1-82b6-8c1645e938b5',NULL,'Activity_1kbxzqu','8c95d0c7-3063-11f1-8e5a-8c1645e938b5','8c977e88-3063-11f1-8e5a-8c1645e938b5',NULL,NULL,NULL,NULL,NULL,'completed','хИЭхоб',NULL,NULL,NULL,NULL,'2026-04-05 04:19:14.389',NULL,NULL,NULL,NULL,NULL,NULL,'2026-04-05 04:19:14.578',NULL,189,NULL,50,NULL,NULL,NULL,NULL,'','2026-04-05 04:19:14.578'),('8cb60318-3063-11f1-8e5a-8c1645e938b5',1,'flow_cl1udrgp:2:892713d7-305c-11f1-82b6-8c1645e938b5',NULL,'Activity_0v17nhy','8c95d0c7-3063-11f1-8e5a-8c1645e938b5','8c977e88-3063-11f1-8e5a-8c1645e938b5',NULL,NULL,NULL,NULL,NULL,'created','хдНхоб',NULL,NULL,NULL,NULL,'2026-04-05 04:19:14.583',NULL,NULL,NULL,NULL,NULL,NULL,NULL,NULL,NULL,NULL,50,NULL,NULL,NULL,NULL,'','2026-04-05 04:19:14.583'),('8ce21c3e-3063-11f1-8e5a-8c1645e938b5',2,'flow_cl1udrgp:2:892713d7-305c-11f1-82b6-8c1645e938b5',NULL,'Activity_1kbxzqu','8ce1f519-3063-11f1-8e5a-8c1645e938b5','8ce21c3a-3063-11f1-8e5a-8c1645e938b5',NULL,NULL,NULL,NULL,NULL,'completed','хИЭхоб',NULL,NULL,NULL,NULL,'2026-04-05 04:19:14.872',NULL,NULL,NULL,NULL,NULL,NULL,'2026-04-05 04:19:14.922',NULL,50,NULL,50,NULL,NULL,NULL,NULL,'','2026-04-05 04:19:14.922'),('8cea59aa-3063-11f1-8e5a-8c1645e938b5',1,'flow_cl1udrgp:2:892713d7-305c-11f1-82b6-8c1645e938b5',NULL,'Activity_0v17nhy','8ce1f519-3063-11f1-8e5a-8c1645e938b5','8ce21c3a-3063-11f1-8e5a-8c1645e938b5',NULL,NULL,NULL,NULL,NULL,'created','хдНхоб',NULL,NULL,NULL,NULL,'2026-04-05 04:19:14.926',NULL,NULL,NULL,NULL,NULL,NULL,NULL,NULL,NULL,NULL,50,NULL,NULL,NULL,NULL,'','2026-04-05 04:19:14.926');
/*!40000 ALTER TABLE `act_hi_taskinst` ENABLE KEYS */;
UNLOCK TABLES;

--
-- Table structure for table `act_hi_identitylink`
--

DROP TABLE IF EXISTS `act_hi_identitylink`;
/*!40101 SET @saved_cs_client     = @@character_set_client */;
/*!50503 SET character_set_client = utf8mb4 */;
CREATE TABLE `act_hi_identitylink` (
  `ID_` varchar(64) COLLATE utf8mb3_bin NOT NULL,
  `GROUP_ID_` varchar(255) COLLATE utf8mb3_bin DEFAULT NULL,
  `TYPE_` varchar(255) COLLATE utf8mb3_bin DEFAULT NULL,
  `USER_ID_` varchar(255) COLLATE utf8mb3_bin DEFAULT NULL,
  `TASK_ID_` varchar(64) COLLATE utf8mb3_bin DEFAULT NULL,
  `CREATE_TIME_` datetime(3) DEFAULT NULL,
  `PROC_INST_ID_` varchar(64) COLLATE utf8mb3_bin DEFAULT NULL,
  `SCOPE_ID_` varchar(255) COLLATE utf8mb3_bin DEFAULT NULL,
  `SUB_SCOPE_ID_` varchar(255) COLLATE utf8mb3_bin DEFAULT NULL,
  `SCOPE_TYPE_` varchar(255) COLLATE utf8mb3_bin DEFAULT NULL,
  `SCOPE_DEFINITION_ID_` varchar(255) COLLATE utf8mb3_bin DEFAULT NULL,
  PRIMARY KEY (`ID_`),
  KEY `ACT_IDX_HI_IDENT_LNK_USER` (`USER_ID_`),
  KEY `ACT_IDX_HI_IDENT_LNK_SCOPE` (`SCOPE_ID_`,`SCOPE_TYPE_`),
  KEY `ACT_IDX_HI_IDENT_LNK_SUB_SCOPE` (`SUB_SCOPE_ID_`,`SCOPE_TYPE_`),
  KEY `ACT_IDX_HI_IDENT_LNK_SCOPE_DEF` (`SCOPE_DEFINITION_ID_`,`SCOPE_TYPE_`),
  KEY `ACT_IDX_HI_IDENT_LNK_TASK` (`TASK_ID_`),
  KEY `ACT_IDX_HI_IDENT_LNK_PROCINST` (`PROC_INST_ID_`)
) ENGINE=InnoDB DEFAULT CHARSET=utf8mb3 COLLATE=utf8mb3_bin;
/*!40101 SET character_set_client = @saved_cs_client */;

--
-- Dumping data for table `act_hi_identitylink`
--

LOCK TABLES `act_hi_identitylink` WRITE;
/*!40000 ALTER TABLE `act_hi_identitylink` DISABLE KEYS */;
INSERT INTO `act_hi_identitylink` VALUES ('8c95f7d8-3063-11f1-8e5a-8c1645e938b5',NULL,'starter','1',NULL,'2026-04-05 04:19:14.373','8c95d0c7-3063-11f1-8e5a-8c1645e938b5',NULL,NULL,NULL,NULL),('8cb518b5-3063-11f1-8e5a-8c1645e938b5',NULL,'participant','1',NULL,'2026-04-05 04:19:14.577','8c95d0c7-3063-11f1-8e5a-8c1645e938b5',NULL,NULL,NULL,NULL),('8ce1f51a-3063-11f1-8e5a-8c1645e938b5',NULL,'starter','1',NULL,'2026-04-05 04:19:14.871','8ce1f519-3063-11f1-8e5a-8c1645e938b5',NULL,NULL,NULL,NULL),('8ce99657-3063-11f1-8e5a-8c1645e938b5',NULL,'participant','1',NULL,'2026-04-05 04:19:14.921','8ce1f519-3063-11f1-8e5a-8c1645e938b5',NULL,NULL,NULL,NULL);
/*!40000 ALTER TABLE `act_hi_identitylink` ENABLE KEYS */;
UNLOCK TABLES;

--
-- Table structure for table `act_hi_procinst`
--

DROP TABLE IF EXISTS `act_hi_procinst`;
/*!40101 SET @saved_cs_client     = @@character_set_client */;
/*!50503 SET character_set_client = utf8mb4 */;
CREATE TABLE `act_hi_procinst` (
  `ID_` varchar(64) COLLATE utf8mb3_bin NOT NULL,
  `REV_` int DEFAULT '1',
  `PROC_INST_ID_` varchar(64) COLLATE utf8mb3_bin NOT NULL,
  `BUSINESS_KEY_` varchar(255) COLLATE utf8mb3_bin DEFAULT NULL,
  `PROC_DEF_ID_` varchar(64) COLLATE utf8mb3_bin NOT NULL,
  `START_TIME_` datetime(3) NOT NULL,
  `END_TIME_` datetime(3) DEFAULT NULL,
  `DURATION_` bigint DEFAULT NULL,
  `START_USER_ID_` varchar(255) COLLATE utf8mb3_bin DEFAULT NULL,
  `START_ACT_ID_` varchar(255) COLLATE utf8mb3_bin DEFAULT NULL,
  `END_ACT_ID_` varchar(255) COLLATE utf8mb3_bin DEFAULT NULL,
  `SUPER_PROCESS_INSTANCE_ID_` varchar(64) COLLATE utf8mb3_bin DEFAULT NULL,
  `DELETE_REASON_` varchar(4000) COLLATE utf8mb3_bin DEFAULT NULL,
  `TENANT_ID_` varchar(255) COLLATE utf8mb3_bin DEFAULT '',
  `NAME_` varchar(255) COLLATE utf8mb3_bin DEFAULT NULL,
  `CALLBACK_ID_` varchar(255) COLLATE utf8mb3_bin DEFAULT NULL,
  `CALLBACK_TYPE_` varchar(255) COLLATE utf8mb3_bin DEFAULT NULL,
  `REFERENCE_ID_` varchar(255) COLLATE utf8mb3_bin DEFAULT NULL,
  `REFERENCE_TYPE_` varchar(255) COLLATE utf8mb3_bin DEFAULT NULL,
  `PROPAGATED_STAGE_INST_ID_` varchar(255) COLLATE utf8mb3_bin DEFAULT NULL,
  `BUSINESS_STATUS_` varchar(255) COLLATE utf8mb3_bin DEFAULT NULL,
  PRIMARY KEY (`ID_`),
  UNIQUE KEY `PROC_INST_ID_` (`PROC_INST_ID_`),
  KEY `ACT_IDX_HI_PRO_INST_END` (`END_TIME_`),
  KEY `ACT_IDX_HI_PRO_I_BUSKEY` (`BUSINESS_KEY_`),
  KEY `ACT_IDX_HI_PRO_SUPER_PROCINST` (`SUPER_PROCESS_INSTANCE_ID_`)
) ENGINE=InnoDB DEFAULT CHARSET=utf8mb3 COLLATE=utf8mb3_bin;
/*!40101 SET character_set_client = @saved_cs_client */;

--
-- Dumping data for table `act_hi_procinst`
--

LOCK TABLES `act_hi_procinst` WRITE;
/*!40000 ALTER TABLE `act_hi_procinst` DISABLE KEYS */;
INSERT INTO `act_hi_procinst` VALUES ('8c95d0c7-3063-11f1-8e5a-8c1645e938b5',1,'8c95d0c7-3063-11f1-8e5a-8c1645e938b5',NULL,'flow_cl1udrgp:2:892713d7-305c-11f1-82b6-8c1645e938b5','2026-04-05 04:19:14.372',NULL,NULL,'1','start_event',NULL,NULL,NULL,'',NULL,NULL,NULL,NULL,NULL,NULL,NULL),('8ce1f519-3063-11f1-8e5a-8c1645e938b5',1,'8ce1f519-3063-11f1-8e5a-8c1645e938b5',NULL,'flow_cl1udrgp:2:892713d7-305c-11f1-82b6-8c1645e938b5','2026-04-05 04:19:14.871',NULL,NULL,'1','start_event',NULL,NULL,NULL,'',NULL,NULL,NULL,NULL,NULL,NULL,NULL);
/*!40000 ALTER TABLE `act_hi_procinst` ENABLE KEYS */;
UNLOCK TABLES;

--
-- Table structure for table `act_re_procdef`
--

DROP TABLE IF EXISTS `act_re_procdef`;
/*!40101 SET @saved_cs_client     = @@character_set_client */;
/*!50503 SET character_set_client = utf8mb4 */;
CREATE TABLE `act_re_procdef` (
  `ID_` varchar(64) COLLATE utf8mb3_bin NOT NULL,
  `REV_` int DEFAULT NULL,
  `CATEGORY_` varchar(255) COLLATE utf8mb3_bin DEFAULT NULL,
  `NAME_` varchar(255) COLLATE utf8mb3_bin DEFAULT NULL,
  `KEY_` varchar(255) COLLATE utf8mb3_bin NOT NULL,
  `VERSION_` int NOT NULL,
  `DEPLOYMENT_ID_` varchar(64) COLLATE utf8mb3_bin DEFAULT NULL,
  `RESOURCE_NAME_` varchar(4000) COLLATE utf8mb3_bin DEFAULT NULL,
  `DGRM_RESOURCE_NAME_` varchar(4000) COLLATE utf8mb3_bin DEFAULT NULL,
  `DESCRIPTION_` varchar(4000) COLLATE utf8mb3_bin DEFAULT NULL,
  `HAS_START_FORM_KEY_` tinyint DEFAULT NULL,
  `HAS_GRAPHICAL_NOTATION_` tinyint DEFAULT NULL,
  `SUSPENSION_STATE_` int DEFAULT NULL,
  `TENANT_ID_` varchar(255) COLLATE utf8mb3_bin DEFAULT '',
  `ENGINE_VERSION_` varchar(255) COLLATE utf8mb3_bin DEFAULT NULL,
  `DERIVED_FROM_` varchar(64) COLLATE utf8mb3_bin DEFAULT NULL,
  `DERIVED_FROM_ROOT_` varchar(64) COLLATE utf8mb3_bin DEFAULT NULL,
  `DERIVED_VERSION_` int NOT NULL DEFAULT '0',
  PRIMARY KEY (`ID_`),
  UNIQUE KEY `ACT_UNIQ_PROCDEF` (`KEY_`,`VERSION_`,`DERIVED_VERSION_`,`TENANT_ID_`)
) ENGINE=InnoDB DEFAULT CHARSET=utf8mb3 COLLATE=utf8mb3_bin;
/*!40101 SET character_set_client = @saved_cs_client */;

--
-- Dumping data for table `act_re_procdef`
--

LOCK TABLES `act_re_procdef` WRITE;
/*!40000 ALTER TABLE `act_re_procdef` DISABLE KEYS */;
INSERT INTO `act_re_procdef` VALUES ('flow_cl1udrgp:2:892713d7-305c-11f1-82b6-8c1645e938b5',2,'leave','flow_1hxp265d','flow_cl1udrgp',2,'891a4294-305c-11f1-82b6-8c1645e938b5','flow_1hxp265d.bpmn','flow_1hxp265d.flow_cl1udrgp.png',NULL,0,1,1,'',NULL,NULL,NULL,0);
/*!40000 ALTER TABLE `act_re_procdef` ENABLE KEYS */;
UNLOCK TABLES;

--
-- Table structure for table `act_app_deployment_resource`
--

DROP TABLE IF EXISTS `act_app_deployment_resource`;
/*!40101 SET @saved_cs_client     = @@character_set_client */;
/*!50503 SET character_set_client = utf8mb4 */;
CREATE TABLE `act_app_deployment_resource` (
  `ID_` varchar(255) COLLATE utf8mb4_unicode_ci NOT NULL,
  `NAME_` varchar(255) COLLATE utf8mb4_unicode_ci DEFAULT NULL,
  `DEPLOYMENT_ID_` varchar(255) COLLATE utf8mb4_unicode_ci DEFAULT NULL,
  `RESOURCE_BYTES_` longblob,
  PRIMARY KEY (`ID_`),
  KEY `ACT_IDX_APP_RSRC_DPL` (`DEPLOYMENT_ID_`),
  CONSTRAINT `ACT_FK_APP_RSRC_DPL` FOREIGN KEY (`DEPLOYMENT_ID_`) REFERENCES `act_app_deployment` (`ID_`)
) ENGINE=InnoDB DEFAULT CHARSET=utf8mb4 COLLATE=utf8mb4_unicode_ci;
/*!40101 SET character_set_client = @saved_cs_client */;

--
-- Dumping data for table `act_app_deployment_resource`
--

LOCK TABLES `act_app_deployment_resource` WRITE;
/*!40000 ALTER TABLE `act_app_deployment_resource` DISABLE KEYS */;
/*!40000 ALTER TABLE `act_app_deployment_resource` ENABLE KEYS */;
UNLOCK TABLES;

--
-- Table structure for table `sys_dept`
--

DROP TABLE IF EXISTS `sys_dept`;
/*!40101 SET @saved_cs_client     = @@character_set_client */;
/*!50503 SET character_set_client = utf8mb4 */;
CREATE TABLE `sys_dept` (
  `dept_id` bigint NOT NULL AUTO_INCREMENT COMMENT 'щГищЧиID',
  `parent_id` bigint DEFAULT '0' COMMENT 'чИ╢щГищЧиID',
  `ancestors` varchar(50) COLLATE utf8mb4_unicode_ci DEFAULT '' COMMENT 'чеЦч║зхИЧшби',
  `dept_name` varchar(30) COLLATE utf8mb4_unicode_ci DEFAULT '' COMMENT 'щГищЧихРНчз░',
  `order_num` int DEFAULT '0' COMMENT 'цШ╛чд║щб║х║П',
  `leader` varchar(20) COLLATE utf8mb4_unicode_ci DEFAULT NULL COMMENT 'ш┤Яш┤гф║║',
  `phone` varchar(11) COLLATE utf8mb4_unicode_ci DEFAULT NULL COMMENT 'шБФч│╗чФ╡шпЭ',
  `email` varchar(50) COLLATE utf8mb4_unicode_ci DEFAULT NULL COMMENT 'щВочо▒',
  `status` char(1) COLLATE utf8mb4_unicode_ci DEFAULT '0' COMMENT 'щГищЧичК╢цАБя╝И0цнгх╕╕ 1хБЬчФия╝Й',
  `del_flag` char(1) COLLATE utf8mb4_unicode_ci DEFAULT '0' COMMENT 'хИащЩдцаЗх┐Чя╝И0ф╗гшбихнШхЬи 2ф╗гшбихИащЩдя╝Й',
  `create_by` varchar(64) COLLATE utf8mb4_unicode_ci DEFAULT '' COMMENT 'хИЫх╗║шАЕ',
  `create_time` datetime DEFAULT NULL COMMENT 'хИЫх╗║цЧ╢щЧ┤',
  `update_by` varchar(64) COLLATE utf8mb4_unicode_ci DEFAULT '' COMMENT 'цЫ┤цЦ░шАЕ',
  `update_time` datetime DEFAULT NULL COMMENT 'цЫ┤цЦ░цЧ╢щЧ┤',
  PRIMARY KEY (`dept_id`),
  KEY `idx_sys_dept_parent` (`parent_id`)
) ENGINE=InnoDB AUTO_INCREMENT=200 DEFAULT CHARSET=utf8mb4 COLLATE=utf8mb4_unicode_ci COMMENT='щГищЧишби';
/*!40101 SET character_set_client = @saved_cs_client */;

--
-- Dumping data for table `sys_dept`
--

LOCK TABLES `sys_dept` WRITE;
/*!40000 ALTER TABLE `sys_dept` DISABLE KEYS */;
INSERT INTO `sys_dept` VALUES (100,0,'0','хвищЯ╡чзСцКА',0,'хвищЯ╡','15888888888','ry@qq.com','0','0','admin','2026-04-22 01:46:27','',NULL),(101,100,'0,100','ц╖▒хЬ│цА╗хЕмхП╕',1,'хвищЯ╡','15888888888','ry@qq.com','0','0','admin','2026-04-22 01:46:27','',NULL),(102,100,'0,100','щХ┐ц▓ЩхИЖхЕмхП╕',2,'хвищЯ╡','15888888888','ry@qq.com','0','0','admin','2026-04-22 01:46:27','',NULL),(103,101,'0,100,101','чаФхПСщГищЧи',1,'хвищЯ╡','15888888888','ry@qq.com','0','0','admin','2026-04-22 01:46:27','admin','2026-05-27 02:36:47'),(104,101,'0,100,101','х╕ВхЬ║щГищЧи',2,'хвищЯ╡','15888888888','ry@qq.com','0','0','admin','2026-04-22 01:46:27','',NULL),(105,101,'0,100,101','ц╡ЛшпХщГищЧи',3,'хвищЯ╡','15888888888','ry@qq.com','0','0','admin','2026-04-22 01:46:27','',NULL),(106,101,'0,100,101','ш┤вхКбщГищЧи',4,'хвищЯ╡','15888888888','ry@qq.com','0','0','admin','2026-04-22 01:46:27','',NULL),(107,101,'0,100,101','ш┐Рч╗┤щГищЧи',5,'хвищЯ╡','15888888888','ry@qq.com','0','0','admin','2026-04-22 01:46:27','',NULL),(108,102,'0,100,102','х╕ВхЬ║щГищЧи',1,'хвищЯ╡','15888888888','ry@qq.com','0','0','admin','2026-04-22 01:46:27','',NULL),(109,102,'0,100,102','ш┤вхКбщГищЧи',2,'хвищЯ╡','15888888888','ry@qq.com','0','0','admin','2026-04-22 01:46:27','',NULL);
/*!40000 ALTER TABLE `sys_dept` ENABLE KEYS */;
UNLOCK TABLES;

--
-- Table structure for table `qrtz_paused_trigger_grps`
--

DROP TABLE IF EXISTS `qrtz_paused_trigger_grps`;
/*!40101 SET @saved_cs_client     = @@character_set_client */;
/*!50503 SET character_set_client = utf8mb4 */;
CREATE TABLE `qrtz_paused_trigger_grps` (
  `sched_name` varchar(120) COLLATE utf8mb4_unicode_ci NOT NULL COMMENT 'ш░Гх║жхРНчз░',
  `trigger_group` varchar(200) COLLATE utf8mb4_unicode_ci NOT NULL COMMENT 'qrtz_triggersшбиtrigger_groupчЪДхдЦщФо',
  PRIMARY KEY (`sched_name`,`trigger_group`)
) ENGINE=InnoDB DEFAULT CHARSET=utf8mb4 COLLATE=utf8mb4_unicode_ci COMMENT='цЪВхБЬчЪДшзжхПСхЩишби';
/*!40101 SET character_set_client = @saved_cs_client */;

--
-- Dumping data for table `qrtz_paused_trigger_grps`
--

LOCK TABLES `qrtz_paused_trigger_grps` WRITE;
/*!40000 ALTER TABLE `qrtz_paused_trigger_grps` DISABLE KEYS */;
/*!40000 ALTER TABLE `qrtz_paused_trigger_grps` ENABLE KEYS */;
UNLOCK TABLES;

--
-- Table structure for table `act_app_deployment`
--

DROP TABLE IF EXISTS `act_app_deployment`;
/*!40101 SET @saved_cs_client     = @@character_set_client */;
/*!50503 SET character_set_client = utf8mb4 */;
CREATE TABLE `act_app_deployment` (
  `ID_` varchar(255) COLLATE utf8mb4_unicode_ci NOT NULL,
  `NAME_` varchar(255) COLLATE utf8mb4_unicode_ci DEFAULT NULL,
  `CATEGORY_` varchar(255) COLLATE utf8mb4_unicode_ci DEFAULT NULL,
  `KEY_` varchar(255) COLLATE utf8mb4_unicode_ci DEFAULT NULL,
  `DEPLOY_TIME_` datetime(3) DEFAULT NULL,
  `TENANT_ID_` varchar(255) COLLATE utf8mb4_unicode_ci DEFAULT '',
  PRIMARY KEY (`ID_`)
) ENGINE=InnoDB DEFAULT CHARSET=utf8mb4 COLLATE=utf8mb4_unicode_ci;
/*!40101 SET character_set_client = @saved_cs_client */;

--
-- Dumping data for table `act_app_deployment`
--

LOCK TABLES `act_app_deployment` WRITE;
/*!40000 ALTER TABLE `act_app_deployment` DISABLE KEYS */;
/*!40000 ALTER TABLE `act_app_deployment` ENABLE KEYS */;
UNLOCK TABLES;

--
-- Table structure for table `act_evt_log`
--

DROP TABLE IF EXISTS `act_evt_log`;
/*!40101 SET @saved_cs_client     = @@character_set_client */;
/*!50503 SET character_set_client = utf8mb4 */;
CREATE TABLE `act_evt_log` (
  `LOG_NR_` bigint NOT NULL AUTO_INCREMENT,
  `TYPE_` varchar(64) COLLATE utf8mb3_bin DEFAULT NULL,
  `PROC_DEF_ID_` varchar(64) COLLATE utf8mb3_bin DEFAULT NULL,
  `PROC_INST_ID_` varchar(64) COLLATE utf8mb3_bin DEFAULT NULL,
  `EXECUTION_ID_` varchar(64) COLLATE utf8mb3_bin DEFAULT NULL,
  `TASK_ID_` varchar(64) COLLATE utf8mb3_bin DEFAULT NULL,
  `TIME_STAMP_` timestamp(3) NOT NULL DEFAULT CURRENT_TIMESTAMP(3),
  `USER_ID_` varchar(255) COLLATE utf8mb3_bin DEFAULT NULL,
  `DATA_` longblob,
  `LOCK_OWNER_` varchar(255) COLLATE utf8mb3_bin DEFAULT NULL,
  `LOCK_TIME_` timestamp(3) NULL DEFAULT NULL,
  `IS_PROCESSED_` tinyint DEFAULT '0',
  PRIMARY KEY (`LOG_NR_`)
) ENGINE=InnoDB DEFAULT CHARSET=utf8mb3 COLLATE=utf8mb3_bin;
/*!40101 SET character_set_client = @saved_cs_client */;

--
-- Dumping data for table `act_evt_log`
--

LOCK TABLES `act_evt_log` WRITE;
/*!40000 ALTER TABLE `act_evt_log` DISABLE KEYS */;
/*!40000 ALTER TABLE `act_evt_log` ENABLE KEYS */;
UNLOCK TABLES;

--
-- Table structure for table `sys_deploy_form`
--

DROP TABLE IF EXISTS `sys_deploy_form`;
/*!40101 SET @saved_cs_client     = @@character_set_client */;
/*!50503 SET character_set_client = utf8mb4 */;
CREATE TABLE `sys_deploy_form` (
  `id` bigint NOT NULL AUTO_INCREMENT COMMENT 'ф╕╗щФо',
  `form_id` bigint DEFAULT NULL COMMENT 'шбихНХф╕╗щФо',
  `deploy_id` varchar(50) DEFAULT NULL COMMENT 'ц╡БчиЛхоЮф╛Лф╕╗щФо',
  PRIMARY KEY (`id`),
  KEY `idx_sys_deploy_form_form` (`form_id`),
  KEY `idx_sys_deploy_form_deploy` (`deploy_id`)
) ENGINE=InnoDB DEFAULT CHARSET=utf8mb4 COLLATE=utf8mb4_0900_ai_ci COMMENT='ц╡БчиЛхоЮф╛ЛхЕ│шБФшбихНХ';
/*!40101 SET character_set_client = @saved_cs_client */;

--
-- Dumping data for table `sys_deploy_form`
--

LOCK TABLES `sys_deploy_form` WRITE;
/*!40000 ALTER TABLE `sys_deploy_form` DISABLE KEYS */;
/*!40000 ALTER TABLE `sys_deploy_form` ENABLE KEYS */;
UNLOCK TABLES;

--
-- Table structure for table `sys_dict_data`
--

DROP TABLE IF EXISTS `sys_dict_data`;
/*!40101 SET @saved_cs_client     = @@character_set_client */;
/*!50503 SET character_set_client = utf8mb4 */;
CREATE TABLE `sys_dict_data` (
  `dict_code` bigint NOT NULL AUTO_INCREMENT COMMENT 'хнЧхЕ╕ч╝ЦчаБ',
  `dict_sort` int DEFAULT '0' COMMENT 'хнЧхЕ╕цОТх║П',
  `dict_label` varchar(100) COLLATE utf8mb4_unicode_ci DEFAULT '' COMMENT 'хнЧхЕ╕цаЗчн╛',
  `dict_value` varchar(100) COLLATE utf8mb4_unicode_ci DEFAULT '' COMMENT 'хнЧхЕ╕щФохА╝',
  `dict_type` varchar(100) COLLATE utf8mb4_unicode_ci DEFAULT '' COMMENT 'хнЧхЕ╕ч▒╗хЮЛ',
  `css_class` varchar(100) COLLATE utf8mb4_unicode_ci DEFAULT NULL COMMENT 'ца╖х╝Пх▒ЮцАзя╝ИхЕ╢ф╗Цца╖х╝ПцЙйх▒Хя╝Й',
  `list_class` varchar(100) COLLATE utf8mb4_unicode_ci DEFAULT NULL COMMENT 'шбица╝хЫЮцШ╛ца╖х╝П',
  `is_default` char(1) COLLATE utf8mb4_unicode_ci DEFAULT 'N' COMMENT 'цШпхРжщ╗Шшодя╝ИYцШп NхРжя╝Й',
  `status` char(1) COLLATE utf8mb4_unicode_ci DEFAULT '0' COMMENT 'чК╢цАБя╝И0цнгх╕╕ 1хБЬчФия╝Й',
  `create_by` varchar(64) COLLATE utf8mb4_unicode_ci DEFAULT '' COMMENT 'хИЫх╗║шАЕ',
  `create_time` datetime DEFAULT NULL COMMENT 'хИЫх╗║цЧ╢щЧ┤',
  `update_by` varchar(64) COLLATE utf8mb4_unicode_ci DEFAULT '' COMMENT 'цЫ┤цЦ░шАЕ',
  `update_time` datetime DEFAULT NULL COMMENT 'цЫ┤цЦ░цЧ╢щЧ┤',
  `remark` varchar(500) COLLATE utf8mb4_unicode_ci DEFAULT NULL COMMENT 'хдЗц│и',
  PRIMARY KEY (`dict_code`),
  KEY `idx_sys_dict_data_type` (`dict_type`)
) ENGINE=InnoDB AUTO_INCREMENT=109 DEFAULT CHARSET=utf8mb4 COLLATE=utf8mb4_unicode_ci COMMENT='хнЧхЕ╕цХ░цНошби';
/*!40101 SET character_set_client = @saved_cs_client */;

--
-- Dumping data for table `sys_dict_data`
--

LOCK TABLES `sys_dict_data` WRITE;
/*!40000 ALTER TABLE `sys_dict_data` DISABLE KEYS */;
INSERT INTO `sys_dict_data` VALUES (1,1,'чФ╖','0','sys_user_sex','','','Y','0','admin','2026-04-22 01:46:29','',NULL,'цАзхИлчФ╖'),(2,2,'хе│','1','sys_user_sex','','','N','0','admin','2026-04-22 01:46:29','',NULL,'цАзхИлхе│'),(3,3,'цЬкчЯе','2','sys_user_sex','','','N','0','admin','2026-04-22 01:46:29','',NULL,'цАзхИлцЬкчЯе'),(4,1,'цШ╛чд║','0','sys_show_hide','','primary','Y','0','admin','2026-04-22 01:46:29','',NULL,'цШ╛чд║шПЬхНХ'),(5,2,'щЪРшЧП','1','sys_show_hide','','danger','N','0','admin','2026-04-22 01:46:29','',NULL,'щЪРшЧПшПЬхНХ'),(6,1,'цнгх╕╕','0','sys_normal_disable','','primary','Y','0','admin','2026-04-22 01:46:29','',NULL,'цнгх╕╕чК╢цАБ'),(7,2,'хБЬчФи','1','sys_normal_disable','','danger','N','0','admin','2026-04-22 01:46:29','',NULL,'хБЬчФичК╢цАБ'),(8,1,'цнгх╕╕','0','sys_job_status','','primary','Y','0','admin','2026-04-22 01:46:29','',NULL,'цнгх╕╕чК╢цАБ'),(9,2,'цЪВхБЬ','1','sys_job_status','','danger','N','0','admin','2026-04-22 01:46:29','',NULL,'хБЬчФичК╢цАБ'),(10,1,'щ╗Шшод','DEFAULT','sys_job_group','','','Y','0','admin','2026-04-22 01:46:29','',NULL,'щ╗ШшодхИЖч╗Д'),(11,2,'ч│╗ч╗Я','SYSTEM','sys_job_group','','','N','0','admin','2026-04-22 01:46:29','',NULL,'ч│╗ч╗ЯхИЖч╗Д'),(12,1,'цШп','Y','sys_yes_no','','primary','Y','0','admin','2026-04-22 01:46:29','',NULL,'ч│╗ч╗Ящ╗ШшодцШп'),(13,2,'хРж','N','sys_yes_no','','danger','N','0','admin','2026-04-22 01:46:29','',NULL,'ч│╗ч╗Ящ╗ШшодхРж'),(14,1,'щАЪчЯе','1','sys_notice_type','','warning','Y','0','admin','2026-04-22 01:46:29','',NULL,'щАЪчЯе'),(15,2,'хЕмхСК','2','sys_notice_type','','success','N','0','admin','2026-04-22 01:46:29','',NULL,'хЕмхСК'),(16,1,'цнгх╕╕','0','sys_notice_status','','primary','Y','0','admin','2026-04-22 01:46:29','',NULL,'цнгх╕╕чК╢цАБ'),(17,2,'хЕ│щЧн','1','sys_notice_status','','danger','N','0','admin','2026-04-22 01:46:29','',NULL,'хЕ│щЧнчК╢цАБ'),(18,99,'хЕ╢ф╗Ц','0','sys_oper_type','','info','N','0','admin','2026-04-22 01:46:29','',NULL,'хЕ╢ф╗ЦцУНф╜Ь'),(19,1,'цЦ░хвЮ','1','sys_oper_type','','info','N','0','admin','2026-04-22 01:46:29','',NULL,'цЦ░хвЮцУНф╜Ь'),(20,2,'ф┐оцФ╣','2','sys_oper_type','','info','N','0','admin','2026-04-22 01:46:29','',NULL,'ф┐оцФ╣цУНф╜Ь'),(21,3,'хИащЩд','3','sys_oper_type','','danger','N','0','admin','2026-04-22 01:46:29','',NULL,'хИащЩдцУНф╜Ь'),(22,4,'цОИцЭГ','4','sys_oper_type','','primary','N','0','admin','2026-04-22 01:46:29','',NULL,'цОИцЭГцУНф╜Ь'),(23,5,'хп╝хЗ║','5','sys_oper_type','','warning','N','0','admin','2026-04-22 01:46:29','',NULL,'хп╝хЗ║цУНф╜Ь'),(24,6,'хп╝хЕе','6','sys_oper_type','','warning','N','0','admin','2026-04-22 01:46:29','',NULL,'хп╝хЕецУНф╜Ь'),(25,7,'х╝║щАА','7','sys_oper_type','','danger','N','0','admin','2026-04-22 01:46:29','',NULL,'х╝║щААцУНф╜Ь'),(26,8,'чФЯцИРф╗гчаБ','8','sys_oper_type','','warning','N','0','admin','2026-04-22 01:46:29','',NULL,'чФЯцИРцУНф╜Ь'),(27,9,'ц╕Ечй║цХ░цНо','9','sys_oper_type','','danger','N','0','admin','2026-04-22 01:46:29','',NULL,'ц╕Ечй║цУНф╜Ь'),(28,1,'цИРхКЯ','0','sys_common_status','','primary','N','0','admin','2026-04-22 01:46:29','',NULL,'цнгх╕╕чК╢цАБ'),(29,2,'хд▒ш┤е','1','sys_common_status','','danger','N','0','admin','2026-04-22 01:46:29','',NULL,'хБЬчФичК╢цАБ'),(100,0,'ч│╗ч╗ЯцМЗхоЪ','fixed','exp_data_type',NULL,'default','N','0','admin','2026-04-22 01:46:52','',NULL,NULL),(101,1,'хКицАБщАЙцЛй','dynamic','exp_data_type',NULL,'default','N','0','admin','2026-04-22 01:46:52','',NULL,NULL),(102,0,'ф╗╗хКбчЫСхРм','1','sys_listener_type',NULL,'default','N','0','admin','2026-04-22 01:46:52','',NULL,NULL),(103,2,'цЙзшбМчЫСхРм','2','sys_listener_type',NULL,'default','N','0','admin','2026-04-22 01:46:52','',NULL,NULL),(104,0,'JAVAч▒╗','classListener','sys_listener_value_type',NULL,'default','N','0','admin','2026-04-22 01:46:52','',NULL,NULL),(105,1,'шбиш╛╛х╝П','expressionListener','sys_listener_value_type',NULL,'default','N','0','admin','2026-04-22 01:46:52','',NULL,NULL),(106,2,'ф╗гчРЖшбиш╛╛х╝П','delegateExpressionListener','sys_listener_value_type',NULL,'default','N','0','admin','2026-04-22 01:46:52','',NULL,NULL),(107,0,'шп╖хБЗ','leave','sys_process_category',NULL,'default','N','0','admin','2026-04-22 01:46:52','',NULL,NULL),(108,1,'цКещФА','expense','sys_process_category',NULL,'default','N','0','admin','2026-04-22 01:46:52','',NULL,NULL);
/*!40000 ALTER TABLE `sys_dict_data` ENABLE KEYS */;
UNLOCK TABLES;

--
-- Table structure for table `qrtz_blob_triggers`
--

DROP TABLE IF EXISTS `qrtz_blob_triggers`;
/*!40101 SET @saved_cs_client     = @@character_set_client */;
/*!50503 SET character_set_client = utf8mb4 */;
CREATE TABLE `qrtz_blob_triggers` (
  `sched_name` varchar(120) COLLATE utf8mb4_unicode_ci NOT NULL COMMENT 'ш░Гх║жхРНчз░',
  `trigger_name` varchar(200) COLLATE utf8mb4_unicode_ci NOT NULL COMMENT 'qrtz_triggersшбиtrigger_nameчЪДхдЦщФо',
  `trigger_group` varchar(200) COLLATE utf8mb4_unicode_ci NOT NULL COMMENT 'qrtz_triggersшбиtrigger_groupчЪДхдЦщФо',
  `blob_data` blob COMMENT 'хнШцФ╛цМБф╣ЕхМЦTriggerхп╣ш▒б',
  PRIMARY KEY (`sched_name`,`trigger_name`,`trigger_group`)
) ENGINE=InnoDB DEFAULT CHARSET=utf8mb4 COLLATE=utf8mb4_unicode_ci COMMENT='Blobч▒╗хЮЛчЪДшзжхПСхЩишби';
/*!40101 SET character_set_client = @saved_cs_client */;

--
-- Dumping data for table `qrtz_blob_triggers`
--

LOCK TABLES `qrtz_blob_triggers` WRITE;
/*!40000 ALTER TABLE `qrtz_blob_triggers` DISABLE KEYS */;
/*!40000 ALTER TABLE `qrtz_blob_triggers` ENABLE KEYS */;
UNLOCK TABLES;

--
-- Table structure for table `sys_user_role`
--

DROP TABLE IF EXISTS `sys_user_role`;
/*!40101 SET @saved_cs_client     = @@character_set_client */;
/*!50503 SET character_set_client = utf8mb4 */;
CREATE TABLE `sys_user_role` (
  `user_id` bigint NOT NULL COMMENT 'чФицИ╖ID',
  `role_id` bigint NOT NULL COMMENT 'шзТшЙ▓ID',
  PRIMARY KEY (`user_id`,`role_id`),
  KEY `idx_sys_user_role_user` (`user_id`),
  KEY `idx_sys_user_role_role` (`role_id`)
) ENGINE=InnoDB DEFAULT CHARSET=utf8mb4 COLLATE=utf8mb4_unicode_ci COMMENT='чФицИ╖хТМшзТшЙ▓хЕ│шБФшби';
/*!40101 SET character_set_client = @saved_cs_client */;

--
-- Dumping data for table `sys_user_role`
--

LOCK TABLES `sys_user_role` WRITE;
/*!40000 ALTER TABLE `sys_user_role` DISABLE KEYS */;
INSERT INTO `sys_user_role` VALUES (1,1),(2,2);
/*!40000 ALTER TABLE `sys_user_role` ENABLE KEYS */;
UNLOCK TABLES;

--
-- Table structure for table `qrtz_locks`
--

DROP TABLE IF EXISTS `qrtz_locks`;
/*!40101 SET @saved_cs_client     = @@character_set_client */;
/*!50503 SET character_set_client = utf8mb4 */;
CREATE TABLE `qrtz_locks` (
  `sched_name` varchar(120) COLLATE utf8mb4_unicode_ci NOT NULL COMMENT 'ш░Гх║жхРНчз░',
  `lock_name` varchar(40) COLLATE utf8mb4_unicode_ci NOT NULL COMMENT 'цВ▓шзВщФБхРНчз░',
  PRIMARY KEY (`sched_name`,`lock_name`)
) ENGINE=InnoDB DEFAULT CHARSET=utf8mb4 COLLATE=utf8mb4_unicode_ci COMMENT='хнШхВичЪДцВ▓шзВщФБф┐бцБпшби';
/*!40101 SET character_set_client = @saved_cs_client */;

--
-- Dumping data for table `qrtz_locks`
--

LOCK TABLES `qrtz_locks` WRITE;
/*!40000 ALTER TABLE `qrtz_locks` DISABLE KEYS */;
/*!40000 ALTER TABLE `qrtz_locks` ENABLE KEYS */;
UNLOCK TABLES;

--
-- Table structure for table `admin_users`
--

DROP TABLE IF EXISTS `admin_users`;
/*!40101 SET @saved_cs_client     = @@character_set_client */;
/*!50503 SET character_set_client = utf8mb4 */;
CREATE TABLE `admin_users` (
  `id` varchar(32) COLLATE utf8mb4_unicode_ci NOT NULL COMMENT 'чобчРЖхСШID',
  `username` varchar(50) COLLATE utf8mb4_unicode_ci NOT NULL COMMENT 'чФицИ╖хРН',
  `password_hash` varchar(255) COLLATE utf8mb4_unicode_ci NOT NULL COMMENT 'хпЖчаБхУИх╕М',
  `real_name` varchar(50) COLLATE utf8mb4_unicode_ci DEFAULT NULL COMMENT 'чЬЯхоЮхзУхРН',
  `role` varchar(50) COLLATE utf8mb4_unicode_ci NOT NULL COMMENT 'шзТшЙ▓',
  `permissions` json DEFAULT NULL COMMENT 'цЭГщЩРхИЧшби',
  `email` varchar(100) COLLATE utf8mb4_unicode_ci DEFAULT NULL COMMENT 'щВочо▒',
  `phone` varchar(20) COLLATE utf8mb4_unicode_ci DEFAULT NULL COMMENT 'цЙЛцЬ║хП╖',
  `avatar` varchar(255) COLLATE utf8mb4_unicode_ci DEFAULT NULL COMMENT 'хд┤хГП',
  `last_login_time` datetime DEFAULT NULL COMMENT 'цЬАхРОчЩ╗х╜ХцЧ╢щЧ┤',
  `last_login_ip` varchar(50) COLLATE utf8mb4_unicode_ci DEFAULT NULL COMMENT 'цЬАхРОчЩ╗х╜ХIP',
  `status` tinyint DEFAULT '1' COMMENT 'чК╢цАБ: 0-чжБчФи 1-цнгх╕╕',
  `created_at` datetime DEFAULT CURRENT_TIMESTAMP COMMENT 'хИЫх╗║цЧ╢щЧ┤',
  `updated_at` datetime DEFAULT CURRENT_TIMESTAMP ON UPDATE CURRENT_TIMESTAMP COMMENT 'цЫ┤цЦ░цЧ╢щЧ┤',
  PRIMARY KEY (`id`),
  UNIQUE KEY `uk_username` (`username`),
  KEY `idx_role` (`role`),
  KEY `idx_status` (`status`)
) ENGINE=InnoDB DEFAULT CHARSET=utf8mb4 COLLATE=utf8mb4_unicode_ci COMMENT='чобчРЖхСШшби';
/*!40101 SET character_set_client = @saved_cs_client */;

--
-- Dumping data for table `admin_users`
--

LOCK TABLES `admin_users` WRITE;
/*!40000 ALTER TABLE `admin_users` DISABLE KEYS */;
INSERT INTO `admin_users` VALUES ('4ebf61dd208411f1b6208c1645e938b5','admin','$2a$10$4N0x.xQyQzQzQzQzQzQzQzQzQzQzQzQzQzQzQzQzQzQzQzQzQzQzQ','ч│╗ч╗ЯчобчРЖхСШ','SUPER_ADMIN','[\"user:manage\", \"order:audit\", \"system:config\"]','admin@fortune.com','19987671567',NULL,NULL,NULL,1,'2026-03-15 23:33:25','2026-03-16 09:30:10');
/*!40000 ALTER TABLE `admin_users` ENABLE KEYS */;
UNLOCK TABLES;

--
-- Table structure for table `act_ru_suspended_job`
--

DROP TABLE IF EXISTS `act_ru_suspended_job`;
/*!40101 SET @saved_cs_client     = @@character_set_client */;
/*!50503 SET character_set_client = utf8mb4 */;
CREATE TABLE `act_ru_suspended_job` (
  `ID_` varchar(64) COLLATE utf8mb3_bin NOT NULL,
  `REV_` int DEFAULT NULL,
  `CATEGORY_` varchar(255) COLLATE utf8mb3_bin DEFAULT NULL,
  `TYPE_` varchar(255) COLLATE utf8mb3_bin NOT NULL,
  `EXCLUSIVE_` tinyint(1) DEFAULT NULL,
  `EXECUTION_ID_` varchar(64) COLLATE utf8mb3_bin DEFAULT NULL,
  `PROCESS_INSTANCE_ID_` varchar(64) COLLATE utf8mb3_bin DEFAULT NULL,
  `PROC_DEF_ID_` varchar(64) COLLATE utf8mb3_bin DEFAULT NULL,
  `ELEMENT_ID_` varchar(255) COLLATE utf8mb3_bin DEFAULT NULL,
  `ELEMENT_NAME_` varchar(255) COLLATE utf8mb3_bin DEFAULT NULL,
  `SCOPE_ID_` varchar(255) COLLATE utf8mb3_bin DEFAULT NULL,
  `SUB_SCOPE_ID_` varchar(255) COLLATE utf8mb3_bin DEFAULT NULL,
  `SCOPE_TYPE_` varchar(255) COLLATE utf8mb3_bin DEFAULT NULL,
  `SCOPE_DEFINITION_ID_` varchar(255) COLLATE utf8mb3_bin DEFAULT NULL,
  `CORRELATION_ID_` varchar(255) COLLATE utf8mb3_bin DEFAULT NULL,
  `RETRIES_` int DEFAULT NULL,
  `EXCEPTION_STACK_ID_` varchar(64) COLLATE utf8mb3_bin DEFAULT NULL,
  `EXCEPTION_MSG_` varchar(4000) COLLATE utf8mb3_bin DEFAULT NULL,
  `DUEDATE_` timestamp(3) NULL DEFAULT NULL,
  `REPEAT_` varchar(255) COLLATE utf8mb3_bin DEFAULT NULL,
  `HANDLER_TYPE_` varchar(255) COLLATE utf8mb3_bin DEFAULT NULL,
  `HANDLER_CFG_` varchar(4000) COLLATE utf8mb3_bin DEFAULT NULL,
  `CUSTOM_VALUES_ID_` varchar(64) COLLATE utf8mb3_bin DEFAULT NULL,
  `CREATE_TIME_` timestamp(3) NULL DEFAULT NULL,
  `TENANT_ID_` varchar(255) COLLATE utf8mb3_bin DEFAULT '',
  PRIMARY KEY (`ID_`),
  KEY `ACT_IDX_SUSPENDED_JOB_EXCEPTION_STACK_ID` (`EXCEPTION_STACK_ID_`),
  KEY `ACT_IDX_SUSPENDED_JOB_CUSTOM_VALUES_ID` (`CUSTOM_VALUES_ID_`),
  KEY `ACT_IDX_SUSPENDED_JOB_CORRELATION_ID` (`CORRELATION_ID_`),
  KEY `ACT_IDX_SJOB_SCOPE` (`SCOPE_ID_`,`SCOPE_TYPE_`),
  KEY `ACT_IDX_SJOB_SUB_SCOPE` (`SUB_SCOPE_ID_`,`SCOPE_TYPE_`),
  KEY `ACT_IDX_SJOB_SCOPE_DEF` (`SCOPE_DEFINITION_ID_`,`SCOPE_TYPE_`),
  KEY `ACT_FK_SUSPENDED_JOB_EXECUTION` (`EXECUTION_ID_`),
  KEY `ACT_FK_SUSPENDED_JOB_PROCESS_INSTANCE` (`PROCESS_INSTANCE_ID_`),
  KEY `ACT_FK_SUSPENDED_JOB_PROC_DEF` (`PROC_DEF_ID_`),
  CONSTRAINT `ACT_FK_SUSPENDED_JOB_CUSTOM_VALUES` FOREIGN KEY (`CUSTOM_VALUES_ID_`) REFERENCES `act_ge_bytearray` (`ID_`),
  CONSTRAINT `ACT_FK_SUSPENDED_JOB_EXCEPTION` FOREIGN KEY (`EXCEPTION_STACK_ID_`) REFERENCES `act_ge_bytearray` (`ID_`),
  CONSTRAINT `ACT_FK_SUSPENDED_JOB_EXECUTION` FOREIGN KEY (`EXECUTION_ID_`) REFERENCES `act_ru_execution` (`ID_`),
  CONSTRAINT `ACT_FK_SUSPENDED_JOB_PROC_DEF` FOREIGN KEY (`PROC_DEF_ID_`) REFERENCES `act_re_procdef` (`ID_`),
  CONSTRAINT `ACT_FK_SUSPENDED_JOB_PROCESS_INSTANCE` FOREIGN KEY (`PROCESS_INSTANCE_ID_`) REFERENCES `act_ru_execution` (`ID_`)
) ENGINE=InnoDB DEFAULT CHARSET=utf8mb3 COLLATE=utf8mb3_bin;
/*!40101 SET character_set_client = @saved_cs_client */;

--
-- Dumping data for table `act_ru_suspended_job`
--

LOCK TABLES `act_ru_suspended_job` WRITE;
/*!40000 ALTER TABLE `act_ru_suspended_job` DISABLE KEYS */;
/*!40000 ALTER TABLE `act_ru_suspended_job` ENABLE KEYS */;
UNLOCK TABLES;

--
-- Table structure for table `act_cmmn_ru_sentry_part_inst`
--

DROP TABLE IF EXISTS `act_cmmn_ru_sentry_part_inst`;
/*!40101 SET @saved_cs_client     = @@character_set_client */;
/*!50503 SET character_set_client = utf8mb4 */;
CREATE TABLE `act_cmmn_ru_sentry_part_inst` (
  `ID_` varchar(255) COLLATE utf8mb4_unicode_ci NOT NULL,
  `REV_` int NOT NULL,
  `CASE_DEF_ID_` varchar(255) COLLATE utf8mb4_unicode_ci DEFAULT NULL,
  `CASE_INST_ID_` varchar(255) COLLATE utf8mb4_unicode_ci DEFAULT NULL,
  `PLAN_ITEM_INST_ID_` varchar(255) COLLATE utf8mb4_unicode_ci DEFAULT NULL,
  `ON_PART_ID_` varchar(255) COLLATE utf8mb4_unicode_ci DEFAULT NULL,
  `IF_PART_ID_` varchar(255) COLLATE utf8mb4_unicode_ci DEFAULT NULL,
  `TIME_STAMP_` datetime(3) DEFAULT NULL,
  PRIMARY KEY (`ID_`),
  KEY `ACT_IDX_SENTRY_CASE_DEF` (`CASE_DEF_ID_`),
  KEY `ACT_IDX_SENTRY_CASE_INST` (`CASE_INST_ID_`),
  KEY `ACT_IDX_SENTRY_PLAN_ITEM` (`PLAN_ITEM_INST_ID_`),
  CONSTRAINT `ACT_FK_SENTRY_CASE_DEF` FOREIGN KEY (`CASE_DEF_ID_`) REFERENCES `act_cmmn_casedef` (`ID_`),
  CONSTRAINT `ACT_FK_SENTRY_CASE_INST` FOREIGN KEY (`CASE_INST_ID_`) REFERENCES `act_cmmn_ru_case_inst` (`ID_`),
  CONSTRAINT `ACT_FK_SENTRY_PLAN_ITEM` FOREIGN KEY (`PLAN_ITEM_INST_ID_`) REFERENCES `act_cmmn_ru_plan_item_inst` (`ID_`)
) ENGINE=InnoDB DEFAULT CHARSET=utf8mb4 COLLATE=utf8mb4_unicode_ci;
/*!40101 SET character_set_client = @saved_cs_client */;

--
-- Dumping data for table `act_cmmn_ru_sentry_part_inst`
--

LOCK TABLES `act_cmmn_ru_sentry_part_inst` WRITE;
/*!40000 ALTER TABLE `act_cmmn_ru_sentry_part_inst` DISABLE KEYS */;
/*!40000 ALTER TABLE `act_cmmn_ru_sentry_part_inst` ENABLE KEYS */;
UNLOCK TABLES;

--
-- Table structure for table `act_ru_execution`
--

DROP TABLE IF EXISTS `act_ru_execution`;
/*!40101 SET @saved_cs_client     = @@character_set_client */;
/*!50503 SET character_set_client = utf8mb4 */;
CREATE TABLE `act_ru_execution` (
  `ID_` varchar(64) COLLATE utf8mb3_bin NOT NULL,
  `REV_` int DEFAULT NULL,
  `PROC_INST_ID_` varchar(64) COLLATE utf8mb3_bin DEFAULT NULL,
  `BUSINESS_KEY_` varchar(255) COLLATE utf8mb3_bin DEFAULT NULL,
  `PARENT_ID_` varchar(64) COLLATE utf8mb3_bin DEFAULT NULL,
  `PROC_DEF_ID_` varchar(64) COLLATE utf8mb3_bin DEFAULT NULL,
  `SUPER_EXEC_` varchar(64) COLLATE utf8mb3_bin DEFAULT NULL,
  `ROOT_PROC_INST_ID_` varchar(64) COLLATE utf8mb3_bin DEFAULT NULL,
  `ACT_ID_` varchar(255) COLLATE utf8mb3_bin DEFAULT NULL,
  `IS_ACTIVE_` tinyint DEFAULT NULL,
  `IS_CONCURRENT_` tinyint DEFAULT NULL,
  `IS_SCOPE_` tinyint DEFAULT NULL,
  `IS_EVENT_SCOPE_` tinyint DEFAULT NULL,
  `IS_MI_ROOT_` tinyint DEFAULT NULL,
  `SUSPENSION_STATE_` int DEFAULT NULL,
  `CACHED_ENT_STATE_` int DEFAULT NULL,
  `TENANT_ID_` varchar(255) COLLATE utf8mb3_bin DEFAULT '',
  `NAME_` varchar(255) COLLATE utf8mb3_bin DEFAULT NULL,
  `START_ACT_ID_` varchar(255) COLLATE utf8mb3_bin DEFAULT NULL,
  `START_TIME_` datetime(3) DEFAULT NULL,
  `START_USER_ID_` varchar(255) COLLATE utf8mb3_bin DEFAULT NULL,
  `LOCK_TIME_` timestamp(3) NULL DEFAULT NULL,
  `LOCK_OWNER_` varchar(255) COLLATE utf8mb3_bin DEFAULT NULL,
  `IS_COUNT_ENABLED_` tinyint DEFAULT NULL,
  `EVT_SUBSCR_COUNT_` int DEFAULT NULL,
  `TASK_COUNT_` int DEFAULT NULL,
  `JOB_COUNT_` int DEFAULT NULL,
  `TIMER_JOB_COUNT_` int DEFAULT NULL,
  `SUSP_JOB_COUNT_` int DEFAULT NULL,
  `DEADLETTER_JOB_COUNT_` int DEFAULT NULL,
  `EXTERNAL_WORKER_JOB_COUNT_` int DEFAULT NULL,
  `VAR_COUNT_` int DEFAULT NULL,
  `ID_LINK_COUNT_` int DEFAULT NULL,
  `CALLBACK_ID_` varchar(255) COLLATE utf8mb3_bin DEFAULT NULL,
  `CALLBACK_TYPE_` varchar(255) COLLATE utf8mb3_bin DEFAULT NULL,
  `REFERENCE_ID_` varchar(255) COLLATE utf8mb3_bin DEFAULT NULL,
  `REFERENCE_TYPE_` varchar(255) COLLATE utf8mb3_bin DEFAULT NULL,
  `PROPAGATED_STAGE_INST_ID_` varchar(255) COLLATE utf8mb3_bin DEFAULT NULL,
  `BUSINESS_STATUS_` varchar(255) COLLATE utf8mb3_bin DEFAULT NULL,
  PRIMARY KEY (`ID_`),
  KEY `ACT_IDX_EXEC_BUSKEY` (`BUSINESS_KEY_`),
  KEY `ACT_IDC_EXEC_ROOT` (`ROOT_PROC_INST_ID_`),
  KEY `ACT_IDX_EXEC_REF_ID_` (`REFERENCE_ID_`),
  KEY `ACT_FK_EXE_PROCINST` (`PROC_INST_ID_`),
  KEY `ACT_FK_EXE_PARENT` (`PARENT_ID_`),
  KEY `ACT_FK_EXE_SUPER` (`SUPER_EXEC_`),
  KEY `ACT_FK_EXE_PROCDEF` (`PROC_DEF_ID_`),
  CONSTRAINT `ACT_FK_EXE_PARENT` FOREIGN KEY (`PARENT_ID_`) REFERENCES `act_ru_execution` (`ID_`) ON DELETE CASCADE,
  CONSTRAINT `ACT_FK_EXE_PROCDEF` FOREIGN KEY (`PROC_DEF_ID_`) REFERENCES `act_re_procdef` (`ID_`),
  CONSTRAINT `ACT_FK_EXE_PROCINST` FOREIGN KEY (`PROC_INST_ID_`) REFERENCES `act_ru_execution` (`ID_`) ON DELETE CASCADE ON UPDATE CASCADE,
  CONSTRAINT `ACT_FK_EXE_SUPER` FOREIGN KEY (`SUPER_EXEC_`) REFERENCES `act_ru_execution` (`ID_`) ON DELETE CASCADE
) ENGINE=InnoDB DEFAULT CHARSET=utf8mb3 COLLATE=utf8mb3_bin;
/*!40101 SET character_set_client = @saved_cs_client */;

--
-- Dumping data for table `act_ru_execution`
--

LOCK TABLES `act_ru_execution` WRITE;
/*!40000 ALTER TABLE `act_ru_execution` DISABLE KEYS */;
INSERT INTO `act_ru_execution` VALUES ('8c95d0c7-3063-11f1-8e5a-8c1645e938b5',1,'8c95d0c7-3063-11f1-8e5a-8c1645e938b5',NULL,NULL,'flow_cl1udrgp:2:892713d7-305c-11f1-82b6-8c1645e938b5',NULL,'8c95d0c7-3063-11f1-8e5a-8c1645e938b5',NULL,1,0,1,0,0,1,NULL,'',NULL,'start_event','2026-04-05 04:19:14.372','1',NULL,NULL,1,0,0,0,0,0,0,0,0,0,NULL,NULL,NULL,NULL,NULL,NULL),('8c977e88-3063-11f1-8e5a-8c1645e938b5',2,'8c95d0c7-3063-11f1-8e5a-8c1645e938b5',NULL,'8c95d0c7-3063-11f1-8e5a-8c1645e938b5','flow_cl1udrgp:2:892713d7-305c-11f1-82b6-8c1645e938b5',NULL,'8c95d0c7-3063-11f1-8e5a-8c1645e938b5','Activity_0v17nhy',1,0,0,0,0,1,NULL,'',NULL,NULL,'2026-04-05 04:19:14.383',NULL,NULL,NULL,1,0,1,0,0,0,0,0,0,0,NULL,NULL,NULL,NULL,NULL,NULL),('8ce1f519-3063-11f1-8e5a-8c1645e938b5',1,'8ce1f519-3063-11f1-8e5a-8c1645e938b5',NULL,NULL,'flow_cl1udrgp:2:892713d7-305c-11f1-82b6-8c1645e938b5',NULL,'8ce1f519-3063-11f1-8e5a-8c1645e938b5',NULL,1,0,1,0,0,1,NULL,'',NULL,'start_event','2026-04-05 04:19:14.871','1',NULL,NULL,1,0,0,0,0,0,0,0,0,0,NULL,NULL,NULL,NULL,NULL,NULL),('8ce21c3a-3063-11f1-8e5a-8c1645e938b5',2,'8ce1f519-3063-11f1-8e5a-8c1645e938b5',NULL,'8ce1f519-3063-11f1-8e5a-8c1645e938b5','flow_cl1udrgp:2:892713d7-305c-11f1-82b6-8c1645e938b5',NULL,'8ce1f519-3063-11f1-8e5a-8c1645e938b5','Activity_0v17nhy',1,0,0,0,0,1,NULL,'',NULL,NULL,'2026-04-05 04:19:14.872',NULL,NULL,NULL,1,0,1,0,0,0,0,0,0,0,NULL,NULL,NULL,NULL,NULL,NULL);
/*!40000 ALTER TABLE `act_ru_execution` ENABLE KEYS */;
UNLOCK TABLES;

--
-- Table structure for table `act_dmn_deployment_resource`
--

DROP TABLE IF EXISTS `act_dmn_deployment_resource`;
/*!40101 SET @saved_cs_client     = @@character_set_client */;
/*!50503 SET character_set_client = utf8mb4 */;
CREATE TABLE `act_dmn_deployment_resource` (
  `ID_` varchar(255) COLLATE utf8mb4_unicode_ci NOT NULL,
  `NAME_` varchar(255) COLLATE utf8mb4_unicode_ci DEFAULT NULL,
  `DEPLOYMENT_ID_` varchar(255) COLLATE utf8mb4_unicode_ci DEFAULT NULL,
  `RESOURCE_BYTES_` longblob,
  PRIMARY KEY (`ID_`)
) ENGINE=InnoDB DEFAULT CHARSET=utf8mb4 COLLATE=utf8mb4_unicode_ci;
/*!40101 SET character_set_client = @saved_cs_client */;

--
-- Dumping data for table `act_dmn_deployment_resource`
--

LOCK TABLES `act_dmn_deployment_resource` WRITE;
/*!40000 ALTER TABLE `act_dmn_deployment_resource` DISABLE KEYS */;
/*!40000 ALTER TABLE `act_dmn_deployment_resource` ENABLE KEYS */;
UNLOCK TABLES;

--
-- Table structure for table `sys_job_log`
--

DROP TABLE IF EXISTS `sys_job_log`;
/*!40101 SET @saved_cs_client     = @@character_set_client */;
/*!50503 SET character_set_client = utf8mb4 */;
CREATE TABLE `sys_job_log` (
  `job_log_id` bigint NOT NULL AUTO_INCREMENT COMMENT 'ф╗╗хКбцЧех┐ЧID',
  `job_name` varchar(64) COLLATE utf8mb4_unicode_ci NOT NULL COMMENT 'ф╗╗хКбхРНчз░',
  `job_group` varchar(64) COLLATE utf8mb4_unicode_ci NOT NULL COMMENT 'ф╗╗хКбч╗ДхРН',
  `invoke_target` varchar(500) COLLATE utf8mb4_unicode_ci NOT NULL COMMENT 'ш░ГчФичЫоцаЗхнЧчмжф╕▓',
  `job_message` varchar(500) COLLATE utf8mb4_unicode_ci DEFAULT NULL COMMENT 'цЧех┐Чф┐бцБп',
  `status` char(1) COLLATE utf8mb4_unicode_ci DEFAULT '0' COMMENT 'цЙзшбМчК╢цАБя╝И0цнгх╕╕ 1хд▒ш┤ея╝Й',
  `exception_info` varchar(2000) COLLATE utf8mb4_unicode_ci DEFAULT '' COMMENT 'х╝Вх╕╕ф┐бцБп',
  `create_time` datetime DEFAULT NULL COMMENT 'хИЫх╗║цЧ╢щЧ┤',
  PRIMARY KEY (`job_log_id`),
  KEY `idx_sys_job_log_create` (`create_time`)
) ENGINE=InnoDB DEFAULT CHARSET=utf8mb4 COLLATE=utf8mb4_unicode_ci COMMENT='хоЪцЧ╢ф╗╗хКбш░Гх║жцЧех┐Чшби';
/*!40101 SET character_set_client = @saved_cs_client */;

--
-- Dumping data for table `sys_job_log`
--

LOCK TABLES `sys_job_log` WRITE;
/*!40000 ALTER TABLE `sys_job_log` DISABLE KEYS */;
/*!40000 ALTER TABLE `sys_job_log` ENABLE KEYS */;
UNLOCK TABLES;

--
-- Table structure for table `gen_table`
--

DROP TABLE IF EXISTS `gen_table`;
/*!40101 SET @saved_cs_client     = @@character_set_client */;
/*!50503 SET character_set_client = utf8mb4 */;
CREATE TABLE `gen_table` (
  `table_id` bigint NOT NULL AUTO_INCREMENT COMMENT 'ч╝ЦхП╖',
  `table_name` varchar(200) COLLATE utf8mb4_unicode_ci DEFAULT '' COMMENT 'шбихРНчз░',
  `table_comment` varchar(500) COLLATE utf8mb4_unicode_ci DEFAULT '' COMMENT 'шбицППш┐░',
  `sub_table_name` varchar(64) COLLATE utf8mb4_unicode_ci DEFAULT NULL COMMENT 'хЕ│шБФхнРшбичЪДшбихРН',
  `sub_table_fk_name` varchar(64) COLLATE utf8mb4_unicode_ci DEFAULT NULL COMMENT 'хнРшбихЕ│шБФчЪДхдЦщФохРН',
  `class_name` varchar(100) COLLATE utf8mb4_unicode_ci DEFAULT '' COMMENT 'хоЮф╜Уч▒╗хРНчз░',
  `tpl_category` varchar(200) COLLATE utf8mb4_unicode_ci DEFAULT 'crud' COMMENT 'ф╜┐чФичЪДцибцЭ┐я╝ИcrudхНХшбицУНф╜Ь treeцаСшбицУНф╜Ья╝Й',
  `tpl_web_type` varchar(30) COLLATE utf8mb4_unicode_ci DEFAULT '' COMMENT 'хЙНчлпцибцЭ┐ч▒╗хЮЛя╝Иelement-uiцибчЙИ element-plusцибчЙИя╝Й',
  `package_name` varchar(100) COLLATE utf8mb4_unicode_ci DEFAULT NULL COMMENT 'чФЯцИРхМЕш╖пх╛Д',
  `module_name` varchar(30) COLLATE utf8mb4_unicode_ci DEFAULT NULL COMMENT 'чФЯцИРцибхЭЧхРН',
  `business_name` varchar(30) COLLATE utf8mb4_unicode_ci DEFAULT NULL COMMENT 'чФЯцИРф╕ЪхКбхРН',
  `function_name` varchar(50) COLLATE utf8mb4_unicode_ci DEFAULT NULL COMMENT 'чФЯцИРхКЯшГ╜хРН',
  `function_author` varchar(50) COLLATE utf8mb4_unicode_ci DEFAULT NULL COMMENT 'чФЯцИРхКЯшГ╜ф╜ЬшАЕ',
  `gen_type` char(1) COLLATE utf8mb4_unicode_ci DEFAULT '0' COMMENT 'чФЯцИРф╗гчаБцЦ╣х╝Пя╝И0zipхОЛч╝йхМЕ 1шЗкхоЪф╣Йш╖пх╛Дя╝Й',
  `gen_path` varchar(200) COLLATE utf8mb4_unicode_ci DEFAULT '/' COMMENT 'чФЯцИРш╖пх╛Дя╝Иф╕Нхблщ╗Шшодщб╣чЫош╖пх╛Дя╝Й',
  `options` varchar(1000) COLLATE utf8mb4_unicode_ci DEFAULT NULL COMMENT 'хЕ╢хоГчФЯцИРщАЙщб╣',
  `create_by` varchar(64) COLLATE utf8mb4_unicode_ci DEFAULT '' COMMENT 'хИЫх╗║шАЕ',
  `create_time` datetime DEFAULT NULL COMMENT 'хИЫх╗║цЧ╢щЧ┤',
  `update_by` varchar(64) COLLATE utf8mb4_unicode_ci DEFAULT '' COMMENT 'цЫ┤цЦ░шАЕ',
  `update_time` datetime DEFAULT NULL COMMENT 'цЫ┤цЦ░цЧ╢щЧ┤',
  `remark` varchar(500) COLLATE utf8mb4_unicode_ci DEFAULT NULL COMMENT 'хдЗц│и',
  PRIMARY KEY (`table_id`)
) ENGINE=InnoDB DEFAULT CHARSET=utf8mb4 COLLATE=utf8mb4_unicode_ci COMMENT='ф╗гчаБчФЯцИРф╕ЪхКбшби';
/*!40101 SET character_set_client = @saved_cs_client */;

--
-- Dumping data for table `gen_table`
--

LOCK TABLES `gen_table` WRITE;
/*!40000 ALTER TABLE `gen_table` DISABLE KEYS */;
/*!40000 ALTER TABLE `gen_table` ENABLE KEYS */;
UNLOCK TABLES;

--
-- Table structure for table `sys_expression`
--

DROP TABLE IF EXISTS `sys_expression`;
/*!40101 SET @saved_cs_client     = @@character_set_client */;
/*!50503 SET character_set_client = utf8mb4 */;
CREATE TABLE `sys_expression` (
  `id` bigint NOT NULL AUTO_INCREMENT COMMENT 'ф╕╗щФо',
  `name` varchar(50) DEFAULT NULL COMMENT 'шбиш╛╛х╝ПхРНчз░',
  `expression` varchar(255) DEFAULT NULL COMMENT 'шбиш╛╛х╝ПхЖЕхо╣',
  `data_type` varchar(255) DEFAULT NULL COMMENT 'шбиш╛╛х╝Пч▒╗хЮЛ',
  `create_time` datetime DEFAULT NULL COMMENT 'хИЫх╗║цЧ╢щЧ┤',
  `update_time` datetime DEFAULT NULL COMMENT 'цЫ┤цЦ░цЧ╢щЧ┤',
  `create_by` bigint DEFAULT NULL COMMENT 'хИЫх╗║ф║║хСШ',
  `update_by` bigint DEFAULT NULL COMMENT 'цЫ┤цЦ░ф║║хСШ',
  `status` tinyint DEFAULT '0' COMMENT 'чК╢цАБ',
  `remark` varchar(255) DEFAULT NULL COMMENT 'хдЗц│и',
  PRIMARY KEY (`id`),
  KEY `idx_sys_expression_type` (`data_type`)
) ENGINE=InnoDB DEFAULT CHARSET=utf8mb4 COLLATE=utf8mb4_0900_ai_ci COMMENT='ц╡БчиЛшбиш╛╛х╝П';
/*!40101 SET character_set_client = @saved_cs_client */;

--
-- Dumping data for table `sys_expression`
--

LOCK TABLES `sys_expression` WRITE;
/*!40000 ALTER TABLE `sys_expression` DISABLE KEYS */;
/*!40000 ALTER TABLE `sys_expression` ENABLE KEYS */;
UNLOCK TABLES;

--
-- Table structure for table `act_ru_timer_job`
--

DROP TABLE IF EXISTS `act_ru_timer_job`;
/*!40101 SET @saved_cs_client     = @@character_set_client */;
/*!50503 SET character_set_client = utf8mb4 */;
CREATE TABLE `act_ru_timer_job` (
  `ID_` varchar(64) COLLATE utf8mb3_bin NOT NULL,
  `REV_` int DEFAULT NULL,
  `CATEGORY_` varchar(255) COLLATE utf8mb3_bin DEFAULT NULL,
  `TYPE_` varchar(255) COLLATE utf8mb3_bin NOT NULL,
  `LOCK_EXP_TIME_` timestamp(3) NULL DEFAULT NULL,
  `LOCK_OWNER_` varchar(255) COLLATE utf8mb3_bin DEFAULT NULL,
  `EXCLUSIVE_` tinyint(1) DEFAULT NULL,
  `EXECUTION_ID_` varchar(64) COLLATE utf8mb3_bin DEFAULT NULL,
  `PROCESS_INSTANCE_ID_` varchar(64) COLLATE utf8mb3_bin DEFAULT NULL,
  `PROC_DEF_ID_` varchar(64) COLLATE utf8mb3_bin DEFAULT NULL,
  `ELEMENT_ID_` varchar(255) COLLATE utf8mb3_bin DEFAULT NULL,
  `ELEMENT_NAME_` varchar(255) COLLATE utf8mb3_bin DEFAULT NULL,
  `SCOPE_ID_` varchar(255) COLLATE utf8mb3_bin DEFAULT NULL,
  `SUB_SCOPE_ID_` varchar(255) COLLATE utf8mb3_bin DEFAULT NULL,
  `SCOPE_TYPE_` varchar(255) COLLATE utf8mb3_bin DEFAULT NULL,
  `SCOPE_DEFINITION_ID_` varchar(255) COLLATE utf8mb3_bin DEFAULT NULL,
  `CORRELATION_ID_` varchar(255) COLLATE utf8mb3_bin DEFAULT NULL,
  `RETRIES_` int DEFAULT NULL,
  `EXCEPTION_STACK_ID_` varchar(64) COLLATE utf8mb3_bin DEFAULT NULL,
  `EXCEPTION_MSG_` varchar(4000) COLLATE utf8mb3_bin DEFAULT NULL,
  `DUEDATE_` timestamp(3) NULL DEFAULT NULL,
  `REPEAT_` varchar(255) COLLATE utf8mb3_bin DEFAULT NULL,
  `HANDLER_TYPE_` varchar(255) COLLATE utf8mb3_bin DEFAULT NULL,
  `HANDLER_CFG_` varchar(4000) COLLATE utf8mb3_bin DEFAULT NULL,
  `CUSTOM_VALUES_ID_` varchar(64) COLLATE utf8mb3_bin DEFAULT NULL,
  `CREATE_TIME_` timestamp(3) NULL DEFAULT NULL,
  `TENANT_ID_` varchar(255) COLLATE utf8mb3_bin DEFAULT '',
  PRIMARY KEY (`ID_`),
  KEY `ACT_IDX_TIMER_JOB_EXCEPTION_STACK_ID` (`EXCEPTION_STACK_ID_`),
  KEY `ACT_IDX_TIMER_JOB_CUSTOM_VALUES_ID` (`CUSTOM_VALUES_ID_`),
  KEY `ACT_IDX_TIMER_JOB_CORRELATION_ID` (`CORRELATION_ID_`),
  KEY `ACT_IDX_TIMER_JOB_DUEDATE` (`DUEDATE_`),
  KEY `ACT_IDX_TJOB_SCOPE` (`SCOPE_ID_`,`SCOPE_TYPE_`),
  KEY `ACT_IDX_TJOB_SUB_SCOPE` (`SUB_SCOPE_ID_`,`SCOPE_TYPE_`),
  KEY `ACT_IDX_TJOB_SCOPE_DEF` (`SCOPE_DEFINITION_ID_`,`SCOPE_TYPE_`),
  KEY `ACT_FK_TIMER_JOB_EXECUTION` (`EXECUTION_ID_`),
  KEY `ACT_FK_TIMER_JOB_PROCESS_INSTANCE` (`PROCESS_INSTANCE_ID_`),
  KEY `ACT_FK_TIMER_JOB_PROC_DEF` (`PROC_DEF_ID_`),
  CONSTRAINT `ACT_FK_TIMER_JOB_CUSTOM_VALUES` FOREIGN KEY (`CUSTOM_VALUES_ID_`) REFERENCES `act_ge_bytearray` (`ID_`),
  CONSTRAINT `ACT_FK_TIMER_JOB_EXCEPTION` FOREIGN KEY (`EXCEPTION_STACK_ID_`) REFERENCES `act_ge_bytearray` (`ID_`),
  CONSTRAINT `ACT_FK_TIMER_JOB_EXECUTION` FOREIGN KEY (`EXECUTION_ID_`) REFERENCES `act_ru_execution` (`ID_`),
  CONSTRAINT `ACT_FK_TIMER_JOB_PROC_DEF` FOREIGN KEY (`PROC_DEF_ID_`) REFERENCES `act_re_procdef` (`ID_`),
  CONSTRAINT `ACT_FK_TIMER_JOB_PROCESS_INSTANCE` FOREIGN KEY (`PROCESS_INSTANCE_ID_`) REFERENCES `act_ru_execution` (`ID_`)
) ENGINE=InnoDB DEFAULT CHARSET=utf8mb3 COLLATE=utf8mb3_bin;
/*!40101 SET character_set_client = @saved_cs_client */;

--
-- Dumping data for table `act_ru_timer_job`
--

LOCK TABLES `act_ru_timer_job` WRITE;
/*!40000 ALTER TABLE `act_ru_timer_job` DISABLE KEYS */;
/*!40000 ALTER TABLE `act_ru_timer_job` ENABLE KEYS */;
UNLOCK TABLES;

--
-- Table structure for table `qrtz_triggers`
--

DROP TABLE IF EXISTS `qrtz_triggers`;
/*!40101 SET @saved_cs_client     = @@character_set_client */;
/*!50503 SET character_set_client = utf8mb4 */;
CREATE TABLE `qrtz_triggers` (
  `sched_name` varchar(120) COLLATE utf8mb4_unicode_ci NOT NULL COMMENT 'ш░Гх║жхРНчз░',
  `trigger_name` varchar(200) COLLATE utf8mb4_unicode_ci NOT NULL COMMENT 'шзжхПСхЩичЪДхРНхнЧ',
  `trigger_group` varchar(200) COLLATE utf8mb4_unicode_ci NOT NULL COMMENT 'шзжхПСхЩицЙАх▒Юч╗ДчЪДхРНхнЧ',
  `job_name` varchar(200) COLLATE utf8mb4_unicode_ci NOT NULL COMMENT 'qrtz_job_detailsшбиjob_nameчЪДхдЦщФо',
  `job_group` varchar(200) COLLATE utf8mb4_unicode_ci NOT NULL COMMENT 'qrtz_job_detailsшбиjob_groupчЪДхдЦщФо',
  `description` varchar(250) COLLATE utf8mb4_unicode_ci DEFAULT NULL COMMENT 'чЫ╕хЕ│ф╗Лч╗Н',
  `next_fire_time` bigint DEFAULT NULL COMMENT 'ф╕Кф╕АцмбшзжхПСцЧ╢щЧ┤я╝ИцплчзТя╝Й',
  `prev_fire_time` bigint DEFAULT NULL COMMENT 'ф╕Лф╕АцмбшзжхПСцЧ╢щЧ┤я╝Ищ╗Шшодф╕║-1шбичд║ф╕НшзжхПСя╝Й',
  `priority` int DEFAULT NULL COMMENT 'ф╝ШхЕИч║з',
  `trigger_state` varchar(16) COLLATE utf8mb4_unicode_ci NOT NULL COMMENT 'шзжхПСхЩичК╢цАБ',
  `trigger_type` varchar(8) COLLATE utf8mb4_unicode_ci NOT NULL COMMENT 'шзжхПСхЩичЪДч▒╗хЮЛ',
  `start_time` bigint NOT NULL COMMENT 'х╝АхзЛцЧ╢щЧ┤',
  `end_time` bigint DEFAULT NULL COMMENT 'ч╗УцЭЯцЧ╢щЧ┤',
  `calendar_name` varchar(200) COLLATE utf8mb4_unicode_ci DEFAULT NULL COMMENT 'цЧечиЛшбихРНчз░',
  `misfire_instr` smallint DEFAULT NULL COMMENT 'шбехБ┐цЙзшбМчЪДчнЦчХе',
  `job_data` blob COMMENT 'хнШцФ╛цМБф╣ЕхМЦjobхп╣ш▒б',
  PRIMARY KEY (`sched_name`,`trigger_name`,`trigger_group`),
  KEY `idx_qrtz_triggers_job` (`sched_name`,`job_name`,`job_group`)
) ENGINE=InnoDB DEFAULT CHARSET=utf8mb4 COLLATE=utf8mb4_unicode_ci COMMENT='шзжхПСхЩишпжч╗Жф┐бцБпшби';
/*!40101 SET character_set_client = @saved_cs_client */;

--
-- Dumping data for table `qrtz_triggers`
--

LOCK TABLES `qrtz_triggers` WRITE;
/*!40000 ALTER TABLE `qrtz_triggers` DISABLE KEYS */;
/*!40000 ALTER TABLE `qrtz_triggers` ENABLE KEYS */;
UNLOCK TABLES;

--
-- Table structure for table `flw_ru_batch`
--

DROP TABLE IF EXISTS `flw_ru_batch`;
/*!40101 SET @saved_cs_client     = @@character_set_client */;
/*!50503 SET character_set_client = utf8mb4 */;
CREATE TABLE `flw_ru_batch` (
  `ID_` varchar(64) COLLATE utf8mb3_bin NOT NULL,
  `REV_` int DEFAULT NULL,
  `TYPE_` varchar(64) COLLATE utf8mb3_bin NOT NULL,
  `SEARCH_KEY_` varchar(255) COLLATE utf8mb3_bin DEFAULT NULL,
  `SEARCH_KEY2_` varchar(255) COLLATE utf8mb3_bin DEFAULT NULL,
  `CREATE_TIME_` datetime(3) NOT NULL,
  `COMPLETE_TIME_` datetime(3) DEFAULT NULL,
  `STATUS_` varchar(255) COLLATE utf8mb3_bin DEFAULT NULL,
  `BATCH_DOC_ID_` varchar(64) COLLATE utf8mb3_bin DEFAULT NULL,
  `TENANT_ID_` varchar(255) COLLATE utf8mb3_bin DEFAULT '',
  PRIMARY KEY (`ID_`)
) ENGINE=InnoDB DEFAULT CHARSET=utf8mb3 COLLATE=utf8mb3_bin;
/*!40101 SET character_set_client = @saved_cs_client */;

--
-- Dumping data for table `flw_ru_batch`
--

LOCK TABLES `flw_ru_batch` WRITE;
/*!40000 ALTER TABLE `flw_ru_batch` DISABLE KEYS */;
/*!40000 ALTER TABLE `flw_ru_batch` ENABLE KEYS */;
UNLOCK TABLES;

--
-- Table structure for table `act_cmmn_deployment`
--

DROP TABLE IF EXISTS `act_cmmn_deployment`;
/*!40101 SET @saved_cs_client     = @@character_set_client */;
/*!50503 SET character_set_client = utf8mb4 */;
CREATE TABLE `act_cmmn_deployment` (
  `ID_` varchar(255) COLLATE utf8mb4_unicode_ci NOT NULL,
  `NAME_` varchar(255) COLLATE utf8mb4_unicode_ci DEFAULT NULL,
  `CATEGORY_` varchar(255) COLLATE utf8mb4_unicode_ci DEFAULT NULL,
  `KEY_` varchar(255) COLLATE utf8mb4_unicode_ci DEFAULT NULL,
  `DEPLOY_TIME_` datetime(3) DEFAULT NULL,
  `PARENT_DEPLOYMENT_ID_` varchar(255) COLLATE utf8mb4_unicode_ci DEFAULT NULL,
  `TENANT_ID_` varchar(255) COLLATE utf8mb4_unicode_ci DEFAULT '',
  PRIMARY KEY (`ID_`)
) ENGINE=InnoDB DEFAULT CHARSET=utf8mb4 COLLATE=utf8mb4_unicode_ci;
/*!40101 SET character_set_client = @saved_cs_client */;

--
-- Dumping data for table `act_cmmn_deployment`
--

LOCK TABLES `act_cmmn_deployment` WRITE;
/*!40000 ALTER TABLE `act_cmmn_deployment` DISABLE KEYS */;
/*!40000 ALTER TABLE `act_cmmn_deployment` ENABLE KEYS */;
UNLOCK TABLES;

--
-- Table structure for table `act_ru_actinst`
--

DROP TABLE IF EXISTS `act_ru_actinst`;
/*!40101 SET @saved_cs_client     = @@character_set_client */;
/*!50503 SET character_set_client = utf8mb4 */;
CREATE TABLE `act_ru_actinst` (
  `ID_` varchar(64) COLLATE utf8mb3_bin NOT NULL,
  `REV_` int DEFAULT '1',
  `PROC_DEF_ID_` varchar(64) COLLATE utf8mb3_bin NOT NULL,
  `PROC_INST_ID_` varchar(64) COLLATE utf8mb3_bin NOT NULL,
  `EXECUTION_ID_` varchar(64) COLLATE utf8mb3_bin NOT NULL,
  `ACT_ID_` varchar(255) COLLATE utf8mb3_bin NOT NULL,
  `TASK_ID_` varchar(64) COLLATE utf8mb3_bin DEFAULT NULL,
  `CALL_PROC_INST_ID_` varchar(64) COLLATE utf8mb3_bin DEFAULT NULL,
  `ACT_NAME_` varchar(255) COLLATE utf8mb3_bin DEFAULT NULL,
  `ACT_TYPE_` varchar(255) COLLATE utf8mb3_bin NOT NULL,
  `ASSIGNEE_` varchar(255) COLLATE utf8mb3_bin DEFAULT NULL,
  `START_TIME_` datetime(3) NOT NULL,
  `END_TIME_` datetime(3) DEFAULT NULL,
  `DURATION_` bigint DEFAULT NULL,
  `TRANSACTION_ORDER_` int DEFAULT NULL,
  `DELETE_REASON_` varchar(4000) COLLATE utf8mb3_bin DEFAULT NULL,
  `TENANT_ID_` varchar(255) COLLATE utf8mb3_bin DEFAULT '',
  PRIMARY KEY (`ID_`),
  KEY `ACT_IDX_RU_ACTI_START` (`START_TIME_`),
  KEY `ACT_IDX_RU_ACTI_END` (`END_TIME_`),
  KEY `ACT_IDX_RU_ACTI_PROC` (`PROC_INST_ID_`),
  KEY `ACT_IDX_RU_ACTI_PROC_ACT` (`PROC_INST_ID_`,`ACT_ID_`),
  KEY `ACT_IDX_RU_ACTI_EXEC` (`EXECUTION_ID_`),
  KEY `ACT_IDX_RU_ACTI_EXEC_ACT` (`EXECUTION_ID_`,`ACT_ID_`),
  KEY `ACT_IDX_RU_ACTI_TASK` (`TASK_ID_`)
) ENGINE=InnoDB DEFAULT CHARSET=utf8mb3 COLLATE=utf8mb3_bin;
/*!40101 SET character_set_client = @saved_cs_client */;

--
-- Dumping data for table `act_ru_actinst`
--

LOCK TABLES `act_ru_actinst` WRITE;
/*!40000 ALTER TABLE `act_ru_actinst` DISABLE KEYS */;
INSERT INTO `act_ru_actinst` VALUES ('8c977e89-3063-11f1-8e5a-8c1645e938b5',1,'flow_cl1udrgp:2:892713d7-305c-11f1-82b6-8c1645e938b5','8c95d0c7-3063-11f1-8e5a-8c1645e938b5','8c977e88-3063-11f1-8e5a-8c1645e938b5','start_event',NULL,NULL,'х╝АхзЛ','startEvent',NULL,'2026-04-05 04:19:14.383','2026-04-05 04:19:14.386',3,1,NULL,''),('8c9841da-3063-11f1-8e5a-8c1645e938b5',1,'flow_cl1udrgp:2:892713d7-305c-11f1-82b6-8c1645e938b5','8c95d0c7-3063-11f1-8e5a-8c1645e938b5','8c977e88-3063-11f1-8e5a-8c1645e938b5','Flow_1dd8wjs',NULL,NULL,NULL,'sequenceFlow',NULL,'2026-04-05 04:19:14.388','2026-04-05 04:19:14.388',0,2,NULL,''),('8c9841db-3063-11f1-8e5a-8c1645e938b5',2,'flow_cl1udrgp:2:892713d7-305c-11f1-82b6-8c1645e938b5','8c95d0c7-3063-11f1-8e5a-8c1645e938b5','8c977e88-3063-11f1-8e5a-8c1645e938b5','Activity_1kbxzqu','8c9b00fc-3063-11f1-8e5a-8c1645e938b5',NULL,'хИЭхоб','userTask',NULL,'2026-04-05 04:19:14.388','2026-04-05 04:19:14.581',193,3,NULL,''),('8cb5dc06-3063-11f1-8e5a-8c1645e938b5',1,'flow_cl1udrgp:2:892713d7-305c-11f1-82b6-8c1645e938b5','8c95d0c7-3063-11f1-8e5a-8c1645e938b5','8c977e88-3063-11f1-8e5a-8c1645e938b5','Flow_1ytg1zm',NULL,NULL,NULL,'sequenceFlow',NULL,'2026-04-05 04:19:14.582','2026-04-05 04:19:14.582',0,1,NULL,''),('8cb60317-3063-11f1-8e5a-8c1645e938b5',1,'flow_cl1udrgp:2:892713d7-305c-11f1-82b6-8c1645e938b5','8c95d0c7-3063-11f1-8e5a-8c1645e938b5','8c977e88-3063-11f1-8e5a-8c1645e938b5','Activity_0v17nhy','8cb60318-3063-11f1-8e5a-8c1645e938b5',NULL,'хдНхоб','userTask',NULL,'2026-04-05 04:19:14.583',NULL,NULL,2,NULL,''),('8ce21c3b-3063-11f1-8e5a-8c1645e938b5',1,'flow_cl1udrgp:2:892713d7-305c-11f1-82b6-8c1645e938b5','8ce1f519-3063-11f1-8e5a-8c1645e938b5','8ce21c3a-3063-11f1-8e5a-8c1645e938b5','start_event',NULL,NULL,'х╝АхзЛ','startEvent',NULL,'2026-04-05 04:19:14.872','2026-04-05 04:19:14.872',0,1,NULL,''),('8ce21c3c-3063-11f1-8e5a-8c1645e938b5',1,'flow_cl1udrgp:2:892713d7-305c-11f1-82b6-8c1645e938b5','8ce1f519-3063-11f1-8e5a-8c1645e938b5','8ce21c3a-3063-11f1-8e5a-8c1645e938b5','Flow_1dd8wjs',NULL,NULL,NULL,'sequenceFlow',NULL,'2026-04-05 04:19:14.872','2026-04-05 04:19:14.872',0,2,NULL,''),('8ce21c3d-3063-11f1-8e5a-8c1645e938b5',2,'flow_cl1udrgp:2:892713d7-305c-11f1-82b6-8c1645e938b5','8ce1f519-3063-11f1-8e5a-8c1645e938b5','8ce21c3a-3063-11f1-8e5a-8c1645e938b5','Activity_1kbxzqu','8ce21c3e-3063-11f1-8e5a-8c1645e938b5',NULL,'хИЭхоб','userTask',NULL,'2026-04-05 04:19:14.872','2026-04-05 04:19:14.923',51,3,NULL,''),('8cea0b88-3063-11f1-8e5a-8c1645e938b5',1,'flow_cl1udrgp:2:892713d7-305c-11f1-82b6-8c1645e938b5','8ce1f519-3063-11f1-8e5a-8c1645e938b5','8ce21c3a-3063-11f1-8e5a-8c1645e938b5','Flow_1ytg1zm',NULL,NULL,NULL,'sequenceFlow',NULL,'2026-04-05 04:19:14.924','2026-04-05 04:19:14.924',0,1,NULL,''),('8cea59a9-3063-11f1-8e5a-8c1645e938b5',1,'flow_cl1udrgp:2:892713d7-305c-11f1-82b6-8c1645e938b5','8ce1f519-3063-11f1-8e5a-8c1645e938b5','8ce21c3a-3063-11f1-8e5a-8c1645e938b5','Activity_0v17nhy','8cea59aa-3063-11f1-8e5a-8c1645e938b5',NULL,'хдНхоб','userTask',NULL,'2026-04-05 04:19:14.926',NULL,NULL,2,NULL,'');
/*!40000 ALTER TABLE `act_ru_actinst` ENABLE KEYS */;
UNLOCK TABLES;
/*!40103 SET TIME_ZONE=@OLD_TIME_ZONE */;

/*!40101 SET SQL_MODE=@OLD_SQL_MODE */;
/*!40014 SET FOREIGN_KEY_CHECKS=@OLD_FOREIGN_KEY_CHECKS */;
/*!40014 SET UNIQUE_CHECKS=@OLD_UNIQUE_CHECKS */;
/*!40101 SET CHARACTER_SET_CLIENT=@OLD_CHARACTER_SET_CLIENT */;
/*!40101 SET CHARACTER_SET_RESULTS=@OLD_CHARACTER_SET_RESULTS */;
/*!40101 SET COLLATION_CONNECTION=@OLD_COLLATION_CONNECTION */;
/*!40111 SET SQL_NOTES=@OLD_SQL_NOTES */;

-- Dump completed on 2026-05-27  2:43:09
